date,close
2005-01-04,1.0
2005-01-05,1.000053950771907
2005-01-06,1.0001079044544998
2005-01-07,1.0001618610479355
2005-01-10,1.0003237482948701
2005-01-11,1.0003777165332477
2005-01-12,1.0004316876832533
2005-01-13,1.0004856617450442
2005-01-14,1.0005396387187773
2005-01-17,1.0007015871132017
2005-01-18,1.0007555757362752
2005-01-19,1.0008095672720765
2005-01-20,1.0008635617207629
2005-01-21,1.0009175590824912
2005-01-24,1.0010795686475018
2005-01-25,1.0011335776629706
2005-01-26,1.0011875895922677
2005-01-27,1.00124160443555
2005-01-28,1.001295622192975
2005-01-31,1.0014576929516767
2005-02-01,1.0015117223672438
2005-02-02,1.0015627955481599
2005-02-03,1.0016138713336082
2005-02-04,1.001664949723722
2005-02-16,1.002278093617336
2005-02-17,1.0023292058801885
2005-02-18,1.0023803207495665
2005-02-21,1.0025336809981826
2005-02-22,1.0025848062949918
2005-02-23,1.0026359341989912
2005-02-24,1.0026870647103139
2005-02-25,1.0027381978290926
2005-02-28,1.0028916128314949
2005-03-01,1.0029427563814277
2005-03-02,1.0029974043708216
2005-03-03,1.0030520553378557
2005-03-04,1.0031067092826924
2005-03-07,1.0032706889856402
2005-03-08,1.0033253548433096
2005-03-09,1.003380023679593
2005-03-10,1.0034346954946523
2005-03-11,1.00348937028865
2005-03-14,1.0036534125458978
2005-03-15,1.003708099257273
2005-03-16,1.003762788948398
2005-03-17,1.0038174816194356
2005-03-18,1.0038721772705481
2005-03-21,1.004036282105959
2005-03-22,1.004090989678995
2005-03-23,1.0041457002329177
2005-03-24,1.0042004137678897
2005-03-25,1.0042551302840734
2005-03-28,1.0044192977215194
2005-03-29,1.0044740261641745
2005-03-30,1.0045287575888535
2005-03-31,1.004583491995719
2005-04-01,1.0046382293849334
2005-04-04,1.0047781523408268
2005-04-05,1.0048247976566669
2005-04-06,1.0048714451379457
2005-04-07,1.0049180947847638
2005-04-08,1.0049647465972216
2005-04-11,1.0051047150294388
2005-04-12,1.005151375505461
2005-04-13,1.0051980381476258
2005-04-14,1.0052447029560336
2005-04-15,1.005291369930785
2005-04-18,1.0054313838541065
2005-04-19,1.005478059495238
2005-04-20,1.005524737303216
2005-04-21,1.0055714172781411
2005-04-22,1.005618099420114
2005-04-25,1.0057581588493247
2005-04-26,1.0058048496604943
2005-04-27,1.0058515426392147
2005-04-28,1.0058982377855865
2005-04-29,1.0059449350997103
2005-05-09,1.0064120274894492
2005-05-10,1.006439991224013
2005-05-11,1.0064679557355651
2005-05-12,1.0064959210241273
2005-05-13,1.006523887089721
2005-05-16,1.0066077899489076
2005-05-17,1.0066357591228434
2005-05-18,1.0066637290739189
2005-05-19,1.0066916998021553
2005-05-20,1.0067196713075746
2005-05-23,1.0068035904871446
2005-05-24,1.0068315651015105
2005-05-25,1.006859540493167
2005-05-26,1.006887516662136
2005-05-27,1.0069154936084388
2005-05-30,1.0069994291115667
2005-05-31,1.007027409167421
2005-06-01,1.007055390000717
2005-06-02,1.0070828256655544
2005-06-03,1.0071102620778338
2005-06-06,1.007192575799529
2005-06-07,1.007220015201781
2005-06-08,1.007247455351577
2005-06-09,1.0072748962489373
2005-06-10,1.0073023378938823
2005-06-13,1.0073846673144298
2005-06-14,1.0074121119499175
2005-06-15,1.0074395573330919
2005-06-16,1.0074670034639732
2005-06-17,1.007494450342582
2005-06-20,1.007576795464976
2005-06-21,1.0076042453346978
2005-06-22,1.0076316959522489
2005-06-23,1.0076591473176495
2005-06-24,1.00768659943092
2005-06-27,1.007768960258155
2005-06-28,1.0077964153631092
2005-06-29,1.007823871216035
2005-06-30,1.0078513278169532
2005-07-01,1.007878785165884
2005-07-04,1.0079644399133303
2005-07-05,1.0079929931134226
2005-07-06,1.0080215471223581
2005-07-07,1.0080501019401598
2005-07-08,1.0080786575668506
2005-07-11,1.0081643293004865
2005-07-12,1.0081928881629627
2005-07-13,1.0082214478344427
2005-07-14,1.008250008314949
2005-07-15,1.008278569604505
2005-07-18,1.0083642583276988
2005-07-19,1.0083928228536818
2005-07-20,1.008421388188829
2005-07-21,1.0084499543331633
2005-07-22,1.0084785212867073
2005-07-25,1.0085642270028286
2005-07-26,1.0085927971934416
2005-07-27,1.0086213681933793
2005-07-28,1.0086499400026645
2005-07-29,1.00867851262132
2005-08-01,1.0087642353337383
2005-08-02,1.0087914440767596
2005-08-03,1.0088186535536647
2005-08-04,1.0088458637644735
2005-08-05,1.0088730747092056
2005-08-08,1.0089547119471396
2005-08-09,1.008981925827763
2005-08-10,1.0090091404424089
2005-08-11,1.0090363557910969
2005-08-12,1.0090635718738468
2005-08-15,1.0091452245266657
2005-08-16,1.0091724435458613
2005-08-17,1.009199663299218
2005-08-18,1.0092268837867553
2005-08-19,1.009254105008493
2005-08-22,1.0093357730791075
2005-08-23,1.0093629972378455
2005-08-24,1.009390222130883
2005-08-25,1.00941744775824
2005-08-26,1.0094446741199363
2005-08-29,1.0095263576112576
2005-08-30,1.0095535869105086
2005-08-31,1.0095808169441978
2005-09-01,1.009608047712345
2005-09-02,1.009636100250161
2005-09-05,1.0097202625404311
2005-09-06,1.0097483181962004
2005-09-07,1.0097763746315123
2005-09-08,1.0098044318463881
2005-09-09,1.0098324898408497
2005-09-12,1.0099166685019665
2005-09-13,1.009944729614988
2005-09-14,1.0099727915077035
2005-09-15,1.0100008541801349
2005-09-16,1.0100289176323036
2005-09-19,1.0101131126674514
2005-09-20,1.0101411792387864
2005-09-21,1.0101692465899672
2005-09-22,1.0101973147210155
2005-09-23,1.0102253836319528
2005-09-26,1.0103095950443166
2005-09-27,1.010337667075027
2005-09-28,1.0103657398857349
2005-09-29,1.0103938134764618
2005-09-30,1.0104218878472297
2005-10-10,1.0107026744619216
2005-10-11,1.0107392364181225
2005-10-12,1.0107757996969442
2005-10-13,1.010812364298435
2005-10-14,1.0108489302226424
2005-10-17,1.0109586359320437
2005-10-18,1.0109952071475967
2005-10-19,1.0110317796861057
2005-10-20,1.0110683535476186
2005-10-21,1.0111049287321832
2005-10-24,1.0112146622246658
2005-10-25,1.011251242701916
2005-10-26,1.0112878245024572
2005-10-27,1.0113244076263375
2005-10-28,1.0113609920736044
2005-10-31,1.0114707533562046
2005-11-01,1.0115073430974975
2005-11-02,1.0115357225474346
2005-11-03,1.0115641027936024
2005-11-04,1.0115924838360233
2005-11-07,1.0116776317410276
2005-11-08,1.0117060159686841
2005-11-09,1.0117344009927054
2005-11-10,1.0117627868131136
2005-11-11,1.0117911734299312
2005-11-14,1.011876338059064
2005-11-15,1.0119047278617428
2005-11-16,1.0119331184609426
2005-11-17,1.0119615098566859
2005-11-18,1.011989902048995
2005-11-21,1.0120750834055412
2005-11-22,1.0121034787843373
2005-11-23,1.012131874959811
2005-11-24,1.0121602719319844
2005-11-25,1.0121886697008804
2005-11-28,1.0122738677881253
2005-11-29,1.0123022687441339
2005-11-30,1.0123306704969766
2005-12-01,1.0123590730466756
2005-12-02,1.012394053159804
2005-12-05,1.0124990007513777
2005-12-06,1.0125339856994378
2005-12-07,1.012568971856335
2005-12-08,1.0126039592221114
2005-12-09,1.0126389477968087
2005-12-12,1.0127439207748437
2005-12-13,1.0127789141856423
2005-12-14,1.0128139088055705
2005-12-15,1.0128489046346703
2005-12-16,1.0128839016729834
2005-12-19,1.0129889000436205
2005-12-20,1.0130239019192047
2005-12-21,1.0130589050042111
2005-12-22,1.0130939092986815
2005-12-23,1.0131289148026577
2005-12-26,1.0132339385720392
2005-12-27,1.0132689489144566
2005-12-28,1.0133039604665888
2005-12-29,1.0133389732284774
2005-12-30,1.0133739872001646
2006-01-04,1.0135490752070393
2006-01-05,1.0135840964383946
2006-01-06,1.0136191188798411
2006-01-09,1.0137241934651446
2006-01-10,1.0137592207473733
2006-01-11,1.0137942492399021
2006-01-12,1.0138292789427727
2006-01-13,1.0138643098560272
2006-01-16,1.0139694098585113
2006-01-17,1.014004445613719
2006-01-18,1.0140394825795196
2006-01-19,1.014074520755955
2006-01-20,1.0141095601430667
2006-01-23,1.0142146855688796
2006-01-24,1.014249729799116
2006-01-25,1.014284775240238
2006-02-06,1.0147054149980184
2006-02-07,1.0147407505133135
2006-02-08,1.014776087259112
2006-02-09,1.0148114252354572
2006-02-10,1.0148467644423915
2006-02-13,1.0149527894471588
2006-02-14,1.014988133576879
2006-02-15,1.0150234789374024
2006-02-16,1.0150588255287725
2006-02-17,1.0150941733510317
2006-02-20,1.0152002242035738
2006-02-21,1.015235576949819
2006-02-22,1.0152709309271677
2006-02-23,1.0153062861356628
2006-02-24,1.0153416425753472
2006-02-27,1.0154477192819658
2006-02-28,1.0154830806468365
2006-03-01,1.015518443243111
2006-03-02,1.0155568253230827
2006-03-03,1.0155952088537263
2006-03-06,1.0157103681502369
2006-03-07,1.0157487574841164
2006-03-08,1.015787148268942
2006-03-09,1.0158255405047685
2006-03-10,1.0158639341916507
2006-03-13,1.0159791239591802
2006-03-14,1.0160175234508337
2006-03-15,1.0160559243938174
2006-03-16,1.016094326788186
2006-03-17,1.016132730633994
2006-03-20,1.016247950880605
2006-03-21,1.0162863605327206
2006-03-22,1.01632477163655
2006-03-23,1.0163631841921483
2006-03-24,1.0164015981995704
2006-03-27,1.0165168489333278
2006-03-28,1.0165552687485937
2006-03-29,1.0165936900159576
2006-03-30,1.0166321127354745
2006-03-31,1.0166705369071993
2006-04-03,1.01678581813617
2006-04-04,1.016833841925603
2006-04-05,1.0168818679832468
2006-04-06,1.0169298963092082
2006-04-07,1.0169779269035946
2006-04-10,1.0171220322983736
2006-04-11,1.0171700719675307
2006-04-12,1.0172181139056484
2006-04-13,1.017266158112834
2006-04-14,1.0173142045891943
2006-04-17,1.0174583576343965
2006-04-18,1.0175064131885285
2006-04-19,1.0175544710123714
2006-04-20,1.0176025311060324
2006-04-21,1.0176505934696185
2006-04-24,1.0177947941810004
2006-04-25,1.0178428656253597
2006-04-26,1.0178909393401805
2006-04-27,1.0179390153255699
2006-04-28,1.017987093581635
2006-05-08,1.018468001053054
2006-05-09,1.0185169264459175
2006-05-10,1.01856585418907
2006-05-11,1.0186147842826243
2006-05-12,1.0186637167266934
2006-05-15,1.018810528163118
2006-05-16,1.018859470010375
2006-05-17,1.0189084142087117
2006-05-18,1.0189573607582405
2006-05-19,1.0190063096590747
2006-05-22,1.0191531704705379
2006-05-23,1.0192021287777226
2006-05-24,1.0192510894367774
2006-05-25,1.0193000524478153
2006-05-26,1.0193490178109492
2006-05-29,1.019495928014057
2006-05-30,1.019544902786705
2006-05-31,1.0195938799120141
2006-06-01,1.0196428593900972
2006-06-02,1.0196984173287842
2006-06-05,1.0198651093088322
2006-06-06,1.0199206793573938
2006-06-07,1.0199762524338367
2006-06-08,1.0200318285383256
2006-06-09,1.0200874076710256
2006-06-12,1.020254163240042
2006-06-13,1.0203097544872364
2006-06-14,1.020365348763467
2006-06-15,1.0204209460688987
2006-06-16,1.0204765464036967
2006-06-19,1.020643365585939
2006-06-20,1.0206989780398528
2006-06-21,1.0207545935239584
2006-06-22,1.0208102120384206
2006-06-23,1.0208658335834049
2006-06-26,1.02103271640314
2006-06-27,1.0210883500718633
2006-06-28,1.021143986771934
2006-06-29,1.0211996265035177
2006-06-30,1.0212552692667791
2006-07-03,1.0214222157482835
2006-07-04,1.0214945447633823
2006-07-05,1.0215668789002479
2006-07-06,1.021639218159243
2006-07-07,1.0217115625407305
2006-07-10,1.0219286264237735
2006-07-11,1.0220009912988572
2006-07-12,1.0220733612982473
2006-07-13,1.0221457364223063
2006-07-14,1.0222181166713973
2006-07-17,1.0224352881724907
2006-07-18,1.0225076889253386
2006-07-19,1.0225800948050332
2006-07-20,1.0226525058119376
2006-07-21,1.0227249219464147
2006-07-24,1.0229422011189147
2006-07-25,1.0230146377673144
2006-07-26,1.0230870795451028
2006-07-27,1.023159526452643
2006-07-28,1.0232319784902981
2006-07-31,1.023449365387587
2006-08-01,1.0235218379493352
2006-08-02,1.023586932373835
2006-08-03,1.0236520309382406
2006-08-04,1.0237171336428155
2006-08-07,1.0239124666001886
2006-08-08,1.0239775858680735
2006-08-09,1.0240427092774445
2006-08-10,1.0241078368285645
2006-08-11,1.0241729685216974
2006-08-14,1.0243683884558066
2006-08-15,1.0244335367196247
2006-08-16,1.0244986891267729
2006-08-17,1.0245638456775146
2006-08-18,1.0246290063721133
2006-08-21,1.0248245133216871
2006-08-22,1.0248896905943496
2006-08-23,1.024954872012187
2006-08-24,1.0250200575754629
2006-08-25,1.025085247284441
2006-08-28,1.025280841288225
2006-08-29,1.0253460475826488
2006-08-30,1.025411258024093
2006-08-31,1.0254764726128218
2006-09-01,1.0255416913490987
2006-09-04,1.025726664520834
2006-09-05,1.0257883296584327
2006-09-06,1.0258499985032463
2006-09-07,1.0259116710554979
2006-09-08,1.02597334731541
2006-09-11,1.0261583983433396
2006-09-12,1.0262200894361235
2006-09-13,1.0262817842376828
2006-09-14,1.0263434827482403
2006-09-15,1.0264051849680191
2006-09-18,1.026590313884913
2006-09-19,1.026652030943807
2006-09-20,1.0267137517130371
2006-09-21,1.0267754761928267
2006-09-22,1.0268372043833989
2006-09-25,1.0270224112220412
2006-09-26,1.0270841542579743
2006-09-27,1.0271459010058055
2006-09-28,1.0272076514657578
2006-09-29,1.0272694056380545
2006-10-09,1.0278871515890686
2006-10-10,1.027948395897107
2006-10-11,1.0280096438542476
2006-10-12,1.0280708954607078
2006-10-13,1.0281321507167052
2006-10-16,1.0283159383840945
2006-10-17,1.0283772082404148
2006-10-18,1.0284384817473593
2006-10-19,1.0284997589051459
2006-10-20,1.028561039713992
2006-10-23,1.0287449040490628
2006-10-24,1.0288061994643223
2006-10-25,1.028867498531729
2006-10-26,1.0289288012515008
2006-10-27,1.028990107623855
2006-10-30,1.0291740486585896
2006-10-31,1.0292353696434504
2006-11-01,1.0292966942819821
2006-11-02,1.0293657333783872
2006-11-03,1.029434777105524
2006-11-06,1.0296419360744307
2006-11-07,1.0297109983276005
2006-11-08,1.0297800652130553
2006-11-09,1.0298491367311058
2006-11-10,1.0299182128820625
2006-11-13,1.0301254691354786
2006-11-14,1.0301945638211685
2006-11-15,1.0302636631413187
2006-11-16,1.0303327670962399
2006-11-17,1.0304018756862432
2006-11-20,1.0306092292698545
2006-11-21,1.030678356403295
2006-11-22,1.0307474881733723
2006-11-23,1.0308166245803971
2006-11-24,1.0308857656246808
2006-11-27,1.0310932165841948
2006-11-28,1.031162376180624
2006-11-29,1.0312315404158672
2006-11-30,1.0313007092902358
2006-12-01,1.0313698828040407
2006-12-04,1.031565848077899
2006-12-05,1.0316311781098029
2006-12-06,1.0316965122791188
2006-12-07,1.031761850586109
2006-12-08,1.0318271930310354
2006-12-11,1.0320232451960523
2006-12-12,1.0320886041953443
2006-12-13,1.0321539673338829
2006-12-14,1.0322193346119304
2006-12-15,1.0322847060297489
2006-12-18,1.0324808451244518
2006-12-19,1.032546233103976
2006-12-20,1.0326116252245823
2006-12-21,1.0326770214865328
2006-12-22,1.03274242189009
2006-12-25,1.0329386479530236
2006-12-26,1.03300406492563
2006-12-27,1.0330694860411547
2006-12-28,1.0331349112998598
2006-12-29,1.0332003407020078
2007-01-04,1.0335930041418941
2007-01-05,1.0336526493672997
2007-01-08,1.0338316056958803
2007-01-09,1.0338912646901905
2007-01-10,1.0339509271272236
2007-01-11,1.0340105930071781
2007-01-12,1.0340702623302527
2007-01-15,1.034249290960184
2007-01-16,1.034308974057726
2007-01-17,1.0343686605993818
2007-01-18,1.03442835058535
2007-01-19,1.0344880440158293
2007-01-22,1.034667144976322
2007-01-23,1.034726852186834
2007-01-24,1.0347865628428512
2007-01-25,1.0348462769445723
2007-01-26,1.0349059944921961
2007-01-29,1.035085167812473
2007-01-30,1.0351448991456969
2007-01-31,1.0352046339258179
2007-02-01,1.035264372153035
2007-02-02,1.035329382397301
2007-02-05,1.035524437625343
2007-02-06,1.0355894642006258
2007-02-07,1.0356544948593038
2007-02-08,1.0357195296016335
2007-02-09,1.0357845684278713
2007-02-12,1.0359797094125973
2007-02-13,1.0360447645770319
2007-02-14,1.0361098238266568
2007-02-15,1.0361748871617287
2007-02-16,1.036239954582504
2007-02-26,1.036890853560406
2007-02-27,1.0369559659408571
2007-02-28,1.0370210824100916
2007-03-01,1.0370862029683663
2007-03-02,1.0371460497746945
2007-03-05,1.0373256109158409
2007-03-06,1.037385471537608
2007-03-07,1.0374453356137332
2007-03-08,1.0375052031444156
2007-03-09,1.037565074129855
2007-03-12,1.0377447078167066
2007-03-13,1.0378045926231665
2007-03-14,1.0378644808853799
2007-03-15,1.0379243726035463
2007-03-16,1.0379842677778652
2007-03-19,1.0381639740397315
2007-03-20,1.038223883040655
2007-03-21,1.0382837954987283
2007-03-22,1.038343711414151
2007-03-23,1.0384036307871223
2007-03-26,1.0385834096533246
2007-03-27,1.0386433428584867
2007-03-28,1.0387032795221953
2007-03-29,1.0387632196446501
2007-03-30,1.0388231632260507
2007-04-02,1.0390030147259226
2007-04-03,1.0390984059014334
2007-04-04,1.0391938058348364
2007-04-05,1.0392892145269357
2007-04-06,1.0393846319785351
2007-04-09,1.0396709368983783
2007-04-10,1.0397663893960223
2007-04-11,1.0398618506571884
2007-04-12,1.039957320682681
2007-04-13,1.0400527994733053
2007-04-16,1.040339288444014
2007-04-17,1.0404348023032117
2007-04-18,1.0405303249315654
2007-04-19,1.04062585632988
2007-04-20,1.0407213964989606
2007-04-23,1.0410080696388517
2007-04-24,1.0411036448990498
2007-04-25,1.041199228934041
2007-04-26,1.041294821744631
2007-04-27,1.0413904233316251
2007-04-30,1.0416772807590915
2007-05-08,1.0424426202617487
2007-05-09,1.0425292038833402
2007-05-10,1.0426157946964294
2007-05-11,1.0427023927016132
2007-05-14,1.0429622298757077
2007-05-15,1.0430488566552452
2007-05-16,1.0431354906298647
2007-05-17,1.043222131800164
2007-05-18,1.043308780166741
2007-05-21,1.0435687684501131
2007-05-22,1.0436554456077773
2007-05-23,1.043742129964708
2007-05-24,1.043828821521503
2007-05-25,1.0439155202787607
2007-05-28,1.0441756597592886
2007-05-29,1.044262387324377
2007-05-30,1.0443491220929186
2007-05-31,1.0444358640655118
2007-06-01,1.044522613242755
2007-06-04,1.0447461956304083
2007-06-05,1.0448207337276327
2007-06-06,1.0448952771428264
2007-06-07,1.0449698258763684
2007-06-08,1.0450443799286384
2007-06-11,1.0452680740016107
2007-06-12,1.0453426493325872
2007-06-13,1.0454172299841893
2007-06-14,1.0454918159567965
2007-06-15,1.0455664072507884
2007-06-18,1.0457902130648697
2007-06-19,1.0458648256481975
2007-06-20,1.0459394435548086
2007-06-21,1.0460140667850828
2007-06-22,1.0460886953394
2007-06-25,1.046312612950408
2007-06-26,1.0463872628046955
2007-06-27,1.0464619179849255
2007-06-28,1.046536578491478
2007-06-29,1.0466112443247328
2007-07-02,1.0468352737885127
2007-07-03,1.046909960932378
2007-07-04,1.0469846534048461
2007-07-05,1.0470593512062973
2007-07-06,1.0471340543371117
2007-07-09,1.0473581957095373
2007-07-10,1.0474329201616073
2007-07-11,1.047507649944942
2007-07-12,1.0475823850599217
2007-07-13,1.047657125506927
2007-07-16,1.0478813788438992
2007-07-17,1.0479561406228104
2007-07-18,1.0480309077356493
2007-07-19,1.0481056801827966
2007-07-20,1.0481804579646328
2007-07-23,1.048404823322081
2007-07-24,1.0484796224464792
2007-07-25,1.0485544269074696
2007-07-26,1.0486292367054328
2007-07-27,1.04870405184075
2007-07-30,1.0489285292746318
2007-07-31,1.0490033657631719
2007-08-01,1.04907820759097
2007-08-02,1.049154733429419
2007-08-03,1.0492312648501056
2007-08-06,1.0494608926096642
2007-08-07,1.0495374463633742
2007-08-08,1.0496140057013583
2007-08-09,1.0496905706240238
2007-08-10,1.049767141131778
2007-08-13,1.049996886169647
2007-08-14,1.0500734790218305
2007-08-15,1.05015007746114
2007-08-16,1.0502266814879835
2007-08-17,1.050303291102768
2007-08-20,1.0505331534788453
2007-08-21,1.0506097854494714
2007-08-22,1.050686423010077
2007-08-23,1.05076306616107
2007-08-24,1.0508397149028583
2007-08-27,1.0510696946770721
2007-08-28,1.0511463657861195
2007-08-29,1.0512230424880016
2007-08-30,1.0512997247831262
2007-08-31,1.0513764126719014
2007-09-03,1.051606509904211
2007-09-04,1.0516955302194912
2007-09-05,1.0517845580704956
2007-09-06,1.051873593457862
2007-09-07,1.0519626363822283
2007-09-10,1.0522298103837078
2007-09-11,1.0523188834624548
2007-09-12,1.0524079640813926
2007-09-13,1.0524970522411592
2007-09-14,1.052586147942393
2007-09-17,1.0528534803012826
2007-09-18,1.05294260617477
2007-09-19,1.0530317395929172
2007-09-20,1.053120880556363
2007-09-21,1.053210029065746
2007-09-24,1.0534775198759059
2007-09-25,1.053566698575426
2007-09-26,1.0536558848240776
2007-09-27,1.0537450786224998
2007-09-28,1.0538342799713318
2007-10-08,1.0547267088728298
2007-10-09,1.0548227056916093
2007-10-10,1.0549187112476182
2007-10-11,1.0550147255416515
2007-10-12,1.0551107485745048
2007-10-15,1.0553988701139387
2007-10-16,1.0554949281100263
2007-10-17,1.0555909948489113
2007-10-18,1.0556870703313894
2007-10-19,1.0557831545582568
2007-10-22,1.0560714597131522
2007-10-23,1.0561675789255351
2007-10-24,1.0562637068862872
2007-10-25,1.0563598435962047
2007-10-26,1.056455989056084
2007-10-29,1.0567444779434565
2007-10-30,1.0568406584111472
2007-10-31,1.0569368476327823
2007-11-01,1.0570330456091583
2007-11-02,1.0571609946134852
2007-11-05,1.0575449345598078
2007-11-06,1.0576729455259455
2007-11-07,1.057800971987224
2007-11-08,1.0579290139455184
2007-11-09,1.058057071402705
2007-11-12,1.0584413367863794
2007-11-13,1.0585694562578973
2007-11-14,1.05869759123769
2007-11-15,1.0588257417276343
2007-11-16,1.058953907729608
2007-11-19,1.059338498826483
2007-11-20,1.0594667268953528
2007-11-21,1.0595949704856427
2007-11-22,1.0597232295992312
2007-11-23,1.0598515042379972
2007-11-26,1.0602364213241557
2007-11-27,1.0603647580824276
2007-11-28,1.0604931103752757
2007-11-29,1.0606214782045804
2007-11-30,1.0607498615722224
2007-12-03,1.0611351049239814
2007-12-04,1.0612504551469675
2007-12-05,1.0613658179090484
2007-12-06,1.0614811932115875
2007-12-07,1.061596581055948
2007-12-10,1.0619428198535912
2007-12-11,1.0620582578788718
2007-12-12,1.062173708452792
2007-12-13,1.062289171576716
2007-12-14,1.0624046472520077
2007-12-17,1.0627511495997348
2007-12-18,1.0628666754941436
2007-12-19,1.0629822139467437
2007-12-20,1.0630977649589004
2007-12-21,1.0632133285319787
2007-12-24,1.063560094630399
2007-12-25,1.06367570846082
2007-12-26,1.0637913348589914
2007-12-27,1.0639069738262794
2007-12-28,1.0640226253640503
2008-01-02,1.0646010716579795
2008-01-03,1.0647089435395982
2008-01-04,1.0648168263514548
2008-01-07,1.0651405403795267
2008-01-08,1.0652484669234106
2008-01-09,1.065356404403071
2008-01-10,1.065464352819616
2008-01-11,1.0655723121741536
2008-01-14,1.0658962558768068
2008-01-15,1.0660042589943997
2008-01-16,1.066112273055528
2008-01-17,1.0662202980613005
2008-01-18,1.0663283340128262
2008-01-21,1.0666525075530147
2008-01-22,1.0667605872986454
2008-01-23,1.066868677995576
2008-01-24,1.066976779644916
2008-01-25,1.0670848922477756
2008-01-28,1.0674092957885684
2008-01-29,1.0675174522166047
2008-01-30,1.0676256196037106
2008-01-31,1.0677337979509969
2008-02-01,1.0678419872595737
2008-02-04,1.0681657754363614
2008-02-05,1.0682737266445277
2008-02-13,1.069137729154894
2008-02-14,1.069245778590864
2008-02-15,1.0693538389465502
2008-02-18,1.0696780855429422
2008-02-19,1.0697861895885301
2008-02-20,1.0698943045593532
2008-02-21,1.0700024304565157
2008-02-22,1.0701105672811217
2008-02-25,1.070435043330645
2008-02-26,1.0705432238760701
2008-02-27,1.0706514153544615
2008-02-28,1.0707596177669243
2008-02-29,1.0708678311145634
2008-03-03,1.0711925367795907
2008-03-04,1.0713044664680262
2008-03-05,1.0714164078520765
2008-03-06,1.0715283609329633
2008-03-07,1.0716403257119091
2008-03-10,1.0719762902493246
2008-03-11,1.072088301832731
2008-03-12,1.0722003251203094
2008-03-13,1.0723123601132827
2008-03-14,1.0724244068128739
2008-03-17,1.0727606171635888
2008-03-18,1.0728727107018858
2008-03-19,1.0729848159529183
2008-03-20,1.07309693291791
2008-03-21,1.0732090615980852
2008-03-24,1.0735455179419526
2008-03-25,1.0736576934951036
2008-03-26,1.07376988076956
2008-03-27,1.0738820797665463
2008-03-28,1.0739942904872875
2008-03-31,1.0743309930042917
2008-04-01,1.074443250632304
2008-04-02,1.0745589162823348
2008-04-03,1.0746745943839702
2008-04-07,1.0751374313333697
2008-04-08,1.075253171713138
2008-04-09,1.0753689245525555
2008-04-10,1.075484689852964
2008-04-11,1.0756004676157045
2008-04-14,1.0759478756913363
2008-04-15,1.076063703316823
2008-04-16,1.0761795434113515
2008-04-17,1.0762953959762638
2008-04-18,1.0764112610129024
2008-04-21,1.0767589309666037
2008-04-22,1.0768748459035753
2008-04-23,1.0769907733189878
2008-04-24,1.0771067132141845
2008-04-25,1.0772226655905088
2008-04-28,1.0775705976196845
2008-04-29,1.0776865999339569
2008-04-30,1.0778026147360764
2008-05-05,1.0783828761114387
2008-05-06,1.0784952728843504
2008-05-07,1.0786076813720573
2008-05-08,1.0787201015757804
2008-05-09,1.0788325334967408
2008-05-12,1.0791698995752594
2008-05-13,1.079282378377383
2008-05-14,1.0793948689028516
2008-05-15,1.079507371152887
2008-05-16,1.0796198851287113
2008-05-19,1.0799574974231385
2008-05-20,1.0800700583143406
2008-05-21,1.0801826309374434
2008-05-22,1.0802952152936698
2008-05-23,1.0804078113842428
2008-05-26,1.0807456700742715
2008-05-27,1.080858313114462
2008-05-28,1.0809709678951156
2008-05-29,1.0810836344174557
2008-05-30,1.0811963126827062
2008-06-02,1.0815344179481605
2008-06-03,1.0816420072522053
2008-06-04,1.0817496072590609
2008-06-05,1.081857217969792
2008-06-06,1.0819648393854637
2008-06-10,1.0823954321188543
2008-06-11,1.0825031070752036
2008-06-12,1.0826107927428845
2008-06-13,1.0827184891229624
2008-06-16,1.083041642548235
2008-06-17,1.0831493817885585
2008-06-18,1.0832571317466082
2008-06-19,1.0833648924234505
2008-06-20,1.0834726638201515
2008-06-23,1.0837960423400717
2008-06-24,1.0839038566268726
2008-06-25,1.0840116816388654
2008-06-26,1.084119517377117
2008-06-27,1.0842273638426945
2008-06-30,1.0845509676140532
2008-07-01,1.084658856999606
2008-07-02,1.0847744799544639
2008-07-03,1.0848901152345496
2008-07-04,1.0850057628411771
2008-07-07,1.085352779633451
2008-07-08,1.0854684765593872
2008-07-09,1.0855841858184365
2008-07-10,1.0856999074119138
2008-07-11,1.0858156413411337
2008-07-14,1.0861629171563998
2008-07-15,1.0862787004417416
2008-07-16,1.0863944960694023
2008-07-17,1.0865103040406978
2008-07-18,1.0866261243569437
2008-07-21,1.086973659388544
2008-07-22,1.0870895290977525
2008-07-23,1.0872054111584926
2008-07-24,1.087321305572081
2008-07-25,1.0874372123398344
2008-07-28,1.087785006781255
2008-07-29,1.0879009629788394
2008-07-30,1.088016931537175
2008-07-31,1.0881329124575794
2008-08-01,1.0882489057413702
2008-08-04,1.088563357197382
2008-08-05,1.0886681945394914
2008-08-06,1.0887730419782735
2008-08-07,1.0888778995147013
2008-08-08,1.088982767149747
2008-08-11,1.0892974306563175
2008-08-12,1.0894023386955614
2008-08-13,1.089507256838287
2008-08-14,1.0896121850854676
2008-08-15,1.089717123438076
2008-08-18,1.0900319991382015
2008-08-19,1.090136977922255
2008-08-20,1.0902419668166035
2008-08-21,1.0903469658222207
2008-08-22,1.0904519749400803
2008-08-25,1.0907670629768538
2008-08-26,1.0908721125534233
2008-08-27,1.0909771722471058
2008-08-28,1.0910822420588755
2008-08-29,1.091187321989707
2008-09-01,1.0915026225063178
2008-09-02,1.0916094736767037
2008-09-03,1.0917163353071402
2008-09-04,1.0918232073986514
2008-09-05,1.091930089952261
2008-09-08,1.0922508003959237
2008-09-09,1.0923577248081706
2008-09-10,1.092464659687638
2008-09-11,1.0925716050353504
2008-09-12,1.0926785608523328
2008-09-16,1.09310648883346
2008-09-17,1.0932134970121672
2008-09-18,1.0933205156662948
2008-09-19,1.0934275447968687
2008-09-22,1.0937486950575233
2008-09-23,1.0938557661041386
2008-09-24,1.0939628476323289
2008-09-25,1.0940699396431204
2008-09-26,1.0941770421375392
2008-10-06,1.0952486439070583
2008-10-07,1.0953590431246254
2008-10-08,1.0954694534702476
2008-10-09,1.0955798749450465
2008-10-10,1.095690307550144
2008-10-13,1.096021672158448
2008-10-14,1.09613214929596
2008-10-15,1.0962426375693812
2008-10-16,1.0963531369798343
2008-10-17,1.0964636475284417
2008-10-20,1.0967952460144181
2008-10-21,1.0969058011268713
2008-10-22,1.0970163673830935
2008-10-23,1.097126944784208
2008-10-24,1.0972375333313382
2008-10-27,1.0975693658600583
2008-10-28,1.0976799990024872
2008-10-29,1.0977906432965505
2008-10-30,1.0979012987433723
2008-10-31,1.0980119653440765
2008-11-03,1.0983440320807283
2008-11-04,1.0984343833915051
2008-11-05,1.0985247421347066
2008-11-06,1.0986151083109443
2008-11-07,1.0987054819208297
2008-11-10,1.098976647358486
2008-11-11,1.0990670507090774
2008-11-12,1.0991574614963742
2008-11-13,1.0992478797209884
2008-11-14,1.0993383053835317
2008-11-17,1.0996096270048552
2008-11-18,1.0997000824252343
2008-11-19,1.0997905452866024
2008-11-20,1.0998810155895715
2008-11-21,1.0999714933347537
2008-11-24,1.1002429712297017
2008-11-25,1.1003334787498593
2008-11-26,1.1004239937152918
2008-11-27,1.1005145161266114
2008-11-28,1.1006050459844308
2008-12-01,1.1008766802430126
2008-12-02,1.100918585758911
2008-12-03,1.1009604928699674
2008-12-04,1.1010024015762427
2008-12-05,1.1010443118777975
2008-12-08,1.1011700523547454
2008-12-09,1.1012119690380253
2008-12-10,1.1012538873168882
2008-12-11,1.101295807191395
2008-12-12,1.1013377286616064
2008-12-15,1.1014635026470752
2008-12-16,1.1015054305007124
2008-12-17,1.1015473599503578
2008-12-18,1.1015892909960723
2008-12-19,1.1016312236379167
2008-12-22,1.101757031140836
2008-12-23,1.1017989701678073
2008-12-24,1.1018409107912122
2008-12-25,1.1018828530111116
2008-12-26,1.101924796827566
2008-12-29,1.102050637856868
2008-12-30,1.1020925880601509
2008-12-31,1.1021345398602929
2009-01-05,1.1023443228160164
2009-01-06,1.1023981670777137
2009-01-07,1.1024520139694463
2009-01-08,1.1025058634913427
2009-01-09,1.1025597156435314
2009-01-12,1.102721287883136
2009-01-13,1.1027751505577787
2009-01-14,1.1028290158633562
2009-01-15,1.1028828837999969
2009-01-16,1.1029367543678292
2009-01-19,1.103098381859762
2009-01-20,1.1031522629536465
2009-01-21,1.1032061466793655
2009-01-22,1.1032600330370474
2009-01-23,1.1033139220268209
2009-02-02,1.103852956717876
2009-02-03,1.1038707357206325
2009-02-04,1.1038885150097433
2009-02-05,1.103906294585213
2009-02-06,1.103924074447046
2009-02-09,1.1039774157507718
2009-02-10,1.1039951967581048
2009-02-11,1.1040129780518242
2009-02-12,1.1040307596319348
2009-02-13,1.104048541498441
2009-02-16,1.10410188881638
2009-02-17,1.1041196718285153
2009-02-18,1.1041374551270693
2009-02-19,1.1041552387120466
2009-02-20,1.1041730225834518
2009-02-23,1.1042263759162823
2009-02-24,1.104244160933446
2009-02-25,1.1042619462370606
2009-02-26,1.104279731827131
2009-02-27,1.1042975177036616
2009-03-02,1.1043508770520616
2009-03-03,1.1043740699151996
2009-03-04,1.104397263265419
2009-03-05,1.1044204571027303
2009-03-06,1.1044436514271434
2009-03-09,1.1045132373230973
2009-03-10,1.1045364335960206
2009-03-11,1.1045596303560972
2009-03-12,1.104582827603337
2009-03-13,1.1046060253377503
2009-03-16,1.1046756214641347
2009-03-17,1.1046988211473447
2009-03-18,1.1047220213177795
2009-03-19,1.1047452219754494
2009-03-20,1.1047684231203645
2009-03-23,1.1048380294786835
2009-03-24,1.1048612325726817
2009-03-25,1.1048844361539762
2009-03-26,1.1049076402225775
2009-03-27,1.1049308447784956
2009-03-30,1.1050004613702533
2009-03-31,1.1050236678755412
2009-04-01,1.105046874868197
2009-04-02,1.105065575311867
2009-04-03,1.105084276072
2009-04-07,1.1051590822772712
2009-04-08,1.1051777846198003
2009-04-09,1.1051964872788247
2009-04-10,1.1052151902543497
2009-04-13,1.1052713010799822
2009-04-14,1.105290005321563
2009-04-15,1.1053087098796714
2009-04-16,1.1053274147543126
2009-04-17,1.105346119945492
2009-04-20,1.1054022374183123
2009-04-21,1.1054209438756977
2009-04-22,1.1054396506496478
2009-04-23,1.1054583577401682
2009-04-24,1.1054770651472643
2009-04-27,1.10553318926806
2009-04-28,1.1055518979415122
2009-04-29,1.1055706069315667
2009-04-30,1.105589316238229
2009-05-04,1.1056641566310632
2009-05-05,1.1056834691819208
2009-05-06,1.1057027820701093
2009-05-07,1.1057220952956344
2009-05-08,1.1057414088585023
2009-05-11,1.1057993515712201
2009-05-12,1.1058186664835172
2009-05-13,1.1058379817331865
2009-05-14,1.1058572973202339
2009-05-15,1.1058766132446651
2009-05-18,1.1059345630423207
2009-05-19,1.1059538803163464
2009-05-20,1.1059731979277854
2009-05-21,1.1059925158766435
2009-05-22,1.1060118341629268
2009-05-25,1.1060697910463864
2009-05-26,1.106089110682429
2009-05-27,1.1061084306559266
2009-06-01,1.1062050355854385
2009-06-02,1.106226162734466
2009-06-03,1.106247290286996
2009-06-04,1.106268418243036
2009-06-05,1.106289546602594
2009-06-08,1.106352934102452
2009-06-09,1.1063740640761583
2009-06-10,1.1063951944534212
2009-06-11,1.106416325234248
2009-06-12,1.1064374564186468
2009-06-15,1.1065008523933508
2009-06-16,1.1065219851921138
2009-06-17,1.106543118394487
2009-06-18,1.1065642520004784
2009-06-19,1.1065853860100954
2009-06-22,1.1066487904607785
2009-06-23,1.1066699260849757
2009-06-24,1.1066910621128372
2009-06-25,1.1067121985443706
2009-06-26,1.1067333353795838
2009-06-29,1.1067967483073793
2009-06-30,1.1068178867573886
2009-07-01,1.106839025611116
2009-07-02,1.1068745758325789
2009-07-03,1.1069101271958683
2009-07-06,1.1070167881370625
2009-07-07,1.107052344068025
2009-07-08,1.1070879011409978
2009-07-09,1.107123459356017
2009-07-10,1.1071590187131197
2009-07-13,1.107265703637294
2009-07-14,1.1073012675630967
2009-07-15,1.1073368326311661
2009-07-16,1.1073723988415392
2009-07-17,1.1074079661942524
2009-07-20,1.1075146751067995
2009-07-21,1.1075502470292402
2009-07-22,1.1075858200942046
2009-07-23,1.1076213943017292
2009-07-24,1.1076569696518508
2009-07-27,1.1077637025581644
2009-07-28,1.107799282479041
2009-07-29,1.1078348635426982
2009-07-30,1.1078704457491726
2009-07-31,1.1079060290985008
2009-08-03,1.108012786003976
2009-08-04,1.108048973536558
2009-08-05,1.1080851622510193
2009-08-06,1.1081213521473987
2009-08-07,1.1081575432257347
2009-08-10,1.1082661235528686
2009-08-11,1.1083023193594173
2009-08-12,1.1083385163481154
2009-08-13,1.108374714519002
2009-08-14,1.1084109138721152
2009-08-17,1.1085195190252026
2009-08-18,1.1085557231076095
2009-08-19,1.1085919283724364
2009-08-20,1.1086281348197218
2009-08-21,1.1086643424495044
2009-08-24,1.1087729724342217
2009-08-25,1.1088091847943793
2009-08-26,1.108845398337227
2009-08-27,1.1088816130628039
2009-08-28,1.108917828971148
2009-08-31,1.1090264837931727
2009-09-01,1.1090627044329735
2009-09-02,1.1091013257920166
2009-09-03,1.1091399484959876
2009-09-04,1.1091785725449335
2009-09-07,1.1092944527620878
2009-09-08,1.109333082191401
2009-09-09,1.109371712965923
2009-09-10,1.109410345085701
2009-09-11,1.1094489785507813
2009-09-14,1.109564887018307
2009-09-15,1.1096035258650665
2009-09-16,1.1096421660573628
2009-09-17,1.109680807595243
2009-09-18,1.1097194504787535
2009-09-21,1.1098353872035378
2009-09-22,1.1098740354700396
2009-09-23,1.1099126850824061
2009-09-24,1.1099513360406845
2009-09-25,1.1099899883449216
2009-09-28,1.1101059533338533
2009-09-29,1.1101446110223936
2009-09-30,1.110183270057127
2009-10-09,1.1105312619561492
2009-10-12,1.1106499852734364
2009-10-13,1.1106895625329822
2009-10-14,1.110729141202837
2009-10-15,1.1107687212830508
2009-10-16,1.110808302773674
2009-10-19,1.110927055708502
2009-10-20,1.110966642841265
2009-10-21,1.1110062313846887
2009-10-22,1.1110458213388232
2009-10-23,1.111085412703719
2009-10-26,1.1112041952634764
2009-10-27,1.1112437922719196
2009-10-28,1.1112833906913755
2009-10-29,1.1113229905218942
2009-10-30,1.1113625917635261
2009-11-02,1.1114814039556034
2009-11-03,1.1115291105868121
2009-11-04,1.1115768192656688
2009-11-05,1.1116245299922614
2009-11-06,1.1116722427666776
2009-11-09,1.1118153933777484
2009-11-10,1.1118631143443387
2009-11-11,1.1119108373591924
2009-11-12,1.1119585624223973
2009-11-13,1.1120062895340412
2009-11-16,1.1121494831604875
2009-11-17,1.1121972184667672
2009-11-18,1.1122449558219258
2009-11-19,1.112292695226051
2009-11-20,1.1123404366792309
2009-11-23,1.1124836733339782
2009-11-24,1.1125314229842562
2009-11-25,1.1125791746840288
2009-11-26,1.1126269284333836
2009-11-27,1.112674684232409
2009-11-30,1.112817963928387
2009-12-01,1.1128657279269736
2009-12-02,1.1129068875887909
2009-12-03,1.1129480487729102
2009-12-04,1.1129892114793878
2009-12-07,1.1131127087335337
2009-12-08,1.1131538775300078
2009-12-09,1.1131950478491217
2009-12-10,1.1132362196909318
2009-12-11,1.1132773930554944
2009-12-14,1.1134009222862606
2009-12-15,1.1134421017423966
2009-12-16,1.1134832827215666
2009-12-17,1.1135244652238272
2009-12-18,1.1135656492492345
2009-12-21,1.1136892104649003
2009-12-22,1.113730400583458
2009-12-23,1.1137715922254443
2009-12-24,1.1138127853909154
2009-12-25,1.1138539800799279
2009-12-28,1.1139775732887753
2009-12-29,1.1140187740725158
2009-12-30,1.1140599763800794
2009-12-31,1.1141011802115222
2010-01-04,1.1142660107772133
2010-01-05,1.1143069212206458
2010-01-06,1.1143478331661112
2010-01-07,1.1143887466136648
2010-01-08,1.114429661563362
2010-01-11,1.1145524154258644
2010-01-12,1.1145933363846863
2010-01-13,1.1146342588459275
2010-01-14,1.1146751828096428
2010-01-15,1.1147161082758876
2010-01-18,1.1148388936903502
2010-01-19,1.1148798251672645
2010-01-20,1.1149207581469842
2010-01-21,1.1149616926295645
2010-01-22,1.1150026286150603
2010-01-25,1.115125445589593
2010-01-26,1.1151663875873032
2010-01-27,1.1152073310882051
2010-01-28,1.1152482760923537
2010-01-29,1.1152892225998041
2010-02-01,1.115412071142519
2010-02-02,1.1154557344576588
2010-02-03,1.115499399482019
2010-02-04,1.1155430662156667
2010-02-05,1.1155867346586685
2010-02-08,1.1157177502444682
2010-02-09,1.1157614255255561
2010-02-10,1.115805102516333
2010-02-11,1.1158487812168654
2010-02-12,1.1158924616272206
2010-02-22,1.116329359785746
2010-02-23,1.1163730590085688
2010-02-24,1.1164167599420176
2010-02-25,1.1164604625861594
2010-02-26,1.1165041669410611
2010-03-01,1.116635290270996
2010-03-02,1.116678097147582
2010-03-03,1.1167209056651952
2010-03-04,1.1167637158238983
2010-03-05,1.1168065276237542
2010-03-08,1.1169349728708682
2010-03-09,1.1169777912359646
2010-03-10,1.1170206112425285
2010-03-11,1.1170634328906228
2010-03-12,1.1171062561803102
2010-03-15,1.117234735899562
2010-03-16,1.1172775657562521
2010-03-17,1.1173203972548502
2010-03-18,1.117363230395419
2010-03-19,1.1174060651780218
2010-03-22,1.117534579378663
2010-03-23,1.1175774207300309
2010-03-24,1.1176202637237473
2010-03-25,1.1176631083598754
2010-03-26,1.117705954638478
2010-03-29,1.1178345033297628
2010-03-30,1.1178773561788933
2010-03-31,1.117920210670813
2010-04-01,1.1179630668055853
2010-04-02,1.1180004865835613
2010-04-06,1.1181501782208043
2010-04-07,1.1181876042616596
2010-04-08,1.1182250315552165
2010-04-09,1.118262460101517
2010-04-12,1.1183747532572985
2010-04-13,1.1184121868149925
2010-04-14,1.1184496216256397
2010-04-15,1.118487057689282
2010-04-16,1.1185244950059614
2010-04-19,1.1186368144746413
2010-04-20,1.1186742568038885
2010-04-21,1.1187117003863825
2010-04-22,1.1187491452221652
2010-04-23,1.1187865913112787
2010-04-26,1.1188989370990223
2010-04-27,1.1189363882018781
2010-04-28,1.1189738405582745
2010-04-29,1.1190112941682533
2010-04-30,1.1190487490318564
2010-05-04,1.1191985810233516
2010-05-05,1.1192448083180224
2010-05-06,1.1192910375220622
2010-05-07,1.1193372686355494
2010-05-10,1.119475973433485
2010-05-11,1.1195222121855513
2010-05-12,1.1195684528474596
2010-05-13,1.1196146954192887
2010-05-14,1.1196609399011177
2010-05-17,1.1197996848073912
2010-05-18,1.119845936930008
2010-05-19,1.119892190963019
2010-05-20,1.1199384469065032
2010-05-21,1.1199847047605394
2010-05-24,1.1201234897867487
2010-05-25,1.1201697552837822
2010-05-26,1.1202160226917623
2010-05-27,1.120262292010768
2010-05-28,1.1203085632408782
2010-05-31,1.1204473883986248
2010-06-01,1.1204936672739423
2010-06-02,1.1205900059785563
2010-06-03,1.120686352966257
2010-06-04,1.1207827082377562
2010-06-07,1.1210718237621689
2010-06-08,1.1211682121759858
2010-06-09,1.1212646088771634
2010-06-10,1.1213610138664138
2010-06-11,1.12145742714445
2010-06-17,1.1220360809170777
2010-06-18,1.122132552236571
2010-06-21,1.1224220159648353
2010-06-22,1.1225185204665622
2010-06-23,1.1226150332656306
2010-06-24,1.122711554362754
2010-06-25,1.1228080837586458
2010-06-28,1.1230977217460671
2010-06-29,1.1231942843441685
2010-06-30,1.1232908552446064
2010-07-01,1.1233874344480947
2010-07-02,1.1234477404645633
2010-07-05,1.1236286779388571
2010-07-06,1.1236889969058301
2010-07-07,1.1237493191108638
2010-07-08,1.123809644554132
2010-07-09,1.1238699732358084
2010-07-12,1.124050978713026
2010-07-13,1.124111320350074
2010-07-14,1.1241716652263998
2010-07-15,1.124232013342177
2010-07-16,1.1242923646975798
2010-07-19,1.1244734382032793
2010-07-20,1.1245338025189227
2010-07-21,1.124594170075061
2010-07-22,1.1246545408718684
2010-07-23,1.1247149149095188
2010-07-26,1.1248960564692678
2010-07-27,1.12495644347203
2010-07-28,1.1250168337165052
2010-07-29,1.1250772272028673
2010-07-30,1.1251376239312902
2010-08-02,1.1253188335706659
2010-08-03,1.1253780344883355
2010-08-04,1.1254372385204547
2010-08-05,1.1254964456671872
2010-08-06,1.125555655928697
2010-08-09,1.1257333054035281
2010-08-10,1.1257925281257852
2010-08-11,1.125851753963639
2010-08-12,1.1259109829172531
2010-08-13,1.1259702149867916
2010-08-16,1.1261479298925932
2010-08-17,1.1262071744274686
2010-08-18,1.1262664220790881
2010-08-19,1.1263256728476156
2010-08-20,1.1263849267332153
2010-08-23,1.1265627070940867
2010-08-24,1.1266219734496143
2010-08-25,1.1266812429230342
2010-08-26,1.12674051551451
2010-08-27,1.126799791224206
2010-08-30,1.1269776370642552
2010-08-31,1.1270369252484722
2010-09-01,1.1270962165517295
2010-09-02,1.1271591416239533
2010-09-03,1.1272220702092441
2010-09-06,1.1274108770454814
2010-09-07,1.1274738196850023
2010-09-08,1.127536765838571
2010-09-09,1.1275997155063842
2010-09-10,1.1276626686886375
2010-09-13,1.127851549324002
2010-09-14,1.127914516565979
2010-09-15,1.1279774873233772
2010-09-16,1.1280404615963933
2010-09-17,1.1281034393852234
2010-09-20,1.128292393848561
2010-09-21,1.12835538570261
2010-09-27,1.1287334106864841
2010-09-28,1.1287964271622257
2010-09-29,1.1288594471561375
2010-09-30,1.1289224706684158
2010-10-08,1.1294267854514135
2010-10-11,1.1296332186864797
2010-10-12,1.129702038149216
2010-10-13,1.1297708618045685
2010-10-14,1.1298396896527925
2010-10-15,1.1299085216941436
2010-10-18,1.130115042979513
2010-10-19,1.1301838917959266
2010-10-20,1.1302527448067448
2010-10-21,1.1303216020122229
2010-10-22,1.1303904634126163
2010-10-25,1.1305970727858454
2010-10-26,1.1306659509684567
2010-10-27,1.1307348333472613
2010-10-28,1.1308037199225152
2010-10-29,1.1308726106944738
2010-11-01,1.1310793081931347
2010-11-02,1.1311672389989997
2010-11-03,1.13125517664066
2010-11-04,1.1313431211186469
2010-11-05,1.131431072433492
2010-11-08,1.1316949674044916
2010-11-09,1.131782946072085
2010-11-10,1.1318709315791944
2010-11-11,1.1319589239263517
2010-11-12,1.1320469231140884
2010-11-15,1.132310961726094
2010-11-16,1.1323989882814673
2010-11-17,1.1324870216800795
2010-11-18,1.1325750619224628
2010-11-19,1.132663109009149
2010-11-22,1.132927291340346
2010-11-23,1.1330153658095654
2010-11-24,1.1331034471257484
2010-11-25,1.1331915352894275
2010-11-26,1.133279630301135
2010-11-29,1.1335439564297516
2010-11-30,1.1336320788388967
2010-12-01,1.1337202080987325
2010-12-02,1.1338550627086819
2010-12-03,1.1339899333594194
2010-12-06,1.1343946415754436
2010-12-07,1.134529576408417
2010-12-08,1.1346645272917208
2010-12-09,1.1347994942272648
2010-12-10,1.134934477216958
2010-12-13,1.1353395225300307
2010-12-14,1.1354745697554194
2010-12-15,1.1356096330445078
2010-12-16,1.1357447123992066
2010-12-17,1.1358798078214267
2010-12-20,1.136285190512329
2010-12-21,1.136420350223749
2010-12-22,1.1365555260122489
2010-12-23,1.1366907178797407
2010-12-24,1.1368259258281372
2010-12-27,1.137231646177884
2010-12-28,1.1373669184690294
2010-12-29,1.1375022068506457
2010-12-30,1.137637511324647
2010-12-31,1.1377728318929474
2011-01-04,1.1383142751474307
2011-01-05,1.1384508697717644
2011-01-06,1.1385874807870822
2011-01-07,1.1387241081953512
2011-01-10,1.1391340887975379
2011-01-11,1.1392707817972851
2011-01-12,1.1394074911998213
2011-01-13,1.1395442170071148
2011-01-14,1.1396809592211343
2011-01-17,1.1400912843232371
2011-01-18,1.1402280921838501
2011-01-19,1.1403649164610352
2011-01-20,1.1405017571567624
2011-01-21,1.1406386142730016
2011-01-24,1.1410492841644981
2011-01-25,1.1411862069824927
2011-01-26,1.141323146230854
2011-01-27,1.1414601019115533
2011-01-28,1.1415970740265629
2011-01-31,1.1420080889971738
2011-02-01,1.1421451268691467
2011-02-09,1.1432084461918213
2011-02-10,1.1433414306929786
2011-02-11,1.1434744306636486
2011-02-14,1.1438735234107311
2011-02-15,1.144006585277449
2011-02-16,1.1441396626226792
2011-02-17,1.1442727554482222
2011-02-18,1.1444058637558787
2011-02-21,1.1448052815895409
2011-02-22,1.1449384518436636
2011-02-23,1.1450716375889067
2011-02-24,1.1452048388270724
2011-02-25,1.1453380555599628
2011-02-28,1.1457377987450084
2011-03-01,1.1458710774748242
2011-03-02,1.145979615994485
2011-03-03,1.1460881647950671
2011-03-04,1.1461967238775443
2011-03-07,1.1465224628260857
2011-03-08,1.146631063045883
2011-03-09,1.1467396735524458
2011-03-10,1.1468482943467484
2011-03-11,1.1469569254297654
2011-03-14,1.147282880420849
2011-03-15,1.1473915526684701
2011-03-16,1.1475002352096793
2011-03-17,1.1476089280454516
2011-03-18,1.147717631176762
2011-03-21,1.1480438023536759
2011-03-22,1.1481525466768923
2011-03-23,1.1482613013005238
2011-03-24,1.1483700662255463
2011-03-25,1.1484788414529354
2011-03-28,1.148805228959062
2011-03-29,1.1489140454056772
2011-03-30,1.1490228721595392
2011-03-31,1.1491317092216244
2011-04-01,1.1492405565929091
2011-04-06,1.1497727796338204
2011-04-07,1.1498792538155906
2011-04-08,1.1499857378573537
2011-04-11,1.1503052491517318
2011-04-12,1.150411772642598
2011-04-13,1.1505183059980233
2011-04-14,1.1506248492189213
2011-04-15,1.1507314023062054
2011-04-18,1.151051120775512
2011-04-19,1.1511577133374784
2011-04-20,1.1512643157704001
2011-04-21,1.1513709280751914
2011-04-22,1.1514775502527663
2011-04-25,1.1517974760313365
2011-04-26,1.1519041377091896
2011-04-27,1.1520108092643986
2011-04-28,1.152117490697878
2011-04-29,1.1522241820105428
2011-05-03,1.1526510460713533
2011-05-04,1.1527669271305947
2011-05-05,1.1528828198398666
2011-05-06,1.1529987242003403
2011-05-09,1.153346507200686
2011-05-10,1.1534624581776816
2011-05-11,1.1535784208117366
2011-05-12,1.1536943951040233
2011-05-13,1.1538103810557137
2011-05-16,1.1541584088789292
2011-05-17,1.154274441479957
2011-05-18,1.1543904857462508
2011-05-19,1.1545065416789828
2011-05-20,1.1546226092793264
2011-05-23,1.1549708820977553
2011-05-24,1.1550869963802752
2011-05-25,1.1552031223362726
2011-05-26,1.155319259966921
2011-05-27,1.1554354092733945
2011-05-30,1.155783927259502
2011-05-31,1.155900123281014
2011-06-01,1.1560163309842209
2011-06-02,1.156183101823428
2011-06-03,1.1563498967215626
2011-06-07,1.1570173169727977
2011-06-08,1.1571842322176409
2011-06-09,1.1573511715422438
2011-06-10,1.1575181349500803
2011-06-13,1.1580191697077369
2011-06-14,1.1581862294832557
2011-06-15,1.1583533133593846
2011-06-16,1.1585204213396008
2011-06-17,1.158687553427381
2011-06-20,1.1591890943708896
2011-06-21,1.1593563229237107
2011-06-22,1.1595235756014906
2011-06-23,1.1596908524077092
2011-06-24,1.1598581533458476
2011-06-27,1.160360200986598
2011-06-28,1.1605275984872343
2011-06-29,1.160695020137202
2011-06-30,1.160862465939985
2011-07-01,1.161029935899068
2011-07-04,1.1615306804080885
2011-07-05,1.1616976432326707
2011-07-06,1.1618646300571223
2011-07-07,1.1620316408848934
2011-07-08,1.1621986757194342
2011-07-11,1.1626999242981857
2011-07-12,1.1628670551943185
2011-07-13,1.1630342101144802
2011-07-14,1.1632013890621238
2011-07-15,1.1633685920407033
2011-07-18,1.1638703451966028
2011-07-19,1.164037644333474
2011-07-20,1.1642049675185573
2011-07-21,1.1643723147553098
2011-07-22,1.1645396860471886
2011-07-25,1.1650419442881639
2011-07-26,1.165209411835131
2011-07-27,1.1653769034545185
2011-07-28,1.1655444191497863
2011-07-29,1.1657119589243956
2011-08-01,1.166214722758886
2011-08-02,1.1663610774652295
2011-08-03,1.166507450538431
2011-08-04,1.1666538419807952
2011-08-05,1.1668002517946277
2011-08-08,1.16723959148799
2011-08-09,1.167386074810753
2011-08-10,1.1675325765165145
2011-08-11,1.1676790966075818
2011-08-12,1.1678256350862621
2011-08-15,1.1682653608710574
2011-08-16,1.1684119729232678
2011-08-17,1.1685586033746318
2011-08-18,1.1687052522274586
2011-08-19,1.1688519194840572
2011-08-22,1.169292031699582
2011-08-23,1.1694387725943673
2011-08-24,1.1695855319044752
2011-08-25,1.169732309632217
2011-08-26,1.169879105779904
2011-08-29,1.1703196047657536
2011-08-30,1.1704664746163402
2011-08-31,1.1706133628984332
2011-09-01,1.1707602696143453
2011-09-02,1.1709224695042797
2011-09-05,1.1714092040158695
2011-09-06,1.171571493810707
2011-09-07,1.1717338060895555
2011-09-08,1.1718961408555302
2011-09-09,1.1720584981117463
2011-09-13,1.1727081521013492
2011-09-14,1.172870621855519
2011-09-15,1.1730331141186319
2011-09-16,1.1731956288938064
2011-09-19,1.1736833083228897
2011-09-20,1.1738459131775032
2011-09-21,1.1740085405597769
2011-09-22,1.1741711904728318
2011-09-23,1.1743338629197895
2011-09-26,1.1748220154953
2011-09-27,1.1749847781090916
2011-09-28,1.1751475632723998
2011-09-29,1.1753103709883486
2011-09-30,1.1754732012600624
2011-10-10,1.1771027452319807
2011-10-11,1.1772652109229913
2011-10-12,1.1774276990377885
2011-10-13,1.1775902095794673
2011-10-14,1.177752742551123
2011-10-17,1.1782404760769118
2011-10-18,1.1784030987994378
2011-10-19,1.1785657439674242
2011-10-20,1.178728411583969
2011-10-21,1.1788911016521701
2011-10-24,1.1793793065977045
2011-10-25,1.179542086503525
2011-10-26,1.1797048888765007
2011-10-27,1.1798677137197322
2011-10-28,1.180030561036321
2011-10-31,1.1805192378572524
2011-11-01,1.1806821750982932
2011-11-02,1.1808469787712357
2011-11-03,1.1810118054480407
2011-11-04,1.1811766551319194
2011-11-07,1.1816713422581138
2011-11-08,1.1818362840024055
2011-11-09,1.1820012487698324
2011-11-10,1.182166236563608
2011-11-11,1.1823312473869467
2011-11-14,1.1828264180664876
2011-11-15,1.1829915210402278
2011-11-16,1.183156647059608
2011-11-17,1.183321796127845
2011-11-18,1.1834869682481564
2011-11-21,1.183982622953714
2011-11-22,1.1841478873145033
2011-11-23,1.1843131747434594
2011-11-24,1.1844784852438026
2011-11-25,1.1846438188187531
2011-11-28,1.1851399580234598
2011-11-29,1.1853053839290528
2011-11-30,1.1854708329253618
2011-12-01,1.18563630501561
2011-12-02,1.1857968600467925
2011-12-05,1.1862786556031735
2011-12-06,1.1864392976193936
2011-12-07,1.1865999613892357
2011-12-08,1.1867606469156455
2011-12-09,1.1869213542015693
2011-12-12,1.1874036066458922
2011-12-13,1.1875644009993416
2011-12-14,1.187725217127042
2011-12-15,1.187886055031942
2011-12-16,1.1880469147169903
2011-12-19,1.1885296244825232
2011-12-20,1.1886905713176639
2011-12-21,1.188851539947704
2011-12-22,1.189012530375595
2011-12-23,1.1891735426042886
2011-12-26,1.1896567101247104
2011-12-27,1.189817809586141
2011-12-28,1.1899789308631392
2011-12-29,1.1901400739586594
2011-12-30,1.190301238875656
2012-01-04,1.1911073908862246
2012-01-05,1.1913066473008531
2012-01-06,1.191505937048428
2012-01-09,1.1921040063445967
2012-01-10,1.192303429479728
2012-01-11,1.1925028859756954
2012-01-12,1.1927023758380804
2012-01-13,1.1929018990724642
2012-01-16,1.1935006690634422
2012-01-17,1.1937003258416587
2012-01-18,1.193900016019797
2012-01-19,1.1940997396034445
2012-01-20,1.1942994965981897
2012-01-30,1.1962989053860986
2012-01-31,1.1964990302720115
2012-02-01,1.1966991886361544
2012-02-02,1.1968546858081157
2012-02-03,1.19701020318513
2012-02-06,1.1974768765727466
2012-02-07,1.1976324747962304
2012-02-08,1.1977880932378975
2012-02-09,1.1979437319003752
2012-02-10,1.198099390786291
2012-02-13,1.198566488810946
2012-02-14,1.1987222286168953
2012-02-15,1.198877988659425
2012-02-16,1.1990337689411645
2012-02-17,1.1991895694647439
2012-02-20,1.1996570925128245
2012-02-21,1.1998129740300685
2012-02-22,1.1999688758023066
2012-02-23,1.2001247978321707
2012-02-24,1.2002807401222932
2012-02-27,1.2007486885805383
2012-02-28,1.2009047119380234
2012-02-29,1.201060755568933
2012-03-01,1.2012168194759016
2012-03-02,1.2013527668029593
2012-03-05,1.2017607011058675
2012-03-06,1.2018967099865536
2012-03-07,1.202032734260001
2012-03-08,1.2021687739279519
2012-03-09,1.2023048289921483
2012-03-12,1.2027130865796372
2012-03-13,1.2028492032462428
2012-03-14,1.2029853353178084
2012-03-15,1.2031214827960774
2012-03-16,1.2032576456827935
2012-03-19,1.2036662268110634
2012-03-20,1.203802451349008
2012-03-21,1.203938691304121
2012-03-22,1.204074946678147
2012-03-23,1.2042112174728312
2012-03-26,1.2046201223982855
2012-03-27,1.2047564548930565
2012-03-28,1.2048928028172137
2012-03-29,1.2050291661725032
2012-03-30,1.2051655449606715
2012-04-05,1.2059841418779615
2012-04-06,1.2061095202641592
2012-04-09,1.2064857336368615
2012-04-10,1.2066111641703163
2012-04-11,1.206736607743974
2012-04-12,1.2068620643591905
2012-04-13,1.2069875340173213
2012-04-16,1.2073640212627605
2012-04-17,1.2074895431061103
2012-04-18,1.207615077999156
2012-04-19,1.207740625943254
2012-04-20,1.207866186939761
2012-04-23,1.208242948257309
2012-04-24,1.2083685614770245
2012-04-25,1.2084941877559356
2012-04-26,1.2086198270954
2012-04-27,1.2087454794967756
2012-05-02,1.2093739374798524
2012-05-03,1.2094891307914595
2012-05-04,1.2096043350752717
2012-05-07,1.209950013770391
2012-05-08,1.2100652619534762
2012-05-09,1.210180521113993
2012-05-10,1.2102957912529875
2012-05-11,1.210411072371505
2012-05-14,1.2107569816146535
2012-05-15,1.2108723066617222
2012-05-16,1.210987642693544
2012-05-17,1.2111029897111651
2012-05-18,1.211218347715632
2012-05-21,1.2115644876605725
2012-05-22,1.2116798896228884
2012-05-23,1.2117953025772836
2012-05-24,1.2119107265248052
2012-05-25,1.2120261614665002
2012-05-28,1.2123725322670975
2012-05-29,1.212488011195959
2012-05-30,1.2126035011242309
2012-05-31,1.2127190020529608
2012-06-01,1.2128345139831966
2012-06-04,1.2131483406564498
2012-06-05,1.2132529675918606
2012-06-06,1.2133576035507314
2012-06-07,1.2134622485338404
2012-06-08,1.2135669025419662
2012-06-11,1.2138809187242268
2012-06-12,1.213985608840203
2012-06-13,1.2140903079850882
2012-06-14,1.2141950161596613
2012-06-15,1.2142997333647008
2012-06-18,1.2146139391704067
2012-06-19,1.214718692505101
2012-06-20,1.2148234548741565
2012-06-21,1.2149282262783525
2012-06-25,1.2153474022621265
2012-06-26,1.2154522188537142
2012-06-27,1.215557044485119
2012-06-28,1.21566187915712
2012-06-29,1.2157667228704974
2012-07-02,1.2160813082666841
2012-07-03,1.2161784354279221
2012-07-04,1.2162755703466064
2012-07-05,1.2163727130233566
2012-07-06,1.2164698634587923
2012-07-09,1.2167613613234094
2012-07-10,1.2168585427997844
2012-07-11,1.2169557320379438
2012-07-12,1.2170529290385075
2012-07-13,1.2171501338020954
2012-07-16,1.2174417946772056
2012-07-17,1.2175390304990914
2012-07-18,1.2176362740871023
2012-07-19,1.2177335254418582
2012-07-20,1.2178307845639798
2012-07-23,1.2181226085407415
2012-07-24,1.2182198987385293
2012-07-25,1.218317196706785
2012-07-26,1.218414502446129
2012-07-27,1.2185118159571824
2012-07-30,1.2188038031268047
2012-07-31,1.2189011477309022
2012-08-01,1.218998500109813
2012-08-02,1.2191000719705385
2012-08-03,1.2192016522946403
2012-08-06,1.219506444054255
2012-08-07,1.2196080582389142
2012-08-08,1.2197096808904762
2012-08-09,1.2198113120096465
2012-08-10,1.2199129515971308
2012-08-13,1.2202179211765225
2012-08-14,1.2203195946443188
2012-08-15,1.2204212765839577
2012-08-16,1.2205229669961448
2012-08-17,1.2206246658815865
2012-08-20,1.220929813384498
2012-08-21,1.2210315461700179
2012-08-22,1.2211332874323229
2012-08-23,1.2212350371721195
2012-08-24,1.2213367953901137
2012-08-27,1.2216421209203479
2012-08-28,1.2217439130581984
2012-08-29,1.2218457136777794
2012-08-30,1.2219475227797978
2012-08-31,1.2220493403649602
2012-09-03,1.2223548440263805
2012-09-04,1.2224738588417767
2012-09-05,1.2225928852450736
2012-09-06,1.222711923237399
2012-09-07,1.2228309728198816
2012-09-10,1.2231881911195575
2012-09-11,1.2233072870739543
2012-09-12,1.223426394624152
2012-09-13,1.2235455137712792
2012-09-14,1.2236646445164652
2012-09-17,1.2240221063516683
2012-09-18,1.2241412835003829
2012-09-19,1.2242604722528034
2012-09-20,1.22437967261006
2012-09-21,1.2244988845732823
2012-09-24,1.2248565901100446
2012-09-25,1.2249758485084312
2012-09-26,1.225095118518435
2012-09-27,1.2252144001411862
2012-09-28,1.2253336933778158
2012-10-08,1.226527264756241
2012-10-09,1.2266356479561036
2012-10-10,1.2267440407333463
2012-10-11,1.2268524430888157
2012-10-12,1.226960855023358
2012-10-15,1.227286148309888
2012-10-16,1.2273945985691876
2012-10-17,1.2275030584117932
2012-10-18,1.2276115278385515
2012-10-19,1.2277200068503098
2012-10-22,1.2280455014040537
2012-10-23,1.2281540187642817
2012-10-24,1.228262545713745
2012-10-25,1.2283710822532912
2012-10-26,1.2284796283837676
2012-10-29,1.2288053243292545
2012-10-30,1.2289139088319279
2012-10-31,1.2290225029297699
2012-11-01,1.2291311066236283
2012-11-02,1.2292410231266915
2012-11-05,1.2295708316158767
2012-11-06,1.2296807874418674
2012-11-07,1.229790753100788
2012-11-08,1.2299007285935175
2012-11-09,1.2300107139209357
2012-11-12,1.2303407289201165
2012-11-13,1.2304507535950842
2012-11-14,1.2305607881091387
2012-11-15,1.2306708324631597
2012-11-16,1.2307808866580272
2012-11-19,1.2311111082965096
2012-11-20,1.2312212018635644
2012-11-21,1.2313313052758665
2012-11-22,1.2314414185342966
2012-11-23,1.2315515416397351
2012-11-26,1.231881970046907
2012-11-27,1.2319921325491856
2012-11-28,1.2321023049028763
2012-11-29,1.23221248710886
2012-11-30,1.2323226791680177
2012-12-03,1.2326533144733474
2012-12-04,1.2327684425146483
2012-12-05,1.2328835813087424
2012-12-06,1.2329987308566337
2012-12-07,1.2331138911593267
2012-12-10,1.2334594366062606
2012-12-11,1.233574639938206
2012-12-12,1.2336898540299763
2012-12-13,1.2338050788825767
2012-12-14,1.2339203144970121
2012-12-17,1.2342660859213797
2012-12-18,1.2343813645932074
2012-12-19,1.2344966540318967
2012-12-20,1.2346119542384533
2012-12-21,1.2347272652138828
2012-12-24,1.2350732627634673
2012-12-25,1.2351886168244475
2012-12-26,1.2353039816593305
2012-12-27,1.2354193572691228
2012-12-28,1.2355347436548305
2012-12-31,1.2358809674775117
2013-01-04,1.236342750164973
2013-01-07,1.2366695472355873
2013-01-08,1.2367784987870736
2013-01-09,1.2368874599372766
2013-01-10,1.2369964306870418
2013-01-11,1.237105411037215
2013-01-14,1.2374324096986413
2013-01-15,1.2375414284589055
2013-01-16,1.2376504568238074
2013-01-17,1.2377594947941934
2013-01-18,1.2378685423709097
2013-01-21,1.238195742747503
2013-01-22,1.238304828758004
2013-01-23,1.2384139243790677
2013-01-24,1.2385230296115406
2013-01-25,1.2386321444562696
2013-01-28,1.2389595466724617
2013-01-29,1.239068699974684
2013-01-30,1.2391778628933976
2013-01-31,1.2392870354294494
2013-02-01,1.2393962175836868
2013-02-04,1.239717903870768
2013-02-05,1.239825151186266
2013-02-06,1.2399324077796703
2013-02-07,1.2400396736517838
2013-02-08,1.240146948803409
2013-02-18,1.2412202108694494
2013-02-19,1.2413275881487014
2013-02-20,1.241434974717103
2013-02-21,1.2415423705754576
2013-02-22,1.241649775724569
2013-02-25,1.241972046924482
2013-02-26,1.2420794892446585
2013-02-27,1.2421869408596111
2013-02-28,1.242294401770144
2013-03-01,1.2424018719770613
2013-03-04,1.2427055303526755
2013-03-05,1.2428067663031759
2013-03-06,1.2429080105007768
2013-03-07,1.2430092629461504
2013-03-08,1.2431105236399684
2013-03-11,1.243414355218809
2013-03-12,1.243515648913125
2013-03-13,1.2436169508592456
2013-03-14,1.2437182610578434
2013-03-15,1.2438195795095905
2013-03-18,1.2441235843904508
2013-03-19,1.244224935861519
2013-03-20,1.2443262955890986
2013-03-21,1.2444276635738623
2013-03-22,1.2445290398164828
2013-03-25,1.2448332180982122
2013-03-26,1.2449346273789876
2013-03-27,1.2450360449209839
2013-03-28,1.245137470724874
2013-03-29,1.245238904791331
2013-04-01,1.2455432565728353
2013-04-02,1.2456483632899815
2013-04-03,1.2457534788766889
2013-04-08,1.24627918987984
2013-04-09,1.246384358699634
2013-04-10,1.2464895363942297
2013-04-11,1.246594722964376
2013-04-12,1.2466999184108216
2013-04-15,1.247015558015447
2013-04-16,1.2471207889745821
2013-04-17,1.2472260288137627
2013-04-18,1.247331277533738
2013-04-19,1.2474365351352574
2013-04-22,1.2477523612365755
2013-04-23,1.247857654371767
2013-04-24,1.2479629563922507
2013-04-25,1.2480682672987764
2013-04-26,1.248173587092094
2013-05-02,1.2488056925166275
2013-05-03,1.2489180302874843
2013-05-06,1.249255104236541
2013-05-07,1.2493674824347525
2013-05-08,1.2494798707420758
2013-05-09,1.2495922691594201
2013-05-10,1.249704677687695
2013-05-13,1.250041963947199
2013-05-14,1.2501544129282922
2013-05-15,1.2502668720248646
2013-05-16,1.2503793412378261
2013-05-17,1.2504918205680868
2013-05-20,1.2508293192717648
2013-05-21,1.2509418390803235
2013-05-22,1.2510543690107327
2013-05-23,1.251166909063903
2013-05-24,1.251279459240745
2013-05-27,1.2516171705224075
2013-05-28,1.2517297612030434
2013-05-29,1.251842362011905
2013-05-30,1.2519549729499038
2013-05-31,1.2520675940179506
2013-06-03,1.2524055180114928
2013-06-04,1.2526101859476455
2013-06-05,1.252814887330604
2013-06-06,1.253019622165834
2013-06-07,1.2532243904588027
2013-06-13,1.254453703135371
2013-06-14,1.2546587057856529
2013-06-17,1.2552739147674263
2013-06-18,1.2554790514565795
2013-06-19,1.2556842216691417
2013-06-20,1.255889425410592
2013-06-21,1.256094662686409
2013-06-24,1.2567105757748678
2013-06-25,1.2569159472429636
2013-06-26,1.2571213522728362
2013-06-27,1.2573267908699703
2013-06-28,1.2575322630398515
2013-07-01,1.258148881040846
2013-07-02,1.2583034807135638
2013-07-03,1.2584580993832852
2013-07-04,1.2586127370523446
2013-07-05,1.2587673937230763
2013-07-08,1.2592314777686575
2013-07-09,1.2593862104694313
2013-07-10,1.259540962183555
2013-07-11,1.259695732913365
2013-07-12,1.2598505226611976
2013-07-15,1.2603150060362038
2013-07-16,1.2604698718795
2013-07-17,1.2606247567525064
2013-07-18,1.2607796606575614
2013-07-19,1.2609345835970036
2013-07-22,1.2613994666450448
2013-07-23,1.261554465745428
2013-07-24,1.261709483891896
2013-07-25,1.2618645210867894
2013-07-26,1.2620195773324483
2013-07-29,1.2624848603974306
2013-07-30,1.2626399928695646
2013-07-31,1.262795144404172
2013-08-01,1.262950315003595
2013-08-02,1.263115739692408
2013-08-05,1.263612143776871
2013-08-06,1.2637776551538282
2013-08-07,1.2639431882099186
2013-08-08,1.2641087429479816
2013-08-09,1.2642743193708572
2013-08-12,1.264771178776766
2013-08-13,1.2649368419672995
2013-08-14,1.2651025268568512
2013-08-15,1.2652682334482632
2013-08-16,1.2654339617443782
2013-08-19,1.2659312768893713
2013-08-20,1.2660970920327308
2013-08-21,1.2662629288950116
2013-08-22,1.2664287874790585
2013-08-23,1.2665946677877167
2013-08-26,1.2670924390898162
2013-08-27,1.2672584063253787
2013-08-28,1.267424395299784
2013-08-29,1.2675904060158791
2013-08-30,1.2677564384765123
2013-09-02,1.2682546663541234
2013-09-03,1.2684267398064264
2013-09-04,1.2685988366052021
2013-09-05,1.2687709567536183
2013-09-06,1.2689431002548428
2013-09-09,1.2694596709070525
2013-09-10,1.269631907851199
2013-09-11,1.2698041681640004
2013-09-12,1.2699764518486274
2013-09-13,1.270148758908251
2013-09-16,1.2706658203688168
2013-09-17,1.2708382209601452
2013-09-18,1.2710106449423317
2013-09-23,1.2718731158272263
2013-09-24,1.272045680221222
2013-09-25,1.2722182680283005
2013-09-26,1.2723908792516379
2013-09-27,1.2725635138944114
2013-09-30,1.2730815583711248
2013-10-08,1.2744640415567696
2013-10-09,1.2746223139377928
2013-10-10,1.2747806059742521
2013-10-11,1.2749389176685886
2013-10-14,1.275413970723275
2013-10-15,1.2755723610735357
2013-10-16,1.2757307710938828
2013-10-17,1.275889200786759
2013-10-18,1.2760476501546076
2013-10-21,1.2765231163324224
2013-10-22,1.276681644424597
2013-10-23,1.2768401922039638
2013-10-24,1.276998759672968
2013-10-25,1.2771573468340542
2013-10-28,1.2776332264942643
2013-10-29,1.2777918924481382
2013-10-30,1.2779505781063252
2013-10-31,1.278109283471272
2013-11-01,1.278268008545426
2013-11-04,1.2788730007462061
2013-11-05,1.2790747284369097
2013-11-06,1.2792764879478653
2013-11-07,1.2794782792840922
2013-11-08,1.2796801024506106
2013-11-11,1.280285762982127
2013-11-12,1.2804877135200274
2013-11-13,1.2806896959133316
2013-11-14,1.2808917101670643
2013-11-15,1.281093756286251
2013-11-18,1.281700085886804
2013-11-19,1.2819022595180791
2013-11-20,1.2821044650399482
2013-11-21,1.282306702457442
2013-11-22,1.2825089717755913
2013-11-25,1.283115971184297
2013-11-26,1.2833183681553963
2013-11-27,1.2835207970523193
2013-11-28,1.2837232578801014
2013-11-29,1.2839257506437798
2013-12-02,1.2845334206005707
2013-12-03,1.2847535964588024
2013-12-04,1.2849738100563468
2013-12-05,1.2851940613996728
2013-12-06,1.2854143504952502
2013-12-09,1.2860754443602052
2013-12-10,1.2862958845295083
2013-12-11,1.2865163624834286
2013-12-12,1.2867368782284425
2013-12-13,1.2869574317710275
2013-12-16,1.2876193192490024
2013-12-17,1.2878400240466703
2013-12-18,1.288060766674314
2013-12-19,1.288281547138418
2013-12-20,1.2885023654454673
2013-12-23,1.2891650474891583
2013-12-24,1.2893860172328653
2013-12-25,1.2896070248519613
2013-12-26,1.2898280703529383
2013-12-27,1.2900491537422896
2013-12-30,1.2907126313055366
2013-12-31,1.2909338663133383
2014-01-02,1.2913764500980116
2014-01-03,1.2915911492703533
2014-01-06,1.2922354609813604
2014-01-07,1.292450302969475
2014-01-08,1.2926651806763738
2014-01-09,1.2928800941079956
2014-01-10,1.29309504327028
2014-01-13,1.2937401052005162
2014-01-14,1.293955197344864
2014-01-15,1.2941703252495862
2014-01-16,1.2943854889206283
2014-01-17,1.2946006883639365
2014-01-20,1.2952465013869368
2014-01-21,1.295461843978793
2014-01-22,1.2956772223726623
2014-01-23,1.2958926365744965
2014-01-24,1.2961080865902492
2014-01-27,1.296754651580566
2014-01-28,1.296970244911545
2014-01-29,1.2971858740862239
2014-01-30,1.2974015391105618
2014-02-07,1.2991281506084227
2014-02-10,1.299612216776474
2014-02-11,1.2997736122440975
2014-02-12,1.299935027755005
2014-02-13,1.3000964633116858
2014-02-14,1.3002579189166292
2014-02-17,1.300742406045935
2014-02-18,1.3009039418688297
2014-02-19,1.3010654977524392
2014-02-20,1.3012270736992544
2014-02-21,1.301388669711767
2014-02-24,1.3018735781684099
2014-02-25,1.3020352544686342
2014-02-26,1.3021969508470186
2014-02-27,1.3023586673060565
2014-02-28,1.3025204038482419
2014-03-03,1.3030057339986234
2014-03-04,1.3031573070281248
2014-03-05,1.3033088976894622
2014-03-06,1.3034605059846867
2014-03-07,1.3036121319158491
2014-03-10,1.3040671155454826
2014-03-11,1.3042188120409155
2014-03-12,1.3043705261825465
2014-03-13,1.3045222579724283
2014-03-14,1.304674007412614
2014-03-17,1.305129361655527
2014-03-18,1.305281181717462
2014-03-19,1.3054330194399693
2014-03-20,1.3055848748251029
2014-03-21,1.3057367478749178
2014-03-24,1.306192473032999
2014-03-25,1.3063444167620892
2014-03-26,1.3064963781661372
2014-03-27,1.306648357247199
2014-03-28,1.306800354007331
2014-03-31,1.3072564503827142
2014-04-01,1.3074085178796944
2014-04-02,1.3075537343572186
2014-04-03,1.3076989669642272
2014-04-04,1.3078442157025116
2014-04-08,1.308425372004247
2014-04-09,1.3085707014257912
2014-04-10,1.308716046989365
2014-04-11,1.3088614086967612
2014-04-14,1.309297590699815
2014-04-15,1.3094430170004334
2014-04-16,1.3095884594538418
2014-04-17,1.3097339180618341
2014-04-18,1.309879392826205
2014-04-21,1.3103159140755332
2014-04-22,1.3104614534833645
2014-04-23,1.3106070090565487
2014-04-24,1.3107525807968814
2014-04-25,1.3108981687061583
2014-04-28,1.3113350294656143
2014-04-29,1.3114806820686291
2014-04-30,1.3116263508495698
2014-05-05,1.3123549374860581
2014-05-06,1.312495869223823
2014-05-07,1.3126368160960262
2014-05-08,1.3127777781042929
2014-05-09,1.3129187552502484
2014-05-12,1.3133417775305054
2014-05-13,1.3134828152434745
2014-05-14,1.3136238681022623
2014-05-15,1.3137649361084953
2014-05-16,1.3139060192638001
2014-05-19,1.3143293596404149
2014-05-20,1.3144705034082773
2014-05-21,1.3146116623333475
2014-05-22,1.3147528364172532
2014-05-23,1.3148940256616222
2014-05-26,1.315317684373791
2014-05-27,1.315458934276296
2014-05-28,1.3156001993474062
2014-05-29,1.315741479588751
2014-05-30,1.315882775001959
2014-06-03,1.3164481084060145
2014-06-04,1.3165925978092343
2014-06-05,1.3167371030711785
2014-06-06,1.3168816241935877
2014-06-09,1.3173152827410137
2014-06-10,1.3174598673226925
2014-06-11,1.317604467773542
2014-06-12,1.317749084095304
2014-06-13,1.3178937162897204
2014-06-16,1.31832770812632
2014-06-17,1.318472403828778
2014-06-18,1.3186171154126032
2014-06-19,1.3187618428795385
2014-06-20,1.3189065862313272
2014-06-23,1.3193409116132504
2014-06-24,1.3194857185218898
2014-06-25,1.3196305413241018
2014-06-26,1.3197753800216312
2014-06-27,1.3199202346162224
2014-06-30,1.3203548937998164
2014-07-01,1.320499812000105
2014-07-02,1.3206440512941977
2014-07-03,1.3207883063436687
2014-07-04,1.320932577150239
2014-07-07,1.3213654841297566
2014-07-08,1.321509817981937
2014-07-09,1.3216541675998241
2014-07-10,1.3217985329851403
2014-07-11,1.3219429141396077
2014-07-14,1.322376152235143
2014-07-15,1.3225205964834421
2014-07-16,1.3226650565095068
2014-07-17,1.3228095323150604
2014-07-18,1.3229540239018265
2014-07-21,1.3233875933666388
2014-07-22,1.323532148095495
2014-07-23,1.3236767186141845
2014-07-24,1.323821304924432
2014-07-25,1.3239659070279628
2014-07-28,1.3243998081155053
2014-07-29,1.3245444734094214
2014-07-30,1.324689154505248
2014-07-31,1.324833851404711
2014-08-01,1.324978564109537
2014-08-04,1.3254023312699483
2014-08-05,1.3255436171064376
2014-08-06,1.3256849180037784
2014-08-07,1.325826233963576
2014-08-08,1.3259675649874363
2014-08-11,1.3263916484594507
2014-08-12,1.3265330397556208
2014-08-13,1.3266744461238842
2014-08-14,1.3268158675658475
2014-08-15,1.3269573040831175
2014-08-18,1.3273817041028386
2014-08-19,1.3275232009374074
2014-08-20,1.3276647128553196
2014-08-21,1.3278062398581834
2014-08-22,1.3279477819476064
2014-08-25,1.3283724987513146
2014-08-26,1.328514101203059
2014-08-27,1.3286557187494055
2014-08-28,1.328797351391963
2014-08-29,1.3289389991323413
2014-09-01,1.3293640329564926
2014-09-02,1.3295046906319268
2014-09-03,1.3296453631901026
2014-09-04,1.3297860506325951
2014-09-05,1.329926752960979
2014-09-09,1.3304897111649323
2014-09-10,1.3306304879464022
2014-09-11,1.3307712796232163
2014-09-12,1.3309120861969506
2014-09-15,1.3313345953154387
2014-09-16,1.3314754614926179
2014-09-17,1.3316163425746002
2014-09-18,1.3317572385629624
2014-09-19,1.3318981494592819
2014-09-22,1.3323209716117592
2014-09-23,1.3324619421556834
2014-09-24,1.3326029276154534
2014-09-25,1.3327439279926474
2014-09-26,1.3328849432888439
2014-09-29,1.3333080787072351
2014-09-30,1.3334491536952287
2014-10-08,1.3345782911001571
2014-10-09,1.3347131665494831
2014-10-10,1.3348480556296218
2014-10-13,1.335252804668691
2014-10-14,1.3353877482858578
2014-10-15,1.3355227055407268
2014-10-16,1.335657676434676
2014-10-17,1.3357926609690838
2014-10-20,1.3361976964288447
2014-10-21,1.3363327355388737
2014-10-22,1.3364677882962555
2014-10-23,1.3366028547023692
2014-10-24,1.3367379347585941
2014-10-27,1.3371432568417323
2014-10-28,1.337278391512199
2014-10-29,1.337413539839676
2014-10-30,1.3375487018255434
2014-10-31,1.3376838774711817
2014-11-03,1.3380894863805262
2014-11-04,1.3382233039422347
2014-11-05,1.3383571348865608
2014-11-06,1.3384909792148427
2014-11-07,1.338624836928419
2014-11-10,1.3390264903943008
2014-11-11,1.339160401662442
2014-11-12,1.3392943263225723
2014-11-13,1.3394282643760305
2014-11-14,1.339562215824156
2014-11-17,1.3399641505499336
2014-11-18,1.340098155590126
2014-11-19,1.340232174031685
2014-11-20,1.3403662058759507
2014-11-21,1.3405002511242636
2014-11-24,1.3409024673068908
2014-11-25,1.3410365661847987
2014-11-26,1.3411706784734576
2014-11-27,1.3413048041742086
2014-11-28,1.341438943288393
2014-12-01,1.3418414411249615
2014-12-02,1.3420108889527678
2014-12-03,1.342180358178457
2014-12-04,1.3423498488047316
2014-12-05,1.342519360834294
2014-12-08,1.343028025369737
2014-12-09,1.343197623039482
2014-12-10,1.3433672421260319
2014-12-11,1.3435368826320915
2014-12-12,1.3437065445603658
2014-12-15,1.3442156589055294
2014-12-16,1.3443854065497174
2014-12-17,1.3445551756296492
2014-12-18,1.344724966148032
2014-12-19,1.3448947781075729
2014-12-22,1.3454043426602216
2014-12-23,1.3455742404114743
2014-12-24,1.3457441596174267
2014-12-25,1.3459141002807877
2014-12-26,1.3460840624042671
2014-12-29,1.3465940775625176
2014-12-30,1.346764125553574
2014-12-31,1.3469341950183025
2015-01-05,1.3477848645419424
2015-01-06,1.3479465950686291
2015-01-07,1.3481083450025402
2015-01-08,1.3482701143460045
2015-01-09,1.3484319031013512
2015-01-12,1.3489173858619798
2015-01-13,1.349079252288152
2015-01-14,1.3492411381378562
2015-01-15,1.349403043413423
2015-01-16,1.3495649681171835
2015-01-19,1.3500508588209428
2015-01-20,1.3502128612607944
2015-01-21,1.3503748831404994
2015-01-22,1.3505369244623902
2015-01-23,1.3506989852288
2015-01-26,1.3511852842184777
2015-01-27,1.351347422786299
2015-01-28,1.3515095808103084
2015-01-29,1.3516717582928408
2015-01-30,1.351833955236231
2015-02-02,1.352320662854903
2015-02-03,1.3524981465038124
2015-02-04,1.3526756534463433
2015-02-05,1.3528531836855529
2015-02-06,1.3530307372244985
2015-02-09,1.3535635376703343
2015-02-10,1.353741184438808
2015-02-11,1.3539188545223118
2015-02-12,1.3540965479239053
2015-02-13,1.3542742646466492
2015-02-16,1.3548075547723917
2015-02-17,1.3549853648103478
2015-02-25,1.3564086854838093
2015-02-26,1.3565867056601808
2015-02-27,1.3567647492005896
2015-03-02,1.3572990200367063
2015-03-03,1.3574689999342469
2015-03-04,1.3576390011190387
2015-03-05,1.3578090235937479
2015-03-06,1.3579790673610408
2015-03-09,1.358489326445088
2015-03-10,1.358659455409384
2015-03-11,1.3588296056795999
2015-03-12,1.3589997772584035
2015-03-13,1.3591699701484636
2015-03-16,1.3596806767128733
2015-03-17,1.3598509548746516
2015-03-18,1.3600212543610342
2015-03-19,1.3601915751746916
2015-03-20,1.3603619173182948
2015-03-23,1.3608730717554927
2015-03-24,1.3610434992455944
2015-03-25,1.3612139480790015
2015-03-26,1.3613844182583867
2015-03-27,1.3615549097864235
2015-03-30,1.362066512489179
2015-03-31,1.3622370894385605
2015-04-01,1.3624076877499645
2015-04-02,1.3625396187317944
2015-04-03,1.3626715624893773
2015-04-07,1.3631994653019828
2015-04-08,1.36333147295689
2015-04-09,1.3634634933949747
2015-04-10,1.363595526617475
2015-04-13,1.36399170300385
2015-04-14,1.3641237873763936
2015-04-15,1.364255884539544
2015-04-16,1.3643879944945398
2015-04-17,1.3645201172426198
2015-04-20,1.3649165622577528
2015-04-21,1.3650487361905586
2015-04-22,1.3651809229226437
2015-04-23,1.3653131224552477
2015-04-24,1.3654453347896103
2015-04-27,1.365842048615646
2015-04-28,1.3659743121694403
2015-04-29,1.3661065885311927
2015-04-30,1.3662388777021435
2015-05-04,1.3667681625027395
2015-05-05,1.366864581479041
2015-05-06,1.3669610072572416
2015-05-07,1.367057439837821
2015-05-08,1.3671538792212592
2015-05-11,1.3674432381935244
2015-05-12,1.3675397047931968
2015-05-13,1.3676361781981277
2015-05-14,1.3677326584087972
2015-05-15,1.3678291454256857
2015-05-18,1.3681186473184648
2015-05-19,1.3682151615650302
2015-05-20,1.3683116826202155
2015-05-21,1.368408210484501
2015-05-22,1.368504745158367
2015-05-25,1.3687943900422515
2015-05-26,1.3688909519592436
2015-05-27,1.3689875206882185
2015-05-28,1.3690840962296569
2015-05-29,1.369180678584039
2015-06-01,1.369470466529655
2015-06-02,1.3695758364116029
2015-06-03,1.3696812144009267
2015-06-04,1.3697866004982504
2015-06-05,1.3698919947041976
2015-06-08,1.3702082259800203
2015-06-09,1.3703136526267017
2015-06-10,1.3704190873851267
2015-06-11,1.3705245302559195
2015-06-12,1.3706299812397043
2015-06-15,1.3709463828752522
2015-06-16,1.3710518663172475
2015-06-17,1.3711573578753564
2015-06-18,1.3712628575502033
2015-06-19,1.3713683653424127
2015-06-23,1.3717904776973673
2015-06-24,1.371896026085759
2015-06-25,1.3720015825952612
2015-06-26,1.372107147226499
2015-06-29,1.3724238898568744
2015-06-30,1.3725294869813038
2015-07-01,1.3726350922305939
2015-07-02,1.3727355861249673
2015-07-03,1.3728360873767387
2015-07-06,1.3731376352818288
2015-07-07,1.3732381659685795
2015-07-08,1.373338704015422
2015-07-09,1.373439249422895
2015-07-10,1.3735398021915377
2015-07-13,1.3738415046698722
2015-07-14,1.3739420868885823
2015-07-15,1.374042676471157
2015-07-16,1.3741432734181354
2015-07-17,1.3742438777300565
2015-07-20,1.3745457348608696
2015-07-21,1.3746463686379546
2015-07-22,1.3747470097826788
2015-07-23,1.3748476582955815
2015-07-24,1.3749483141772023
2015-07-27,1.3752503260397688
2015-07-28,1.3753510114016572
2015-07-29,1.3754517041349614
2015-07-30,1.3755524042402214
2015-07-31,1.3756531117179767
2015-08-03,1.375955278391612
2015-08-04,1.3760501418289321
2015-08-05,1.376145011806488
2015-08-06,1.3762398883247302
2015-08-07,1.37633477138411
2015-08-10,1.376619459813584
2015-08-11,1.3767143690420236
2015-08-12,1.376809284813856
2015-08-13,1.376904207129532
2015-08-14,1.376999135989503
2015-08-17,1.3772839618396975
2015-08-18,1.3773789168813604
2015-08-19,1.3774738784695746
2015-08-20,1.3775688466047913
2015-08-21,1.377663821287462
2015-08-24,1.3779487846247107
2015-08-25,1.3780437855017111
2015-08-26,1.3781387929284228
2015-08-27,1.3782338069052973
2015-08-28,1.378328827432786
2015-08-31,1.378613928323455
2015-09-01,1.378708975057918
2015-09-02,1.3788080754652026
2015-09-07,1.379303684360638
2015-09-08,1.3794028275151125
2015-09-09,1.3795019777959108
2015-09-10,1.3796011352035455
2015-09-11,1.3797002997385288
2015-09-14,1.3799978361126934
2015-09-15,1.3800970291621946
2015-09-16,1.3801962293416061
2015-09-17,1.3802954366514408
2015-09-18,1.380394651092211
2015-09-21,1.3806923372052604
2015-09-22,1.3807915801748987
2015-09-23,1.3808908302780356
2015-09-24,1.3809900875151842
2015-09-25,1.3810893518868568
2015-09-28,1.381387187814149
2015-09-29,1.3814864807290475
2015-09-30,1.3815857807810346
2015-10-08,1.382380438193695
2015-10-09,1.3824809084492993
2015-10-12,1.3827823630308007
2015-10-13,1.3828828624979665
2015-10-14,1.3829833692693496
2015-10-15,1.3830838833454808
2015-10-16,1.3831844047268913
2015-10-19,1.3834860127081068
2015-10-20,1.3835865633159434
2015-10-21,1.3836871212317141
2015-10-22,1.3837876864559502
2015-10-23,1.3838882589891828
2015-10-26,1.3841900204481719
2015-10-27,1.384290622222703
2015-10-28,1.384391231308887
2015-10-29,1.3844918477072554
2015-10-30,1.3845924714183395
2015-11-02,1.384894386433202
2015-11-03,1.3849902359159134
2015-11-04,1.3850860920324326
2015-11-05,1.385181954783219
2015-11-06,1.3852778241687314
2015-11-09,1.3855654721382182
2015-11-10,1.3856613680672278
2015-11-11,1.38575727063326
2015-11-12,1.385853179836774
2015-11-13,1.385949095678229
2015-11-16,1.3862368830348362
2015-11-17,1.3863328254326508
2015-11-18,1.386428774470704
2015-11-19,1.3865247301494554
2015-11-20,1.3866206924693647
2015-11-23,1.3869086192806357
2015-11-24,1.387004608169773
2015-11-25,1.3871006037023663
2015-11-26,1.3871966058788758
2015-11-27,1.3872926146997613
2015-11-30,1.3875806810332725
2015-12-01,1.3876767164362607
2015-12-02,1.3877694227500874
2015-12-03,1.3878621352573313
2015-12-04,1.387954853958406
2015-12-07,1.3882330472287527
2015-12-08,1.3883257907092887
2015-12-09,1.3884185403857248
2015-12-10,1.3885112962584747
2015-12-11,1.3886040583279526
2015-12-14,1.388882381720894
2015-12-15,1.3889751685814236
2015-12-16,1.3890679616407513
2015-12-17,1.3891607608992913
2015-12-18,1.3892535663574577
2015-12-21,1.3895320199338574
2015-12-22,1.3896248501946715
2015-12-23,1.389717686657183
2015-12-24,1.3898105293218064
2015-12-25,1.389903378188956
2015-12-28,1.3901819620097062
2015-12-29,1.3902748356911045
2015-12-30,1.3903677155771013
2015-12-31,1.390460601668111
2016-01-04,1.3908322080905695
2016-01-05,1.3909332926137505
2016-01-06,1.3910343844836703
2016-01-07,1.3911354837008627
2016-01-08,1.3912365902658617
2016-01-11,1.3915399540530393
2016-01-12,1.3916410900146057
2016-01-13,1.3917422333266494
2016-01-14,1.3918433839897044
2016-01-15,1.3919445420043053
2016-01-18,1.3922480601627252
2016-01-19,1.3923492475888521
2016-01-20,1.3924504423691968
2016-01-21,1.3925516445042936
2016-01-22,1.392652853994677
2016-01-25,1.3929565266028932
2016-01-26,1.3930577655197693
2016-01-27,1.3931590117946053
2016-01-28,1.393260265427936
2016-01-29,1.3933615264202963
2016-02-01,1.3936653535569028
2016-02-02,1.3937577150805727
2016-02-03,1.3938500827252607
2016-02-04,1.3939424564913727
2016-02-05,1.3940348363793142
2016-02-15,1.3949589720486264
2016-02-16,1.395051419303476
2016-02-17,1.3951438726850254
2016-02-18,1.3952363321936807
2016-02-19,1.395328797829848
2016-02-22,1.3956062315074826
2016-02-23,1.3956987216577588
2016-02-24,1.3957912179375775
2016-02-25,1.395883720347345
2016-02-26,1.3959762288874678
2016-02-29,1.3962537912940296
2016-03-01,1.3963463243596357
2016-03-02,1.3964321402665427
2016-03-03,1.396517961447478
2016-03-04,1.3966037879027657
2016-03-07,1.3968612989179845
2016-03-08,1.3969471464739232
2016-03-09,1.397032999305835
2016-03-10,1.3971188574140443
2016-03-11,1.3972047207988754
2016-03-14,1.3974623426163426
2016-03-15,1.3975482271109039
2016-03-16,1.3976341168837085
2016-03-17,1.397720011935081
2016-03-18,1.3978059122653457
2016-03-21,1.398063644932738
2016-03-22,1.398149566381816
2016-03-23,1.3982354931114085
2016-03-24,1.39832142512184
2016-03-25,1.3984073624134354
2016-03-28,1.398665205978449
2016-03-29,1.3987511643979447
2016-03-30,1.398837128100227
2016-03-31,1.3989230970856206
2016-04-01,1.39900907135445
2016-04-05,1.3993799708813301
2016-04-06,1.3994727111263063
2016-04-07,1.3995654575173995
2016-04-08,1.399658210055017
2016-04-11,1.3999365045510892
2016-04-12,1.4000292816788777
2016-04-13,1.4001220649552275
2016-04-14,1.4002148543805462
2016-04-15,1.4003076499552412
2016-04-18,1.4005860735796594
2016-04-19,1.4006788937559351
2016-04-20,1.4007717200836252
2016-04-21,1.4008645525631371
2016-04-22,1.4009573911948787
2016-04-25,1.4012359440075586
2016-04-26,1.401328807252296
2016-04-27,1.401421676651302
2016-04-28,1.4015145522049843
2016-04-29,1.401607433913751
2016-05-03,1.4019790223078183
2016-05-04,1.4020696859758606
2016-05-05,1.4021603555069724
2016-05-06,1.402251030901533
2016-05-09,1.4025230922697005
2016-05-10,1.4026137911218486
2016-05-11,1.4027044958393418
2016-05-12,1.402795206422559
2016-05-13,1.40288592287188
2016-05-16,1.4031581074202588
2016-05-17,1.403248847337788
2016-05-18,1.4033395931233177
2016-05-19,1.4034303447772276
2016-05-20,1.403521102299897
2016-05-23,1.4037934100842588
2016-05-24,1.403884191085762
2016-05-25,1.4039749779579227
2016-05-26,1.4040657707011206
2016-05-27,1.4041565693157352
2016-05-30,1.4044290003918771
2016-05-31,1.4045198224959559
2016-06-01,1.4046106504733502
2016-06-02,1.4047007330173449
2016-06-03,1.4047908213386449
2016-06-06,1.4050611209700825
2016-06-07,1.4051512324043096
2016-06-08,1.405241349617695
2016-06-13,1.4056920223849685
2016-06-14,1.4057821742810876
2016-06-15,1.40587233195896
2016-06-16,1.4059624954189565
2016-06-17,1.4060526646614477
2016-06-20,1.4063232070875988
2016-06-21,1.4064133994637782
2016-06-22,1.406503597624307
2016-06-23,1.406593801569556
2016-06-24,1.4066840112998964
2016-06-27,1.4069546752051754
2016-06-28,1.4070449080795913
2016-06-29,1.4071351467409539
2016-06-30,1.4072253911896342
2016-07-01,1.4073156414260035
2016-07-04,1.4075864268649567
2016-07-05,1.407676700255794
2016-07-06,1.4077669794361762
2016-07-07,1.4078572644064749
2016-07-08,1.4079475551670613
2016-07-11,1.4082184621942602
2016-07-12,1.4083087761197113
2016-07-13,1.408399095837307
2016-07-14,1.4084894213474188
2016-07-15,1.4085797526504185
2016-07-18,1.4088507813204585
2016-07-19,1.4089411357987243
2016-07-20,1.4090314960717356
2016-07-21,1.409121862139864
2016-07-22,1.4092122340034812
2016-07-25,1.4094833843709824
2016-07-26,1.409573779420272
2016-07-27,1.4096641802669092
2016-07-28,1.4097545869112655
2016-07-29,1.409844999353713
2016-08-01,1.4101162714733202
2016-08-02,1.4102029336462854
2016-08-03,1.4102896011452881
2016-08-04,1.4103762739706558
2016-08-05,1.4104629521227157
2016-08-08,1.4107230185423227
2016-08-09,1.4108097180044255
2016-08-10,1.4108964227948573
2016-08-11,1.410983132913946
2016-08-12,1.4110698483620188
2016-08-15,1.411330026683418
2016-08-16,1.4114167634507029
2016-08-17,1.4115035055486096
2016-08-18,1.411590252977466
2016-08-19,1.4116770057375996
2016-08-22,1.41193729600894
2016-08-23,1.412024070097459
2016-08-24,1.4121108495188934
2016-08-25,1.4121976342735714
2016-08-26,1.4122844243618202
2016-08-29,1.4125448266312721
2016-08-30,1.4126316380570836
2016-08-31,1.4127184548181053
2016-09-01,1.4128052769146653
2016-09-02,1.412893617053832
2016-09-05,1.4131586706152015
2016-09-06,1.4132470328514322
2016-09-07,1.4133354006127925
2016-09-08,1.4134237738996278
2016-09-09,1.4135121527122838
2016-09-12,1.413777322308631
2016-09-13,1.4138657232280247
2016-09-14,1.4139541296749667
2016-09-19,1.414396244835001
2016-09-20,1.4144846844544923
2016-09-21,1.4145731296039519
2016-09-22,1.4146615802837255
2016-09-23,1.4147500364941588
2016-09-26,1.4150154383128764
2016-09-27,1.4151039166494073
2016-09-28,1.4151924005183274
2016-09-29,1.4152808899199825
2016-09-30,1.4153693848547186
2016-10-10,1.4162546385976627
2016-10-11,1.4163469828339894
2016-10-12,1.4164393330914493
2016-10-13,1.4165316893704352
2016-10-14,1.4166240516713395
2016-10-17,1.4169011747094908
2016-10-18,1.4169935611019961
2016-10-19,1.4170859535183835
2016-10-20,1.4171783519590457
2016-10-21,1.4172707564243754
2016-10-24,1.4175480059722987
2016-10-25,1.4176404345402274
2016-10-26,1.4177328691347881
2016-10-27,1.4178253097563738
2016-10-28,1.4179177564053773
2016-10-31,1.418195132520826
2016-11-01,1.4182876032834315
2016-11-02,1.4183967292565565
2016-11-03,1.418505863626059
2016-11-04,1.4186150063925849
2016-11-07,1.418942485080764
2016-11-08,1.419051661441845
2016-11-09,1.4191608462031804
2016-11-10,1.4192700393654165
2016-11-11,1.4193792409291999
2016-11-14,1.4197068960362964
2016-11-15,1.4198161312127329
2016-11-16,1.419925374793949
2016-11-17,1.4200346267805917
2016-11-18,1.4201438871733074
2016-11-21,1.4204717187943614
2016-11-22,1.4205810128178382
2016-11-23,1.4206903152506225
2016-11-24,1.4207996260933613
2016-11-25,1.4209089453467019
2016-11-28,1.4212369535768048
2016-11-29,1.421346306479024
2016-11-30,1.4214556677950807
2016-12-01,1.4215650375256228
2016-12-02,1.421727789714239
2016-12-05,1.4222161580876913
2016-12-06,1.4223789848218216
2016-12-07,1.422541830197665
2016-12-08,1.4227046942173553
2016-12-09,1.4228675768830275
2016-12-12,1.4233563367772826
2016-12-13,1.4235192940482313
2016-12-14,1.4236822699758378
2016-12-15,1.4238452645622381
2016-12-16,1.4240082778095684
2016-12-19,1.4244974295385053
2016-12-20,1.4246605174509226
2016-12-21,1.4248236240349548
2016-12-22,1.4249867492927393
2016-12-23,1.4251498932264142
2016-12-26,1.4256394371041634
2016-12-27,1.4258026557627836
2016-12-28,1.4259658931079875
2016-12-29,1.4261291491419144
2016-12-30,1.4262924238667039
2017-01-03,1.4269457097172888
2017-01-04,1.4271015761854307
2017-01-05,1.4272574596789964
2017-01-06,1.427413360199846
2017-01-09,1.4278811639446976
2017-01-10,1.4280371325932835
2017-01-11,1.4281931182784549
2017-01-12,1.4283491210020725
2017-01-13,1.4285051407659974
2017-01-16,1.428973302318231
2017-01-17,1.429129390262001
2017-01-18,1.429285495255387
2017-01-19,1.4294416173002515
2017-01-20,1.429597756398457
2017-01-23,1.4300662760317473
2017-01-24,1.4302224833619461
2017-01-25,1.4303787077548018
2017-01-26,1.430534949212178
2017-02-03,1.431785495417644
2017-02-06,1.4323605171433431
2017-02-07,1.4325522423663126
2017-02-08,1.4327439932522075
2017-02-09,1.4329357698044627
2017-02-10,1.433127572026514
2017-02-13,1.4337031327458054
2017-02-14,1.433895037681405
2017-02-15,1.434086968303985
2017-02-16,1.4342789246169836
2017-02-17,1.4344709066238397
2017-02-20,1.4350470068419463
2017-02-21,1.4352390916586286
2017-02-22,1.4354312021863689
2017-02-23,1.4356233384286086
2017-02-24,1.4358155003887898
2017-02-27,1.436392140611408
2017-02-28,1.4365844054777837
2017-03-01,1.4367766960793174
2017-03-02,1.4369445841501485
2017-03-03,1.437112491838784
2017-03-06,1.4376163326344429
2017-03-07,1.4377843188172226
2017-03-08,1.4379523246292711
2017-03-09,1.4381203500728823
2017-03-10,1.4382883951503502
2017-03-13,1.438792648208837
2017-03-14,1.438960771844676
2017-03-15,1.4391289151258455
2017-03-16,1.4392970780546408
2017-03-17,1.439465260633358
2017-03-20,1.439969926292003
2017-03-21,1.440138187493371
2017-03-22,1.440306468356144
2017-03-23,1.4404747688826194
2017-03-24,1.440643089075095
2017-03-27,1.441148167671504
2017-03-28,1.4413165665509629
2017-03-29,1.4414849851079143
2017-03-30,1.4416534233446578
2017-03-31,1.4418218812634929
2017-04-05,1.4426644661695482
2017-04-06,1.4428155914503455
2017-04-07,1.4429667325621631
2017-04-10,1.4434202509003222
2017-04-11,1.4435714553528065
2017-04-12,1.4437226756446047
2017-04-13,1.443873911777376
2017-04-14,1.44402516375278
2017-04-17,1.4444790147513835
2017-04-18,1.4446303301139152
2017-04-19,1.4447816613273792
2017-04-20,1.4449330083934357
2017-04-21,1.4450843713137456
2017-04-24,1.4455385552168036
2017-04-25,1.4456899815707365
2017-04-26,1.4458414237872284
2017-04-27,1.4459928818679408
2017-04-28,1.446144355814536
2017-05-02,1.4467504102929845
2017-05-03,1.446919463797277
2017-05-04,1.4470885370555557
2017-05-05,1.4472576300701285
2017-05-08,1.4477650276746992
2017-05-09,1.447934199737537
2017-05-10,1.4481033915682144
2017-05-11,1.4482726031690414
2017-05-12,1.4484418345423278
2017-05-15,1.448949647320051
2017-05-16,1.4491189578062829
2017-05-17,1.4492882880765292
2017-05-18,1.4494576381331017
2017-05-19,1.4496270079783125
2017-05-22,1.4501352362688993
2017-05-23,1.450304685291789
2017-05-24,1.4504741541148811
2017-05-25,1.4506436427404894
2017-05-26,1.450813151170928
2017-05-31,1.4516609904765791
2017-06-01,1.451830617784606
2017-06-02,1.4520105369233602
2017-06-05,1.4525504281303163
2017-06-06,1.4527304364720781
2017-06-07,1.4529104671215012
2017-06-08,1.4530905200813502
2017-06-09,1.4532705953543898
2017-06-12,1.4538109550803062
2017-06-13,1.453991119633764
2017-06-14,1.4541713065142419
2017-06-15,1.4543515157245066
2017-06-16,1.4545317472673256
2017-06-19,1.4550725759187844
2017-06-20,1.455252896819499
2017-06-21,1.4554332400666092
2017-06-22,1.4556136056628843
2017-06-23,1.4557939936110937
2017-06-26,1.4563352915950296
2017-06-27,1.4565157689786798
2017-06-28,1.456696268728118
2017-06-29,1.4568767908461153
2017-06-30,1.4570573353354443
2017-07-03,1.457599103059145
2017-07-04,1.4577498716584738
2017-07-05,1.4579006558527425
2017-07-06,1.4580514556435642
2017-07-07,1.4582022710325522
2017-07-10,1.458654810804649
2017-07-11,1.4588056886024383
2017-07-12,1.4589565820064625
2017-07-13,1.4591074910183361
2017-07-14,1.4592584156396735
2017-07-17,1.4597112831766146
2017-07-18,1.4598622702519544
2017-07-19,1.4600132729448325
2017-07-20,1.4601642912568644
2017-07-21,1.4603153251896657
2017-07-24,1.4607685207288437
2017-07-25,1.4609196171608814
2017-07-26,1.4610707292217688
2017-07-27,1.4612218569131228
2017-07-28,1.46137300023656
2017-07-31,1.46182652401554
2017-08-01,1.4619777298834804
2017-08-02,1.462133959460322
2017-08-03,1.4622902057321379
2017-08-04,1.4624464687007122
2017-08-07,1.4629153578048293
2017-08-08,1.4630716875782817
2017-08-09,1.4632280340574155
2017-08-10,1.4633843972440161
2017-08-11,1.4635407771398687
2017-08-14,1.4640100171007964
2017-08-15,1.4641664638515153
2017-08-16,1.4643229273204161
2017-08-17,1.4644794075092853
2017-08-18,1.4646359044199098
2017-08-21,1.4651054955001845
2017-08-22,1.4652620593157009
2017-08-23,1.4654186398619087
2017-08-24,1.4655752371405961
2017-08-25,1.4657318511535513
2017-08-28,1.4662017936159062
2017-08-29,1.4663584745838163
2017-08-30,1.4665151722949372
2017-08-31,1.466671886751058
2017-09-01,1.4668286179539682
2017-09-04,1.4673116551200265
2017-09-05,1.467472702854481
2017-09-06,1.4676337682650527
2017-09-07,1.4677948513536816
2017-09-08,1.4679559521223082
2017-09-11,1.4684393605275796
2017-09-12,1.4686005320356035
2017-09-13,1.4687617212333297
2017-09-14,1.4689229281226996
2017-09-15,1.469084152705655
2017-09-18,1.4695679326354563
2017-09-19,1.469729228012176
2017-09-20,1.4698905410921936
2017-09-21,1.4700518718774518
2017-09-22,1.470213220369894
2017-09-25,1.470697372109761
2017-09-26,1.4708587914503761
2017-09-27,1.4710202285078948
2017-09-28,1.4711816832842617
2017-09-29,1.4713431557814216
2017-10-09,1.4729588558246314
2017-10-10,1.4731247834015233
2017-10-11,1.4732907296700173
2017-10-12,1.473456694632219
2017-10-13,1.473622678290234
2017-10-16,1.4741207414602215
2017-10-17,1.4742867999225535
2017-10-18,1.4744528770912317
2017-10-19,1.4746189729683634
2017-10-20,1.474785087556056
2017-10-23,1.4752835436035774
2017-10-24,1.4754497330545933
2017-10-25,1.4756159412267111
2017-10-26,1.47578216812204
2017-10-27,1.4759484137426888
2017-10-30,1.4764472629776502
2017-10-31,1.4766135835206753
2017-11-01,1.47677992279957
2017-11-02,1.4769486085981978
2017-11-03,1.4771173136650309
2017-11-06,1.477623544496772
2017-11-07,1.4777923266584378
2017-11-08,1.4779611280993161
2017-11-09,1.4781299488216089
2017-11-10,1.4782987888275185
2017-11-13,1.4788054245689772
2017-11-14,1.478974341731384
2017-11-15,1.4791432781884237
2017-11-16,1.4793122339423002
2017-11-17,1.4794812089952176
2017-11-20,1.4799882499702617
2017-11-21,1.48015730224139
2017-11-22,1.4803263738225843
2017-11-23,1.4804954647160498
2017-11-24,1.4806645749239926
2017-11-27,1.481172021456749
2017-11-28,1.481341208944666
2017-11-29,1.4815104157580938
2017-11-30,1.4816796418992402
2017-12-01,1.4818488873703126
2017-12-04,1.4824486524410418
2017-12-05,1.4826486280707767
2017-12-06,1.4828486306763211
2017-12-07,1.483048660261314
2017-12-08,1.4832487168293946
2017-12-11,1.4838490484685651
2017-12-12,1.484049213005401
2017-12-13,1.4842494045435293
2017-12-14,1.484449623086592
2017-12-15,1.4846498686382321
2017-12-18,1.4852507673810533
2017-12-19,1.4854511210034416
2017-12-20,1.4856515016526288
2017-12-21,1.4858519093322609
2017-12-22,1.486052344045984
2017-12-25,1.4866538104281708
2017-12-26,1.4868543533147311
2017-12-27,1.4870549232536214
2017-12-28,1.487255520248491
2017-12-29,1.4874561443029892
2018-01-02,1.4882589111902829
2018-01-03,1.488432424471326
2018-01-04,1.4886059579819535
2018-01-05,1.4887795117245235
2018-01-08,1.4893002943674776
2018-01-09,1.4894739290614085
2018-01-10,1.4896475839990788
2018-01-11,1.4898212591828486
2018-01-12,1.4899949546150784
2018-01-15,1.4905161624261354
2018-01-16,1.490689938875815
2018-01-17,1.490863735585761
2018-01-18,1.4910375525583355
2018-01-19,1.4912113897959007
2018-01-22,1.491733023122169
2018-01-23,1.491906941443327
2018-01-24,1.492080880041292
2018-01-25,1.4922548389184276
2018-01-26,1.4924288180770986
2018-01-29,1.4929508772659699
2018-01-30,1.4931249375744304
2018-01-31,1.4932990181762518
2018-02-01,1.4934731190738
2018-02-02,1.4936331075756857
2018-02-05,1.4941131759214206
2018-02-06,1.4942732329894792
2018-02-07,1.4944333072036722
2018-02-08,1.494593398565836
2018-02-09,1.4947535070778077
2018-02-12,1.4952339355309432
2018-02-13,1.4953941126605206
2018-02-14,1.4955543069490937
2018-02-22,1.496836479202148
2018-02-23,1.4969968280044244
2018-02-26,1.4974779774829312
2018-02-27,1.4976383950057943
2018-02-28,1.4977988297134053
2018-03-01,1.4979592816076053
2018-03-02,1.4981319599851088
2018-03-05,1.498650114560573
2018-03-06,1.4988228725743624
2018-03-07,1.4989956505029611
2018-03-08,1.499168448348665
2018-03-09,1.4993412661137697
2018-03-12,1.499859838948453
2018-03-13,1.5000327364141266
2018-03-14,1.500205653810685
2018-03-15,1.5003785911404257
2018-03-16,1.5005515484056466
2018-03-19,1.5010705398371718
2018-03-20,1.5012435768672967
2018-03-21,1.5014166338443948
2018-03-22,1.5015897107707654
2018-03-23,1.5017628076487084
2018-03-26,1.5022822180149706
2018-03-27,1.5024553947222046
2018-03-28,1.502628591392513
2018-03-29,1.5028018080281973
2018-03-30,1.5029750446315588
2018-04-02,1.5034948742707264
2018-04-03,1.503651182927239
2018-04-04,1.5038075078341537
2018-04-09,1.504589376183893
2018-04-10,1.5047457986287043
2018-04-11,1.5049022373357472
2018-04-12,1.5050586923067129
2018-04-13,1.5052151635432918
2018-04-16,1.5056846748636197
2018-04-17,1.505841211179564
2018-04-18,1.5059977637695787
2018-04-19,1.5061543326353557
2018-04-20,1.506310917778587
2018-04-23,1.5067807708899292
2018-04-24,1.5069374211599018
2018-04-25,1.5070940877157917
2018-04-26,1.5072507705592921
2018-04-27,1.5074074696920965
2018-05-02,1.5081912097549524
2018-05-03,1.5083547600961758
2018-05-04,1.5085183281730243
2018-05-07,1.5090091388365552
2018-05-08,1.5091727778751396
2018-05-09,1.5093364346589677
2018-05-10,1.509500109189964
2018-05-11,1.5096638014700527
2018-05-14,1.5101549848241227
2018-05-15,1.5103187481198312
2018-05-16,1.510482529174258
2018-05-17,1.510646327989329
2018-05-18,1.51081014456697
2018-05-21,1.5113017008945764
2018-05-22,1.511465588541762
2018-05-23,1.5116294939611508
2018-05-24,1.5117934171546699
2018-05-25,1.511957358124247
2018-05-28,1.5124492877086027
2018-05-29,1.51261329980169
2018-05-30,1.5127773296804754
2018-05-31,1.5129413773468878
2018-06-01,1.5131054428028563
2018-06-04,1.5136084958751157
2018-06-05,1.5137762173957972
2018-06-06,1.5139439575015412
2018-06-07,1.514111716194407
2018-06-08,1.5142794934764545
2018-06-11,1.5147829368782848
2018-06-12,1.514950788537659
2018-06-13,1.5151186587965162
2018-06-14,1.5152865476569175
2018-06-15,1.5154544551209241
2018-06-19,1.5161262710542347
2018-06-20,1.5162942715671939
2018-06-21,1.5164622906961305
2018-06-22,1.516630328443107
2018-06-25,1.5171345534129093
2018-06-26,1.5173026656526796
2018-06-27,1.5174707965208074
2018-06-28,1.5176389460193573
2018-06-29,1.5178071141503935
2018-07-02,1.518311730359067
2018-07-03,1.518451930989894
2018-07-04,1.5185921445668222
2018-07-05,1.5187323710910468
2018-07-06,1.518872610563763
2018-07-09,1.519293406684821
2018-07-10,1.5194336979634626
2018-07-11,1.5195740021965756
2018-07-12,1.5197143193853562
2018-07-13,1.5198546495310006
2018-07-16,1.5202757177210822
2018-07-17,1.5204160997061476
2018-07-18,1.52055649465406
2018-07-19,1.5206969025660164
2018-07-20,1.5208373234432142
2018-07-23,1.5212586638782277
2018-07-24,1.5213991366283635
2018-07-25,1.5215396223497277
2018-07-26,1.521680121043518
2018-07-27,1.5218206327109323
2018-07-30,1.5222422455668998
2018-07-31,1.522382809140791
2018-08-01,1.5225233856942972
2018-08-02,1.5226356649575392
2018-08-03,1.5227479525008727
2018-08-06,1.5230848648175288
2018-08-07,1.523197185487335
2018-08-08,1.5233095144402862
2018-08-09,1.5234218516769933
2018-08-10,1.5235341971980672
2018-08-13,1.5238712834735995
2018-08-14,1.5239836621382503
2018-08-15,1.524096049090323
2018-08-16,1.524208444330429
2018-08-17,1.524320847859179
2018-08-20,1.5246581081834079
2018-08-21,1.5247705448728481
2018-08-22,1.5248829898539893
2018-08-23,1.524995443127443
2018-08-24,1.5251079046938207
2018-08-27,1.5254453391566136
2018-08-28,1.5255578339008034
2018-08-29,1.5256703369409752
2018-08-30,1.5257828482777411
2018-08-31,1.525895367911713
2018-09-03,1.5262329766029832
2018-09-04,1.5263410523098817
2018-09-05,1.5264491356698442
2018-09-06,1.5265572266834124
2018-09-07,1.5266653253511284
2018-09-10,1.5269896672845833
2018-09-11,1.5270977965743107
2018-09-12,1.5272059335208963
2018-09-13,1.5273140781248822
2018-09-14,1.5274222303868108
2018-09-17,1.527746733125675
2018-09-18,1.5278549160247972
2018-09-19,1.5279631065845736
2018-09-20,1.5280713048055468
2018-09-21,1.5281795106882594
2018-09-25,1.5286124108473547
2018-09-26,1.5287206550469028
2018-09-27,1.528828906911446
2018-09-28,1.5289371664415272
2018-10-08,1.530020183466364
2018-10-09,1.53013260776182
2018-10-10,1.5302450403180965
2018-10-11,1.5303574811358007
2018-10-12,1.5304699302155396
2018-10-15,1.5308073270330347
2018-10-16,1.5309198091669831
2018-10-17,1.5310322995660022
2018-10-18,1.531144798230699
2018-10-19,1.531257305161681
2018-10-22,1.531594875558412
2018-10-23,1.5317074155606087
2018-10-24,1.5318199638321284
2018-10-25,1.531932520373578
2018-10-26,1.5320450851855656
2018-10-29,1.5323828292508332
2018-10-30,1.5324954271510498
2018-10-31,1.5326080333248433
2018-11-01,1.5327206477728217
2018-11-02,1.5328393944764478
2018-11-05,1.5331956897891976
2018-11-06,1.5333144732964472
2018-11-07,1.5334332660063847
2018-11-08,1.5335520679197232
2018-11-09,1.5336708790371758
2018-11-12,1.534027367621349
2018-11-13,1.534146215562389
2018-11-14,1.5342650727111091
2018-11-15,1.5343839390682226
2018-11-16,1.5345028146344426
2018-11-19,1.5348594965948787
2018-11-20,1.5349784090046612
2018-11-21,1.5350973306271183
2018-11-22,1.5352162614629639
2018-11-23,1.5353352015129116
2018-11-26,1.535692076954507
2018-11-27,1.5358110538680028
2018-11-28,1.5359300399991704
2018-11-29,1.5360490353487244
2018-11-30,1.5361680399173787
2018-12-03,1.5365251089450869
2018-12-04,1.5366645500528107
2018-12-05,1.5368040038149469
2018-12-06,1.536943470232644
2018-12-07,1.5370829493070506
2018-12-10,1.537501462482013
2018-12-11,1.537640992194744
2018-12-12,1.5377805345699287
2018-12-13,1.537920089608716
2018-12-14,1.5380596573122551
2018-12-17,1.5384784364228774
2018-12-18,1.5386180547969184
2018-12-19,1.5387576858414589
2018-12-20,1.5388973295576487
2018-12-21,1.539036985946638
2018-12-24,1.5394560311619034
2018-12-25,1.539595738253592
2018-12-26,1.5397354580238314
2018-12-27,1.5398751904737722
2018-12-28,1.540014935604565
2019-01-02,1.5407138515115917
2019-01-03,1.5408278828734732
2019-01-04,1.5409419226750474
2019-01-07,1.541284092724173
2019-01-08,1.5413981662907652
2019-01-09,1.5415122483001737
2019-01-10,1.5416263387530236
2019-01-11,1.5417404376499395
2019-01-14,1.542082785011334
2019-01-15,1.5421969176907646
2019-01-16,1.5423110588173867
2019-01-17,1.5424252083918255
2019-01-18,1.5425393664147062
2019-01-21,1.5428818911802524
2019-01-22,1.542996083003154
2019-01-23,1.5431102832776242
2019-01-24,1.5432244920042888
2019-01-25,1.5433387091837731
2019-01-28,1.5436814114454018
2019-01-29,1.5437956624424223
2019-01-30,1.5439099218953911
2019-01-31,1.544024189804934
2019-02-01,1.5441384661716773
2019-02-11,1.545145588262688
2019-02-12,1.5452463365924538
2019-02-13,1.545347091491326
2019-02-14,1.545447852959733
2019-02-15,1.5455486209981033
2019-02-18,1.5458509645372773
2019-02-19,1.5459517588597844
2019-02-20,1.546052559754397
2019-02-21,1.5461533672215435
2019-02-22,1.5462541812616524
2019-02-25,1.54655666282404
2019-02-26,1.5466575031602847
2019-02-27,1.546758350071635
2019-02-28,1.5468592035585198
2019-03-01,1.5469600636213676
2019-03-04,1.5472837624299027
2019-03-05,1.5473916770839224
2019-03-06,1.547499599264404
2019-03-07,1.5476075289718727
2019-03-08,1.5477154662068533
2019-03-11,1.5480393230821172
2019-03-12,1.548147290432396
2019-03-13,1.5482552653128123
2019-03-14,1.5483632477238911
2019-03-15,1.5484712376661578
2019-03-18,1.5487952526853368
2019-03-19,1.5489032727576073
2019-03-20,1.5490113003636923
2019-03-21,1.549119335504117
2019-03-22,1.5492273781794073
2019-03-25,1.5495515514197253
2019-03-26,1.5496596242397325
2019-03-27,1.549767704597233
2019-03-28,1.5498757924927522
2019-03-29,1.5499838879268164
2019-04-01,1.550308219465535
2019-04-02,1.5504130332654287
2019-04-03,1.5505178541516116
2019-04-04,1.5506226821245628
2019-04-08,1.5510420648936358
2019-04-09,1.551146928307617
2019-04-10,1.5512517988112418
2019-04-11,1.5513566764049895
2019-04-12,1.5514615610893396
2019-04-15,1.5517762576907985
2019-04-16,1.5518811707423523
2019-04-17,1.5519860908869056
2019-04-18,1.552091018124938
2019-04-19,1.5521959524569293
2019-04-22,1.552510798021452
2019-04-23,1.5526157607340747
2019-04-24,1.5527207305430544
2019-04-25,1.552825707448871
2019-04-26,1.5529306914520042
2019-04-29,1.5532456860501032
2019-04-30,1.553350698447302
2019-05-06,1.5539809219413365
2019-05-07,1.5540922062530858
2019-05-08,1.5542034985341722
2019-05-09,1.5543147987851667
2019-05-10,1.5544261070066396
2019-05-13,1.5547600794996392
2019-05-14,1.5548714196087354
2019-05-15,1.5549827676911645
2019-05-16,1.5550941237474976
2019-05-17,1.5552054877783057
2019-05-20,1.5555396277232918
2019-05-21,1.5556510236577112
2019-05-22,1.5557624275694615
2019-05-23,1.5558738394591138
2019-05-24,1.5559852593272396
2019-05-27,1.5563195668081715
2019-05-28,1.556431018595905
2019-05-29,1.556542478364969
2019-05-30,1.5566539461159352
2019-05-31,1.5567654218493752
2019-06-03,1.5570998969502545
2019-06-04,1.5572300543355169
2019-06-05,1.5573602226005854
2019-06-06,1.5574904017463695
2019-06-10,1.558011227154853
2019-06-11,1.558141460717859
2019-06-12,1.5582717051670387
2019-06-13,1.5584019605033022
2019-06-14,1.5585322267275594
2019-06-17,1.5589230907373954
2019-06-18,1.5590534005227297
2019-06-19,1.5591837212006092
2019-06-20,1.5593140527719442
2019-06-21,1.5594443952376456
2019-06-24,1.5598354880100542
2019-06-25,1.559965874062328
2019-06-26,1.5600962710135218
2019-06-27,1.560226678864547
2019-06-28,1.5603570976163146
2019-07-01,1.5607484192851844
2019-07-02,1.5608606045300897
2019-07-03,1.560972797838773
2019-07-04,1.5610849992118143
2019-07-05,1.5611972086497932
2019-07-08,1.5615338853591523
2019-07-09,1.5616461270626787
2019-07-10,1.5617583768340415
2019-07-11,1.5618706346738207
2019-07-12,1.5619829005825963
2019-07-15,1.562319746728701
2019-07-16,1.5624320449192624
2019-07-17,1.5625443511817203
2019-07-18,1.5626566655166552
2019-07-19,1.5627689879246471
2019-07-22,1.5631060035927689
2019-07-23,1.5632183582987926
2019-07-24,1.5633307210807754
2019-07-25,1.5634430919392976
2019-07-26,1.56355547087494
2019-07-29,1.5638926561503927
2019-07-30,1.5640050674003212
2019-07-31,1.564117486730273
2019-08-01,1.5642299141408287
2019-08-02,1.5643402631020933
2019-08-05,1.5646713566956414
2019-08-06,1.5647817367985732
2019-08-07,1.564892124688295
2019-08-08,1.565002520365356
2019-08-09,1.5651129238303054
2019-08-12,1.565444180957979
2019-08-13,1.5655546155799773
2019-08-14,1.5656650579926115
2019-08-15,1.5657755081964313
2019-08-16,1.5658859661919862
2019-08-19,1.5662173869345584
2019-08-20,1.5663278761025512
2019-08-21,1.566438373065028
2019-08-22,1.5665488778225385
2019-08-23,1.5666593903756327
2019-08-26,1.5669909748139164
2019-08-27,1.5671015185548451
2019-08-28,1.5672120700941077
2019-08-29,1.5673226294322542
2019-08-30,1.5674331965698347
2019-09-02,1.5677649447846826
2019-09-03,1.5678834844604994
2019-09-04,1.5680020330991742
2019-09-05,1.5681205907013849
2019-09-06,1.5682391572678092
2019-09-09,1.568594910759141
2019-09-10,1.5687135131891978
2019-09-11,1.5688321245868575
2019-09-12,1.5689507449527982
2019-09-16,1.5694253161129346
2019-09-17,1.569543981330453
2019-09-18,1.569662655520322
2019-09-19,1.5697813386832196
2019-09-20,1.5699000308198243
2019-09-23,1.5702561610786678
2019-09-24,1.5703748891168874
2019-09-25,1.570493626132207
2019-09-26,1.570612372125306
2019-09-27,1.5707311270968627
2019-09-30,1.5710874458890691
2019-10-08,1.5720380245563998
2019-10-09,1.5721635816138477
2019-10-10,1.5722891486994084
2019-10-11,1.5724147258138828
2019-10-14,1.572791517338799
2019-10-15,1.572917134576939
2019-10-16,1.5730427618479985
2019-10-17,1.5731683991527787
2019-10-18,1.573294046492081
2019-10-21,1.5736710487251353
2019-10-22,1.573796736210541
2019-10-23,1.5739224337344766
2019-10-24,1.574048141297744
2019-10-25,1.5741738589011451
2019-10-28,1.574551071960169
2019-10-29,1.5746768297321239
2019-10-30,1.5748025975482225
2019-10-31,1.574928375409267
2019-11-01,1.5750541633160595
2019-11-04,1.5754152385000944
2019-11-05,1.5755356152883055
2019-11-06,1.5756560012744545
2019-11-07,1.5757763964592437
2019-11-08,1.5758968008433762
2019-11-11,1.5762580691988635
2019-11-12,1.576378510387399
2019-11-13,1.5764989607787931
2019-11-14,1.576619420373749
2019-11-15,1.5767398891729696
2019-11-18,1.5771013508032539
2019-11-19,1.5772218564265674
2019-11-20,1.5773423712576629
2019-11-21,1.5774628952972438
2019-11-22,1.5775834285460137
2019-11-25,1.577945083554495
2019-11-26,1.5780656536470585
2019-11-27,1.57818623295233
2019-11-28,1.5783068214710132
2019-11-29,1.5784274192038124
2019-12-02,1.5787892676939461
2019-12-03,1.5789166233763352
2019-12-04,1.5790439893320838
2019-12-05,1.5791713655620208
2019-12-06,1.5792987520669748
2019-12-09,1.5796809732402284
2019-12-10,1.5798084008535398
2019-12-11,1.5799358387460132
2019-12-12,1.5800632869184779
2019-12-13,1.580190745371763
2019-12-16,1.5805731824248346
2019-12-17,1.5807006820096952
2019-12-18,1.5808281918795235
2019-12-19,1.5809557120351492
2019-12-20,1.581083242477402
2019-12-23,1.5814658955322216
2019-12-24,1.5815934671292813
2019-12-25,1.5817210490171176
2019-12-26,1.5818486411965609
2019-12-27,1.581976243668441
2019-12-30,1.582359112847007
2019-12-31,1.5824867564969385
2020-01-02,1.5827420746873992
2020-01-03,1.5828773169158037
2020-01-06,1.5832831129420775
2020-01-07,1.5834184014011472
2020-01-08,1.5835537014203525
2020-01-09,1.5836890130006809
2020-01-10,1.5838243361431203
2020-01-13,1.5842303749529851
2020-01-14,1.5843657443537493
2020-01-15,1.584501125321565
2020-01-16,1.5846365178574209
2020-01-17,1.5847719219623053
2020-01-20,1.585178203701016
2020-01-21,1.585313654091901
2020-01-22,1.5854491160567583
2020-01-23,1.5855845895965766
2020-02-03,1.5870755627649435
2020-02-04,1.587182014348232
2020-02-05,1.5872884730716592
2020-02-06,1.5873949389357038
2020-02-07,1.587501411940845
2020-02-10,1.587820873807638
2020-02-11,1.5879273753819556
2020-02-12,1.5880338840997648
2020-02-13,1.5881403999615449
2020-02-14,1.5882469229677751
2020-02-17,1.5885665348579587
2020-02-18,1.5886730864467817
2020-02-19,1.5887796451824512
2020-02-20,1.5888862110654465
2020-02-21,1.5889927840962468
2020-02-24,1.589312546080274
2020-02-25,1.5894191477070898
2020-02-26,1.5895257564841083
2020-02-27,1.589632372411809
2020-02-28,1.5897389954906718
2020-03-02,1.5900589076390284
2020-03-03,1.5901472530259044
2020-03-04,1.5902356033213454
2020-03-05,1.5903239585256241
2020-03-06,1.5904123186390131
2020-03-09,1.5906774284365697
2020-03-10,1.590765808189128
2020-03-11,1.5908541928521607
2020-03-12,1.5909425824259404
2020-03-13,1.5910309769107402
2020-03-16,1.5912961898339877
2020-03-17,1.5913846039655961
2020-03-18,1.591473023009589
2020-03-19,1.5915614469662394
2020-03-20,1.5916498758358202
2020-03-23,1.5919151919248737
2020-03-24,1.5920036404489057
2020-03-25,1.592092093887233
2020-03-26,1.5921805522401287
2020-03-27,1.5922690155078658
2020-03-30,1.592534434802856
2020-03-31,1.5926229177326898
2020-04-01,1.5927114055787306
2020-04-02,1.5927900586093835
2020-04-03,1.592868715524167
2020-04-07,1.5931833820284442
2020-04-08,1.5932620583667585
2020-04-09,1.5933407385903544
2020-04-10,1.5934194226994238
2020-04-13,1.5936554983413922
2020-04-14,1.5937341979942747
2020-04-15,1.5938129015335902
2020-04-16,1.5938916089595307
2020-04-17,1.5939703202722881
2020-04-20,1.5942064775333809
2020-04-21,1.5942852043953253
2020-04-22,1.5943639351450465
2020-04-23,1.5944426697827363
2020-04-24,1.5945214083085868
2020-04-27,1.5947576472170224
2020-04-28,1.5948364012974359
2020-04-29,1.5949151592669701
2020-04-30,1.5949939211258173
2020-05-06,1.5954665739652272
2020-05-07,1.5955372037571582
2020-05-08,1.595607836675803
2020-05-11,1.595819754193405
2020-05-12,1.5958903996202896
2020-05-13,1.5959610481745803
2020-05-14,1.5960316998564155
2020-05-15,1.5961023546659336
2020-05-18,1.59631433786197
2020-05-19,1.5963850051836046
2020-05-20,1.5964556756336146
2020-05-21,1.5965263492121382
2020-05-22,1.5965970259193143
2020-05-25,1.5968090748141406
2020-05-26,1.596879764037311
2020-05-27,1.596950456389826
2020-05-28,1.5970211518718245
2020-05-29,1.5970918504834448
2020-06-01,1.5973039650974228
2020-06-02,1.597392284440885
2020-06-03,1.5974806086677675
2020-06-04,1.5975689377783402
2020-06-05,1.597657271772873
2020-06-08,1.597922303062934
2020-06-09,1.5980106565960084
2020-06-10,1.5980990150143934
2020-06-11,1.5981873783183593
2020-06-12,1.598275746508176
2020-06-15,1.5985408803954335
2020-06-16,1.5986292681313554
2020-06-17,1.598717660754479
2020-06-18,1.598806058265075
2020-06-19,1.598894460663413
2020-06-22,1.5991596971875837
2020-06-23,1.5992481191395935
2020-06-24,1.599336545980697
2020-06-29,1.5997787535320827
2020-06-30,1.5998672097134259
2020-07-01,1.5999556707857554
2020-07-02,1.6000535716300643
2020-07-03,1.6001514784648987
2020-07-06,1.600445234916221
2020-07-07,1.6005431657168234
2020-07-08,1.6006411025097844
2020-07-09,1.6007390452954706
2020-07-10,1.6008369940742486
2020-07-13,1.6011308763728018
2020-07-14,1.601228849127615
2020-07-15,1.6013268278773538
2020-07-16,1.6014248126223853
2020-07-17,1.6015228033630762
2020-07-20,1.6018168115627742
2020-07-21,1.6019148262897716
2020-07-22,1.602012847014263
2020-07-23,1.6021108737366154
2020-07-24,1.6022089064571958
2020-07-27,1.6025030406119756
2020-07-28,1.6026010973291385
2020-07-29,1.6026991600463647
2020-07-30,1.6027972287640215
2020-07-31,1.602895303482476
2020-08-03,1.6031895636462974
2020-08-04,1.6032966676951372
2020-08-05,1.6034037788992614
2020-08-06,1.603510897259148
2020-08-07,1.6036180227752752
2020-08-10,1.603939442265881
2020-08-11,1.6040465964117512
2020-08-12,1.6041537577162526
2020-08-13,1.6042609261798635
2020-08-14,1.6043681018030622
2020-08-17,1.6046896716349683
2020-08-18,1.6047968759013014
2020-08-19,1.604904087329614
2020-08-20,1.605011305920385
2020-08-21,1.6051185316740924
2020-08-24,1.6054402519176199
2020-08-25,1.6055475063278593
2020-08-26,1.6056547679034283
2020-08-27,1.6057620366448055
2020-08-28,1.6058693125524697
2020-08-31,1.6061911832779725
2020-09-01,1.6062984878555726
2020-09-02,1.6064066579529241
2020-09-03,1.606514835334582
2020-09-04,1.6066230200010363
2020-09-07,1.6069476177140853
2020-09-08,1.6070558315246326
2020-09-09,1.6071640526224296
2020-09-10,1.6072722810079672
2020-09-11,1.607380516681736
2020-09-14,1.607705267437339
2020-09-15,1.6078135322689417
2020-09-16,1.60792180439123
2020-09-17,1.608030083804695
2020-09-18,1.6081383705098278
2020-09-21,1.6084632743801417
2020-09-22,1.6085715902568556
2020-09-23,1.6086799134276926
2020-09-24,1.6087882438931438
2020-09-25,1.6088965816537006
2020-09-28,1.6092216387109168
2020-09-29,1.6093300056568087
2020-09-30,1.6094383799002627
2020-10-09,1.6104140765627428
2020-10-12,1.610763944290748
2020-10-13,1.610880583757025
2020-10-14,1.610997231669459
2020-10-15,1.6111138880286615
2020-10-16,1.6112305528352442
2020-10-19,1.6115805979453914
2020-10-20,1.6116972965476124
2020-10-21,1.6118140036002726
2020-10-22,1.6119307191039838
2020-10-23,1.612047443059358
2020-10-26,1.6123976656415797
2020-10-27,1.6125144234097266
2020-10-28,1.6126311896325969
2020-10-29,1.612747964310803
2020-10-30,1.612864747444957
2020-11-02,1.6132151475892307
2020-11-03,1.6133482815407132
2020-11-04,1.6134814264793533
2020-11-05,1.6136145824060577
2020-11-06,1.6137477493217331
2020-11-09,1.6141473160116557
2020-11-10,1.6142805268922853
2020-11-11,1.6144137487664212
2020-11-12,1.6145469816349707
2020-11-13,1.614680225498841
2020-11-16,1.6150800230714524
2020-11-17,1.6152133109256814
2020-11-18,1.615346609779769
2020-11-19,1.6154799196346232
2020-11-20,1.6156132404911518
2020-11-23,1.6160132690798636
2020-11-24,1.61614663395217
2020-11-25,1.616280009830691
2020-11-26,1.6164133967163352
2020-11-27,1.616546794610011
2020-11-30,1.6169470543483118
2020-12-01,1.6170804962831988
2020-12-02,1.6172040566955044
2020-12-03,1.6173276265490069
2020-12-04,1.6174512058444277
2020-12-07,1.6178220003894155
2020-12-08,1.6179456174597249
2020-12-09,1.6180692439755606
2020-12-10,1.6181928799376442
2020-12-11,1.6183165253466973
2020-12-14,1.618687518262894
2020-12-15,1.6188112014670448
2020-12-16,1.6189348941217754
2020-12-17,1.6190585962278075
2020-12-18,1.6191823077858631
2020-12-21,1.6195534991793952
2020-12-22,1.6196772485527686
2020-12-23,1.6198010073817775
2020-12-24,1.6199247756671442
2020-12-25,1.6200485534095914
2020-12-28,1.6204199433866422
2020-12-29,1.6205437589646379
2020-12-30,1.6206675840033278
2020-12-31,1.6207914185034347
2021-01-04,1.621286851132491
2021-01-05,1.6213968967562447
2021-01-06,1.621506949849398
2021-01-07,1.6216170104124576
2021-01-08,1.621727078445931
2021-01-11,1.6220573273739036
2021-01-12,1.6221674252941023
2021-01-13,1.6222775306872501
2021-01-14,1.6223876435538545
2021-01-15,1.6224977638944225
2021-01-18,1.6228281697649822
2021-01-19,1.6229383200064784
2021-01-20,1.6230484777244751
2021-01-21,1.6231586429194798
2021-01-22,1.6232688155919999
2021-01-25,1.6235993784797296
2021-01-26,1.6237095810673876
2021-01-27,1.6238197911350993
2021-01-28,1.6239300086833723
2021-01-29,1.6240402337127142
2021-02-01,1.6243709536922326
2021-02-02,1.624491609574049
2021-02-03,1.6246122744180063
2021-02-04,1.6247329482247705
2021-02-05,1.6248536309950075
2021-02-08,1.6252157330932118
2021-02-09,1.6253364517239977
2021-02-10,1.6254571793215855
2021-02-18,1.6264233229870981
2021-02-19,1.6265441313158826
2021-02-22,1.62690661014569
2021-02-23,1.6270274543723326
2021-02-24,1.6271483075751065
2021-02-25,1.6272691697546782
2021-02-26,1.6273900409117146
2021-03-01,1.6277527082542802
2021-03-02,1.627865800674971
2021-03-03,1.6279789009530568
2021-03-04,1.6280920090890831
2021-03-05,1.6282051250835963
2021-03-08,1.6285445202235154
2021-03-09,1.6286576676574351
2021-03-10,1.628770822952572
2021-03-11,1.628883986109472
2021-03-12,1.6289971571286812
2021-03-15,1.6293367173656281
2021-03-16,1.6294499198395378
2021-03-17,1.6295631301784885
2021-03-18,1.6296763483830266
2021-03-19,1.6297895744536985
2021-03-22,1.6301292998679837
2021-03-23,1.6302425574086572
2021-03-24,1.6303558228181976
2021-03-25,1.6304690960971515
2021-03-26,1.630582377246066
2021-03-29,1.630922267918039
2021-03-30,1.6310355805522632
2021-03-31,1.631148901059182
2021-04-01,1.6312622294393424
2021-04-02,1.6313646658399859
2021-04-06,1.631774475772347
2021-04-07,1.6318769443399037
2021-04-08,1.6319794193420551
2021-04-09,1.6320819007792053
2021-04-12,1.6323893837046897
2021-04-13,1.6324918908858759
2021-04-14,1.6325944045040814
2021-04-15,1.6326969245597107
2021-04-16,1.6327994510531678
2021-04-19,1.6331070691645502
2021-04-20,1.633209621413362
2021-04-21,1.6333121801020232
2021-04-22,1.6334147452309382
2021-04-23,1.6335173168005117
2021-04-26,1.633825070157227
2021-04-27,1.6339276674934784
2021-04-28,1.6340302712724106
2021-04-29,1.6341328814944283
2021-04-30,1.6342354981599359
2021-05-06,1.6348513334889319
2021-05-07,1.6349548701560035
2021-05-10,1.635265519501324
2021-05-11,1.6353690823991838
2021-05-12,1.635472651855779
2021-05-13,1.635576227871525
2021-05-14,1.635679810446837
2021-05-17,1.6359905975343245
2021-05-18,1.6360942063520558
2021-05-19,1.6361978217314306
2021-05-20,1.6363014436728645
2021-05-21,1.636405072176773
2021-05-24,1.6367159970675023
2021-05-25,1.6368196518254658
2021-05-26,1.6369233131479823
2021-05-27,1.6370269810354674
2021-05-28,1.637130655488337
2021-05-31,1.6374417182434102
2021-06-01,1.6375454189619758
2021-06-02,1.6376530676095638
2021-06-03,1.637760723333738
2021-06-04,1.6378683861349634
2021-06-07,1.6381914170056011
2021-06-08,1.638299108119685
2021-06-09,1.6384068063131467
2021-06-10,1.6385145115864517
2021-06-11,1.6386222239400654
2021-06-15,1.6390531441669154
2021-06-16,1.6391608919290546
2021-06-17,1.6392686467742956
2021-06-18,1.639376408703104
2021-06-21,1.6396997369955901
2021-06-22,1.639807527263325
2021-06-23,1.639915324616956
2021-06-24,1.6400231290569487
2021-06-25,1.6401309405837692
2021-06-28,1.640454417689855
2021-06-29,1.6405622575686452
2021-06-30,1.6406701045365926
2021-07-01,1.6407779585941633
2021-07-02,1.640880992542538
2021-07-05,1.6411901332098768
2021-07-06,1.6412931930410821
2021-07-07,1.641396259344011
2021-07-08,1.6414993321190698
2021-07-09,1.641602411366665
2021-07-12,1.6419116879487337
2021-07-13,1.6420147930905389
2021-07-14,1.642117904706913
2021-07-15,1.6422210227982625
2021-07-16,1.642324147364994
2021-07-19,1.6426335599215478
2021-07-20,1.642736710393874
2021-07-21,1.6428398673436155
2021-07-22,1.6429430307711794
2021-07-23,1.6430462006769722
2021-07-26,1.6433557492677928
2021-07-27,1.6434589450905697
2021-07-28,1.6435621473936097
2021-07-29,1.64366535617732
2021-07-30,1.6437685714421073
2021-08-02,1.6440782561270026
2021-08-03,1.6441832567958412
2021-08-04,1.6442882641706504
2021-08-05,1.6443932782518584
2021-08-06,1.6444982990398938
2021-08-09,1.6448134016492466
2021-08-10,1.6449184492688742
2021-08-11,1.645023503597471
2021-08-12,1.6451285646354654
2021-08-13,1.6452336323832861
2021-08-16,1.6455488758899905
2021-08-17,1.6456539704814013
2021-08-18,1.6457590717847812
2021-08-19,1.6458641798005587
2021-08-20,1.6459692945291626
2021-08-23,1.6462846789962207
2021-08-24,1.6463898205804177
2021-08-25,1.6464949688795851
2021-08-26,1.6466001238941517
2021-08-27,1.6467052856245463
2021-08-30,1.6470208111149882
2021-08-31,1.6471259997129843
2021-09-01,1.6472311950289535
2021-09-02,1.6473324296842973
2021-09-03,1.6474336705612664
2021-09-06,1.6477374305257506
2021-09-07,1.6478386962930454
2021-09-08,1.6479399682838776
2021-09-09,1.6480412464986296
2021-09-10,1.648142530937684
2021-09-13,1.648446421604488
2021-09-14,1.648547730944578
2021-09-15,1.6486490465108832
2021-09-16,1.6487503683037863
2021-09-17,1.6488516963236701
2021-09-22,1.6493584298411952
2021-09-23,1.6494597952310004
2021-09-24,1.6495611668504655
2021-09-27,1.6498653190906503
2021-09-28,1.6499667156325843
2021-09-29,1.650068118406093
2021-09-30,1.650169527411559
2021-10-08,1.6509810238517248
2021-10-11,1.6512788052086729
2021-10-12,1.651378077596005
2021-10-13,1.6514773559514428
2021-10-14,1.6515766402753456
2021-10-15,1.651675930568072
2021-10-18,1.651973837262781
2021-10-19,1.6520731514343903
2021-10-20,1.6521724715766175
2021-10-21,1.6522717976898216
2021-10-22,1.6523711297743615
2021-10-25,1.6526691618595868
2021-10-26,1.6527685178330604
2021-10-27,1.652867879779665
2021-10-28,1.6529672476997597
2021-10-29,1.6530666215937038
2021-11-01,1.653364779122223
2021-11-02,1.6534739096442583
2021-11-03,1.6535830473694657
2021-11-04,1.6536921922983205
2021-11-05,1.6538013444312982
2021-11-08,1.6541288440597242
2021-11-09,1.6542380250139488
2021-11-10,1.6543472131746741
2021-11-11,1.654456408542376
2021-11-12,1.65456561111753
2021-11-15,1.6548932620924623
2021-11-16,1.6550024935021823
2021-11-17,1.6551117321217335
2021-11-18,1.6552209779515916
2021-11-19,1.6553302309922326
2021-11-22,1.6556580333836128
2021-11-23,1.655767315272145
2021-11-24,1.6558766043738402
2021-11-25,1.6559859006891744
2021-11-26,1.6560952042186239
2021-11-29,1.6564231580964255
2021-11-30,1.6565324904870977
2021-12-01,1.6566418300942662
2021-12-02,1.656757371880634
2021-12-03,1.6568729217254152
2021-12-06,1.657219619615858
2021-12-07,1.6573352016999126
2021-12-08,1.6574507918451908
2021-12-09,1.657566390052255
2021-12-10,1.6576819963216676
2021-12-13,1.6580288635096176
2021-12-14,1.6581445020340466
2021-12-15,1.6582601486236357
2021-12-16,1.6583758032789475
2021-12-17,1.6584914660005445
2021-12-20,1.6588385025686725
2021-12-21,1.6589541975610365
2021-12-22,1.659069900622499
2021-12-23,1.6591856117536226
2021-12-24,1.6593013309549702
2021-12-27,1.6596485369859866
2021-12-28,1.6597642884738597
2021-12-29,1.6598800480347715
2021-12-30,1.6599958156692851
2021-12-31,1.6601115913779636
2022-01-04,1.6605747749655897
2022-01-05,1.6607012165640074
2022-01-06,1.6608276677901022
2022-01-07,1.6609541286446072
2022-01-10,1.6613335689859157
2022-01-11,1.6614600683613936
2022-01-12,1.661586577368948
2022-01-13,1.6617130960093123
2022-01-14,1.6618396242832199
2022-01-17,1.662219266913539
2022-01-18,1.662345833728956
2022-01-19,1.6624724101815846
2022-01-20,1.6625989962721586
2022-01-21,1.662725592001412
2022-01-24,1.663105437028587
2022-01-25,1.663232071319897
2022-01-26,1.6633587152535563
2022-01-27,1.6634853688302993
2022-01-28,1.6636120320508603
2022-02-07,1.664879194828029
2022-02-08,1.665000640755872
2022-02-09,1.665122095542684
2022-02-10,1.6652435591891113
2022-02-11,1.6653650316958002
2022-02-14,1.6657295023838996
2022-02-15,1.6658510103380988
2022-02-16,1.6659725271557915
2022-02-17,1.6660940528376245
2022-02-18,1.6662155873842444
2022-02-21,1.6665802442192914
2022-02-22,1.6667018142315255
2022-02-23,1.6668233931117804
2022-02-24,1.6669449808607026
2022-02-25,1.6670665774789393
2022-02-28,1.667431420556005
2022-03-01,1.6675530526579694
2022-03-02,1.6676733596684863
2022-03-03,1.667793675358653
2022-03-04,1.6679139997290962
2022-03-07,1.6682750249283442
2022-03-08,1.6683953840261547
2022-03-09,1.668515751807373
2022-03-10,1.6686361282726256
2022-03-11,1.668756513422539
2022-03-14,1.6691177209865098
2022-03-15,1.6692381408813326
2022-03-16,1.6693585694639497
2022-03-17,1.6694790067349876
2022-03-18,1.6695994526950733
2022-03-21,1.6699608427158845
2022-03-22,1.6700813234384302
2022-03-23,1.6702018128531584
2022-03-24,1.6703223109606962
2022-03-25,1.6704428177616708
2022-03-28,1.6708043903314873
2022-03-29,1.6709249319124817
2022-03-30,1.6710454821900493
2022-03-31,1.6711660411648175
2022-04-01,1.6712866088374139
2022-04-06,1.6718494170156997
2022-04-07,1.6719620013924907
2022-04-08,1.672074593350851
2022-04-11,1.6724124147204518
2022-04-12,1.6725250370101943
2022-04-13,1.672637666884059
2022-04-14,1.6727503043425567
2022-04-15,1.6728629493861982
2022-04-18,1.6732009300330926
2022-04-19,1.673313605422417
2022-04-20,1.6734262883994393
2022-04-21,1.6735389789646706
2022-04-22,1.673651677118622
2022-04-25,1.6739898171179064
2022-04-26,1.6741025456318483
2022-04-27,1.6742152817370657
2022-04-28,1.6743280254340698
2022-04-29,1.6744407767233718
2022-05-05,1.6751174439260743
2022-05-06,1.6752221859669876
2022-05-09,1.6755364513873394
2022-05-10,1.6756412196280255
2022-05-11,1.6757459944196789
2022-05-12,1.675850775762709
2022-05-13,1.6759555636575254
2022-05-16,1.6762699666567908
2022-05-17,1.67637478076285
2022-05-18,1.676479601422744
2022-05-19,1.6765844286368832
2022-05-20,1.6766892624056768
2022-05-23,1.6770038030440848
2022-05-24,1.6771086630355958
2022-05-25,1.677213529583811
2022-05-26,1.6773184026891403
2022-05-27,1.677423282351994
2022-05-30,1.6777379606898002
2022-05-31,1.6778428665868508
2022-06-01,1.677947779043476
2022-06-02,1.6780504522032853
2022-06-06,1.6784612076717893
2022-06-07,1.6785639122481542
2022-06-08,1.6786666231089837
2022-06-09,1.6787693402546624
2022-06-10,1.6788720636855747
2022-06-13,1.67918027169356
2022-06-14,1.6792830202692532
2022-06-15,1.6793857751321033
2022-06-16,1.679488536282495
2022-06-17,1.679591303720813
2022-06-20,1.679899643767173
2022-06-21,1.6800024363610442
2022-06-22,1.6801052352447656
2022-06-23,1.6802080404187223
2022-06-24,1.6803108518832992
2022-06-27,1.6806193240246
2022-06-28,1.6807221606555067
2022-06-29,1.6808250035789585
2022-06-30,1.6809278527953402
2022-07-01,1.6810307083050369
2022-07-04,1.6813433634613613
2022-07-05,1.6814475947686642
2022-07-06,1.6815518325375656
2022-07-07,1.6816560767684658
2022-07-08,1.6817603274617656
2022-07-11,1.6820731183200675
2022-07-12,1.6821773948669716
2022-07-13,1.6822816778782785
2022-07-14,1.682385967354389
2022-07-15,1.682490263295704
2022-07-18,1.6828031899148823
2022-07-19,1.6829075117210228
2022-07-20,1.6830118399943719
2022-07-21,1.6831161747353305
2022-07-22,1.6832205159442994
2022-07-25,1.6835335783832786
2022-07-26,1.6836379454682993
2022-07-27,1.6837423190233356
2022-07-28,1.6838466990487886
2022-07-29,1.6839510855450592
2022-08-01,1.6842642838627893
2022-08-02,1.684355603361633
2022-08-03,1.6844469278117487
2022-08-04,1.684538257213405
2022-08-05,1.6846295915668705
2022-08-08,1.6849036243408069
2022-08-09,1.6849949785041938
2022-08-10,1.6850863376207321
2022-08-11,1.6851777016906908
2022-08-12,1.6852690707143383
2022-08-15,1.6855432075100996
2022-08-16,1.685634596351188
2022-08-17,1.6857259901473085
2022-08-18,1.6858173888987293
2022-08-19,1.6859087926057195
2022-08-22,1.686183033462792
2022-08-23,1.6862744569947459
2022-08-24,1.6863658854836125
2022-08-25,1.6864573189296606
2022-08-26,1.686548757333159
2022-08-29,1.6868231022910443
2022-08-30,1.686914560527032
2022-08-31,1.6870060237218139
2022-09-01,1.6870974918756592
2022-09-02,1.6871826203386435
2022-09-05,1.687438031501207
2022-09-06,1.687523177147321
2022-09-07,1.6876083270897593
2022-09-08,1.6876934813287388
2022-09-09,1.687778639864476
2022-09-13,1.68811931697934
2022-09-14,1.6882044970021193
2022-09-15,1.6882896813229573
2022-09-16,1.6883748699420713
2022-09-19,1.6886304615912364
2022-09-20,1.6887156674056225
2022-09-21,1.6888008775193688
2022-09-22,1.6888860919326925
2022-09-23,1.6889713106458102
2022-09-26,1.6892269925860983
2022-09-27,1.6893122285005626
2022-09-28,1.6893974687159061
2022-09-29,1.6894827132323458
2022-09-30,1.6895679620500985
2022-10-10,1.6904206868476033
2022-10-11,1.690509162656425
2022-10-12,1.6905976430960283
2022-10-13,1.6906861281666554
2022-10-14,1.6907746178685485
2022-10-17,1.691040114764249
2022-10-18,1.6911286229936313
2022-10-19,1.6912171358554917
2022-10-20,1.691305653350073
2022-10-21,1.6913941754776174
2022-10-24,1.691659769660455
2022-10-25,1.6917483103222775
2022-10-26,1.6918368556182757
2022-10-27,1.6919254055486923
2022-10-28,1.69201396011377
2022-10-31,1.6922796516193939
2022-11-01,1.6923682247255412
2022-11-02,1.6924681537173663
2022-11-03,1.6925680886096823
2022-11-04,1.6926680294028378
2022-11-07,1.692967887190825
2022-11-08,1.6930678515908224
2022-11-09,1.6931678218934014
2022-11-10,1.6932677980989108
2022-11-11,1.693367780207699
2022-11-14,1.6936677619572218
2022-11-15,1.6937677676826108
2022-11-16,1.693867779313022
2022-11-17,1.6939677968488034
2022-11-18,1.6940678202903041
2022-11-21,1.6943679260526088
2022-11-22,1.6944679731204737
2022-11-23,1.6945680260958016
2022-11-24,1.6946680849789413
2022-11-25,1.6947681497702416
2022-11-28,1.6950683795965948
2022-11-29,1.6951684680240264
2022-11-30,1.695268562361363
2022-12-01,1.6953686626089537
2022-12-02,1.6954737633848598
2022-12-05,1.6957891048071883
2022-12-06,1.6958942316475145
2022-12-07,1.6959993650049559
2022-12-08,1.6961045048799162
2022-12-09,1.6962096512727995
2022-12-12,1.696525129563028
2022-12-13,1.6966303020316442
2022-12-14,1.6967354810202042
2022-12-15,1.6968406665291118
2022-12-16,1.6969458585587716
2022-12-19,1.6972614737763048
2022-12-20,1.697366691893015
2022-12-21,1.6974719165324987
2022-12-22,1.6975771476951604
2022-12-23,1.6976823853814043
2022-12-26,1.6979981375856728
2022-12-27,1.6981034013702898
2022-12-28,1.6982086716805114
2022-12-29,1.698313948516742
2022-12-30,1.6984192318793863
2023-01-03,1.6988404306021918
2023-01-04,1.698950746084171
2023-01-05,1.699061068729569
2023-01-06,1.6991713985388512
2023-01-09,1.6995024309546538
2023-01-10,1.6996127894241242
2023-01-11,1.6997231550598049
2023-01-12,1.6998335278621612
2023-01-13,1.6999439078316585
2023-01-16,1.7002750907476505
2023-01-17,1.700385499390366
2023-01-18,1.7004959152025498
2023-01-19,1.7006063381846677
2023-01-20,1.7007167683371849
2023-01-30,1.7018214643367777
2023-01-31,1.7019319733944263
2023-02-01,1.7020424896280635
2023-02-02,1.7021548331276741
2023-02-03,1.7022671840425296
2023-02-06,1.7026042812834605
2023-02-07,1.7027166618641905
2023-02-08,1.7028290498626129
2023-02-09,1.7029414452792173
2023-02-10,1.7030538481144935
2023-02-13,1.7033911011372491
2023-02-14,1.7035035336521092
2023-02-15,1.7036159735880896
2023-02-16,1.70372842094568
2023-02-17,1.7038408757253707
2023-02-20,1.7041782846019422
2023-02-21,1.7042907690749323
2023-02-22,1.7044032609724722
2023-02-23,1.704515760295052
2023-02-24,1.704628267043162
2023-02-27,1.7049658318455736
2023-02-28,1.7050783683007051
2023-03-01,1.7051909121838178
2023-03-02,1.7053084743413653
2023-03-03,1.7054260446040823
2023-03-06,1.705778804028836
2023-03-07,1.7058964067178182
2023-03-08,1.706014017514764
2023-03-09,1.7061316364202324
2023-03-10,1.7062492634347823
2023-03-13,1.7066021931385125
2023-03-14,1.70671985259498
2023-03-15,1.706837520163325
2023-03-16,1.7069551958441065
2023-03-17,1.707072879637884
2023-03-20,1.707425979702785
2023-03-21,1.7075436959541401
2023-03-22,1.707661420321288
2023-03-23,1.7077791528047885
2023-03-24,1.7078968934052012
2023-03-27,1.7082501639135077
2023-03-28,1.7083679369871652
2023-03-29,1.7084857181805333
2023-03-30,1.7086035074941717
2023-03-31,1.7087213049286403
2023-04-03,1.709074745962626
2023-04-04,1.7091852690039568
2023-04-06,1.7094063365291083
2023-04-07,1.7095168810138532
2023-04-10,1.7098485573623137
2023-04-11,1.7099591304447497
2023-04-12,1.7100697106777643
2023-04-13,1.71018029806182
2023-04-14,1.710290892597379
2023-04-17,1.7106227191177028
2023-04-18,1.710733342263901
2023-04-19,1.7108439725639153
2023-04-20,1.7109546100182085
2023-04-21,1.7110652546272431
2023-04-24,1.7113972313874233
2023-04-25,1.7115079046200508
2023-04-26,1.7116185850097334
2023-04-27,1.7117292725569342
2023-04-28,1.7118399672621158
2023-05-04,1.7125042858367292
2023-05-05,1.7126191504322736
2023-05-08,1.7129637904475754
2023-05-09,1.7130786858639544
2023-05-10,1.7131935889868342
2023-05-11,1.7133084998167316
2023-05-12,1.7134234183541637
2023-05-15,1.7137682202168374
2023-05-16,1.7138831695895778
2023-05-17,1.713998126672438
2023-05-18,1.7141130914659353
2023-05-19,1.7142280639705867
2023-05-22,1.7145730277566382
2023-05-23,1.7146880311110786
2023-05-24,1.7148030421792595
2023-05-25,1.7149180609616985
2023-05-26,1.7150330874589128
2023-05-29,1.7153782132443833
2023-05-30,1.7154932706058743
2023-05-31,1.7156083356847283
2023-06-01,1.7157234084814628
2023-06-02,1.7158306895393365
2023-06-05,1.71615257296317
2023-06-06,1.7162598808559164
2023-06-07,1.7163671954584299
2023-06-08,1.71647451677113
2023-06-09,1.716581844794436
2023-06-12,1.7169038691321876
2023-06-13,1.7170112240021145
2023-06-14,1.7171185855847455
2023-06-15,1.7172259538805008
2023-06-16,1.7173333288897998
2023-06-19,1.7176554942031588
2023-06-20,1.7177628960708313
2023-06-21,1.717870304654147
2023-06-26,1.71840744832007
2023-06-27,1.718514897206063
2023-06-28,1.7186223528106392
2023-06-29,1.7187298151342185
2023-06-30,1.718837284177221
2023-07-03,1.7191597316269702
2023-07-04,1.7192561724251767
2023-07-05,1.7193526186334842
2023-07-06,1.719449070252196
2023-07-07,1.7195455272816158
2023-07-10,1.7198349308371579
2023-07-11,1.7199314095124445
2023-07-12,1.720027893599957
2023-07-13,1.7201243830999986
2023-07-14,1.7202208780128732
2023-07-17,1.7205103952315313
2023-07-18,1.7206069117987741
2023-07-19,1.7207034337803684
2023-07-20,1.7207999611766176
2023-07-21,1.7208964939878257
2023-07-24,1.721186124914241
2023-07-25,1.7212826793883222
2023-07-26,1.7213792392788814
2023-07-27,1.721475804586222
2023-07-28,1.7215723753106482
2023-07-31,1.7218621199894795
2023-08-01,1.7219587123852869
2023-08-02,1.7220580809134483
2023-08-03,1.7221574551758378
2023-08-04,1.7222568351727867
2023-08-07,1.7225550095742976
2023-08-08,1.7226544125127927
2023-08-09,1.7227538211875018
2023-08-10,1.7228532355987558
2023-08-11,1.722952655746886
2023-08-14,1.7232509506158433
2023-08-15,1.7233503937147885
2023-08-16,1.7234498425522653
2023-08-17,1.7235492971286048
2023-08-18,1.7236487574441381
2023-08-21,1.723947172829213
2023-08-22,1.724046656104834
2023-08-23,1.724146145121305
2023-08-24,1.7242456398789572
2023-08-25,1.7243451403781218
2023-08-28,1.7246436763280046
2023-08-29,1.7247431997965332
2023-08-30,1.724842729008231
2023-08-31,1.7249422639634298
2023-09-01,1.7250418046624607
2023-09-04,1.7253418487493284
2023-09-05,1.7254418750418326
2023-09-06,1.7255419071333375
2023-09-07,1.72564194502418
2023-09-08,1.7257419887146959
2023-09-11,1.7260421545876465
2023-09-12,1.7261422214802187
2023-09-13,1.7262422941741458
2023-09-14,1.726342372669764
2023-09-15,1.7264424569674097
2023-09-18,1.7267427446758759
2023-09-19,1.7268428521849954
2023-09-20,1.7269429654978248
2023-09-21,1.7270430846147
2023-09-22,1.7271432095359578
2023-09-25,1.7274436191293916
2023-09-26,1.7275437672715448
2023-09-27,1.7276439212197632
2023-09-28,1.7277440809743834
2023-10-09,1.7288462215940172
2023-10-10,1.7289506202845397
2023-10-11,1.7290550252793166
2023-10-12,1.7291594365787288
2023-10-13,1.7292638541831569
2023-10-16,1.7295771448303445
2023-10-17,1.7296815876586438
2023-10-18,1.729786036793863
2023-10-19,1.7298904922363827
2023-10-20,1.729994953986584
2023-10-23,1.730308377087087
2023-10-24,1.730412864071824
2023-10-25,1.730517357366147
2023-10-26,1.7306218569704372
2023-10-27,1.730726362885076
2023-10-30,1.731039918494893
2023-10-31,1.7311444496547357
2023-11-01,1.7312489871268324
2023-11-02,1.7313604811515246
2023-11-03,1.7314719823565343
2023-11-06,1.7318065290580935
2023-11-07,1.731918058988998
2023-11-08,1.7320295961025325
2023-11-09,1.7321411403991596
2023-11-10,1.7322526918793417
2023-11-13,1.7325873894258457
2023-11-14,1.7326989696448751
2023-11-15,1.7328105570497732
2023-11-16,1.7329221516410025
2023-11-17,1.7330337534190259
2023-11-20,1.7333686018784897
2023-11-21,1.7334802324083185
2023-11-22,1.733591870127256
2023-11-23,1.733703515035765
2023-11-24,1.7338151671343085
2023-11-27,1.7341501665747778
2023-11-28,1.7342618474380909
2023-11-29,1.734373535493754
2023-11-30,1.7344852307422305
2023-12-01,1.7345969331839834
2023-12-04,1.7349515570385368
2023-12-05,1.7350697811004083
2023-12-06,1.7351880132183715
2023-12-07,1.7353062533929753
2023-12-08,1.7354245016247687
2023-12-11,1.7357792946687773
2023-12-12,1.7358975751348202
2023-12-13,1.7360158636607983
2023-12-14,1.7361341602472609
2023-12-15,1.736252464894757
2023-12-18,1.7366074272089405
2023-12-19,1.7367257641060647
2023-12-20,1.7368441090669695
2023-12-21,1.7369624620922044
2023-12-22,1.737080823182319
2023-12-25,1.7374359548474354
2023-12-26,1.7375543482025642
2023-12-27,1.7376727496253208
2023-12-28,1.737791159116255
2023-12-29,1.7379095766759163
2024-01-02,1.738383327612831
2024-01-03,1.7384910949914454
2024-01-04,1.7385988690508694
2024-01-05,1.738706649791517
2024-01-08,1.7390300321049434
2024-01-09,1.739137839574628
2024-01-10,1.7392456537276073
2024-01-11,1.7393534745642958
2024-01-12,1.739461302085108
2024-01-15,1.739784824756429
2024-01-16,1.7398926790178793
2024-01-17,1.7400005399655252
2024-01-18,1.7401084075997812
2024-01-19,1.740216281921062
2024-01-22,1.7405399450111971
2024-01-23,1.7406478460847221
2024-01-24,1.7407557538473448
2024-01-25,1.7408636682994798
2024-01-26,1.7409715894415418
2024-01-29,1.7412953930114372
2024-01-30,1.741403340917355
2024-01-31,1.7415112955152738
2024-02-01,1.7416192568056084
2024-02-02,1.741722560585753
2024-02-05,1.7420325086922925
2024-02-06,1.742135836984386
2024-02-07,1.7422391714053753
2024-02-08,1.7423425119556242
2024-02-19,1.7434796626434779
2024-02-20,1.7435830767732037
2024-02-21,1.7436864970369168
2024-02-22,1.7437899234349812
2024-02-23,1.7438933559677607
2024-02-26,1.7442036903780285
2024-02-27,1.7443071474533072
2024-02-28,1.7444106106651205
2024-02-29,1.7445140800138326
2024-03-01,1.7446175554998073
2024-03-04,1.7449055610234763
2024-03-05,1.7450015734297832
2024-03-06,1.7450975911191167
2024-03-07,1.7451936140917672
2024-03-08,1.7452896423480255
2024-03-11,1.7455777588213544
2024-03-12,1.7456738082149514
2024-03-13,1.74576986289361
2024-03-14,1.7458659228576212
2024-03-15,1.7459619881072757
2024-03-18,1.7462502155730062
2024-03-19,1.746346301968142
2024-03-20,1.7464423936503755
2024-03-21,1.7465384906199974
2024-03-22,1.7466345928772988
2024-03-25,1.746922931378189
2024-03-26,1.747019054789118
2024-03-27,1.7471151834891814
2024-03-28,1.74721131747867
2024-03-29,1.7473074567578752
2024-04-01,1.7475959063367
2024-04-02,1.7476901904848283
2024-04-03,1.7477844797196593
2024-04-08,1.7482560022039597
2024-04-09,1.7483503219647698
2024-04-10,1.7484446468142039
2024-04-11,1.7485389767525363
2024-04-12,1.7486333117800417
2024-04-15,1.748916347400342
2024-04-16,1.749010702787285
2024-04-17,1.749105063264774
2024-04-18,1.7491994288330837
2024-04-19,1.7492937994924886
2024-04-22,1.7495769420200222
2024-04-23,1.749671333046555
2024-04-24,1.7497657291655564
2024-04-25,1.7498601303773014
2024-04-26,1.7499545366820646
2024-04-29,1.7502377861572123
2024-04-30,1.7503322128367964
2024-05-06,1.7508988799061593
2024-05-07,1.750985344725077
2024-05-08,1.7510718138138954
2024-05-09,1.751158287172826
2024-05-10,1.7512447648020792
2024-05-13,1.751504223313884
2024-05-14,1.751590718026537
2024-05-15,1.7516772170105674
2024-05-16,1.751763720266186
2024-05-17,1.7518502277936037
2024-05-20,1.752109776008761
2024-05-21,1.7521963006254848
2024-05-22,1.7522828295150628
2024-05-23,1.7523693626777057
2024-05-24,1.7524559001136246
2024-05-27,1.752715538063148
2024-05-28,1.7528020925942815
2024-05-29,1.7528886513997464
2024-05-30,1.7529752144797537
2024-05-31,1.7530617818345144
2024-06-03,1.7533215095494281
2024-06-04,1.753403848761858
2024-06-05,1.7534861918410891
2024-06-06,1.7535685387873032
2024-06-07,1.753650889600682
2024-06-11,1.7539803315294729
2024-06-12,1.7540627016813983
2024-06-13,1.754145075701578
2024-06-14,1.7542274535901936
2024-06-17,1.7544746104684725
2024-06-18,1.7545570038326488
2024-06-19,1.7546394010661694
2024-06-20,1.7547218021692161
2024-06-21,1.7548042071419705
2024-06-24,1.7550514452802977
2024-06-25,1.7551338657337008
2024-06-26,1.7552162900577204
2024-06-27,1.7552987182525384
2024-06-28,1.7553811503183363
2024-07-01,1.7556284697434281
2024-07-02,1.7557099721569494
2024-07-03,1.7557914783540975
2024-07-04,1.7558729883350486
2024-07-05,1.755954502099978
2024-07-08,1.756199066100393
2024-07-09,1.7562805950029927
2024-07-10,1.756362127690449
2024-07-11,1.756443664162938
2024-07-12,1.7565252044206352
2024-07-15,1.756769847906733
2024-07-16,1.7568514033070204
2024-07-17,1.7569329624933947
2024-07-18,1.7570145254660317
2024-07-19,1.7570960922251069
2024-07-22,1.757340815222721
2024-07-23,1.757422397129308
2024-07-24,1.7575039828232124
2024-07-25,1.75758557230461
2024-07-26,1.7576671655736769
2024-07-29,1.7579119681086495
2024-07-30,1.7579935765301509
2024-07-31,1.7580751887402006
2024-08-01,1.7581568047389746
2024-08-02,1.7582303717819676
2024-08-05,1.7584510913811786
2024-08-06,1.7585246707380893
2024-08-07,1.7585982531738014
2024-08-08,1.758671838688444
2024-08-09,1.7587454272821454
2024-08-12,1.7589662115388924
2024-08-13,1.7590398124501188
2024-08-14,1.7591134164410485
2024-08-15,1.7591870235118103
2024-08-16,1.7592606336625334
2024-08-19,1.7594814825957572
2024-08-20,1.7595551050676135
2024-08-21,1.7596287306200753
2024-08-22,1.7597023592532715
2024-08-23,1.759775990967331
2024-08-26,1.7599969045959778
2024-08-27,1.7600705486347799
2024-08-28,1.7601441957550898
2024-08-29,1.7602178459570366
2024-08-30,1.7602914992407492
2024-09-02,1.760512477583771
2024-09-03,1.7605870925454086
2024-09-04,1.7606617106694165
2024-09-05,1.7607363319559288
2024-09-06,1.7608109564050796
2024-09-09,1.7610348487297032
2024-09-10,1.7611094858307481
2024-09-11,1.7611841260951018
2024-09-12,1.761258769522898
2024-09-13,1.7613334161142713
2024-09-18,1.7617066965294839
2024-09-19,1.761781362105134
2024-09-20,1.7618560308452995
2024-09-23,1.7620800560542313
2024-09-24,1.7621547374538005
2024-09-25,1.7622294220185557
2024-09-26,1.7623041097486312
2024-09-27,1.7623788006441612
2024-09-30,1.7626028923248203
2024-10-08,1.7632006094533628
2024-10-09,1.7632772393830365
2024-10-10,1.7633538726431006
2024-10-11,1.7634305092336997
2024-10-14,1.7636604389901538
2024-10-15,1.7637370889043402
2024-10-16,1.7638137421497855
2024-10-17,1.7638903987266343
2024-10-18,1.7639670586350316
2024-10-21,1.764197058350961
2024-10-22,1.7642737315869996
2024-10-23,1.7643504081553107
2024-10-24,1.764427088056039
2024-10-25,1.7645037712893294
2024-10-28,1.7647338409860205
2024-10-29,1.7648105375510073
2024-10-30,1.7648872374492803
2024-10-31,1.7649639406809845
2024-11-01,1.7650406472462647
2024-11-04,1.7652622217739853
2024-11-05,1.7653360861309149
2024-11-06,1.7654099535785712
2024-11-07,1.7654838241170836
2024-11-08,1.7655576977465814
2024-11-11,1.7657793371822805
2024-11-12,1.7658532231770137
2024-11-13,1.7659271122633788
2024-11-14,1.7660010044415055
2024-11-15,1.7660748997115232
2024-11-18,1.766296604074215
2024-11-19,1.7663705117130901
2024-11-20,1.766444422444503
2024-11-21,1.7665183362685832
2024-11-22,1.76659225318546
2024-11-25,1.7668140224941642
2024-11-26,1.7668879517835219
2024-11-27,1.7669618841663233
2024-11-28,1.7670358196426978
2024-11-29,1.767109758212775
2024-12-02,1.7673315924865167
2024-12-03,1.767403636817461
2024-12-04,1.7674756840852541
2024-12-05,1.7675477342900157
2024-12-06,1.7676197874318653
2024-12-09,1.7678359644811414
2024-12-10,1.7679080293725413
2024-12-11,1.7679800972016282
2024-12-12,1.7680521679685217
2024-12-13,1.7681242416733416
2024-12-16,1.768340480416558
2024-12-17,1.768412565874281
2024-12-18,1.7684846542705297
2024-12-19,1.7685567456054234
2024-12-20,1.768628839879082
2024-12-23,1.768845140333845
2024-12-24,1.768917246363761
2024-12-25,1.768989355333041
2024-12-26,1.7690614672418046
2024-12-27,1.7691335820901717
2024-12-30,1.769349944274093
2024-12-31,1.7694220708820727
2025-01-02,1.7695663329187603
2025-01-03,1.7696356034013505
2025-01-06,1.7698434311192937
2025-01-07,1.7699127124490195
2025-01-08,1.7699819964907946
2025-01-09,1.7700512832447253
2025-01-10,1.7701205727109175
2025-01-13,1.7703284573841256
2025-01-14,1.7703977577004262
2025-01-15,1.7704670607295194
2025-01-16,1.7705363664715112
2025-01-17,1.770605674926508
2025-01-20,1.7708136165705899
2025-01-21,1.7708829358786684
2025-01-22,1.770952257900283
2025-01-23,1.7710215826355398
2025-01-24,1.7710909100845451
2025-01-27,1.7712989087151134
2025-02-05,1.7719230511836572
2025-02-06,1.771994804673447
2025-02-07,1.7720665610688728
2025-02-10,1.7722818476901419
2025-02-11,1.772353615709288
2025-02-12,1.7724253866346584
2025-02-13,1.7724971604663708
2025-02-14,1.772568937204543
2025-02-17,1.772784284858994
2025-02-18,1.7728560732241818
2025-02-19,1.7729278644964177
2025-02-20,1.7729996586758197
2025-02-21,1.7730714557625051
2025-02-24,1.7732868644674409
2025-02-25,1.7733586731844384
2025-02-26,1.7734304848093083
2025-02-27,1.7735022993421683
2025-02-28,1.773574116783136
2025-03-03,1.7737895865558642
2025-03-04,1.7738685883941407
2025-03-05,1.7739475937510367
2025-03-06,1.7740266026267089
2025-03-07,1.774105615021314
2025-03-10,1.7743426733202936
2025-03-11,1.7744216997921973
2025-03-12,1.7745007297838176
2025-03-13,1.774579763295311
2025-03-14,1.7746588003268347
2025-03-17,1.7748959325431541
2025-03-18,1.774974983656366
2025-03-19,1.7750540382903917
2025-03-20,1.7751330964453882
2025-03-21,1.7752121581215123
2025-03-24,1.7754493642782199
2025-03-25,1.775528440040423
2025-03-26,1.775607519324538
2025-03-27,1.7756866021307218
2025-03-28,1.7757656884591313
2025-03-31,1.7760029685792822
2025-04-01,1.7760820689981627
2025-04-02,1.7761554281594014
2025-04-03,1.7762287903506613
2025-04-07,1.7765222694184166
2025-04-08,1.7765956467616606
2025-04-09,1.7766690271356769
2025-04-10,1.7767424105405907
2025-04-11,1.776815796976527
2025-04-14,1.7770359744717237
2025-04-15,1.7771093730330028
2025-04-16,1.7771827746259306
2025-04-17,1.7772561792506323
2025-04-18,1.7773295869072332
2025-04-21,1.7775498280696824
2025-04-22,1.7776232478551321
2025-04-23,1.7776966706731072
2025-04-24,1.7777700965237329
2025-04-25,1.7778435254071345
2025-04-28,1.7780638302552465
2025-04-29,1.7781372712710042
2025-04-30,1.778210715320164
2025-05-06,1.778651443323586
2025-05-07,1.778715785664623
2025-05-08,1.7787801303332307
2025-05-09,1.7788444773294931
2025-05-12,1.7790375322850513
2025-05-13,1.7791018885927752
2025-05-14,1.7791662472285747
2025-05-15,1.7792306081925344
2025-05-16,1.7792949714847384
2025-05-19,1.7794880753316584
2025-05-20,1.7795524479376819
2025-05-21,1.7796168228723708
2025-05-22,1.7796812001358095
2025-05-23,1.7797455797280821
2025-05-26,1.779938732478746
2025-05-27,1.7800031213871967
2025-05-28,1.7800675126249028
2025-05-29,1.7801319061919483
2025-05-30,1.7801963020884175
2025-06-03,1.7804539089702167
2025-06-04,1.7805163917727909
2025-06-05,1.780578876768121
2025-06-06,1.7806413639562837
2025-06-09,1.7808288386785383
2025-06-10,1.7808913346388016
2025-06-11,1.7809538327922825
2025-06-12,1.7810163331390578
2025-06-13,1.7810788356792047
2025-06-16,1.781266356460644
2025-06-17,1.7813288677750465
2025-06-18,1.7813913812832054
2025-06-19,1.7814538969851976
2025-06-20,1.7815164148811002
2025-06-23,1.7817039817330405
2025-06-24,1.7817665084053544
2025-06-25,1.7818290372719638
2025-06-26,1.7818915683329455
2025-06-27,1.7819541015883766
2025-06-30,1.7821417145221363
2025-07-01,1.782204256556135
2025-07-02,1.7822663190077939
2025-07-03,1.7823283836206798
2025-07-04,1.782390450394868
2025-07-07,1.7825766636859988
2025-07-08,1.7826387391061487
2025-07-09,1.7827008166879772
2025-07-10,1.7827628964315594
2025-07-11,1.7828249783369707
2025-07-14,1.7830112370249327
2025-07-15,1.7830733275784134
2025-07-16,1.7831354202940999
2025-07-17,1.7831975151720671
2025-07-18,1.7832596122123905
2025-07-21,1.7834459163082508
2025-07-22,1.7835080219987518
2025-07-23,1.7835701298519855
2025-07-24,1.7836322398680273
2025-07-25,1.7836943520469524
2025-07-28,1.783880701561781
2025-07-29,1.7839428223929927
2025-07-30,1.7840049453874642
2025-07-31,1.784067070545271
2025-08-01,1.7841291978664886
2025-08-04,1.784298217825167
2025-08-05,1.7843545613695737
2025-08-06,1.7844109066931646
2025-08-07,1.7844672537959958
2025-08-08,1.7845236026781235
2025-08-11,1.7846926600008477
2025-08-12,1.784749016000723
2025-08-13,1.784805373780176
2025-08-14,1.7848617333392622
2025-08-15,1.7849180946780383
2025-08-18,1.785087189373068
2025-08-19,1.7851435578311652
2025-08-20,1.7851999280692332
2025-08-21,1.7852563000873283
2025-08-22,1.7853126738855065
2025-08-25,1.7854818059611035
2025-08-26,1.7855381868801767
2025-08-27,1.7855945695796143
2025-08-28,1.7856509540594723
2025-08-29,1.785707340319807
2025-09-01,1.7858765097842344
2025-09-02,1.7859338698013272
2025-09-03,1.7859912316607487
2025-09-04,1.786048595362558
2025-09-05,1.7861059609068144
2025-09-08,1.7862780685948574
2025-09-09,1.7863354415094939
2025-09-10,1.7863928162668732
2025-09-11,1.7864501928670546
2025-09-12,1.7865075713100975
2025-09-15,1.7866797176969855
2025-09-16,1.7867371035120656
2025-09-17,1.786794491170303
2025-09-18,1.786851880671757
2025-09-19,1.7869092720164867
2025-09-22,1.7870814571109215
2025-09-23,1.787138855829346
2025-09-24,1.7871962563913422
2025-09-25,1.7872536587969694
2025-09-26,1.7873110630462867
2025-09-29,1.7874832868569717
2025-09-30,1.787540698481642
2025-10-09,1.7880574860901632
2025-10-10,1.7881153999932093
2025-10-13,1.7882891529573295
2025-10-14,1.7883470743638998
2025-10-15,1.788404997646503
2025-10-16,1.7884629228052
2025-10-17,1.7885208498400513
2025-10-20,1.7886946422021393
2025-10-21,1.788752576742216
2025-10-22,1.7888105131587513
2025-10-23,1.7888684514518056
2025-10-24,1.7889263916214397
2025-10-27,1.7891002233904285
2025-10-28,1.78915817106699
2025-10-29,1.7892161206204351
2025-10-30,1.789274072050825
2025-10-31,1.7893320253582201
2025-11-03,1.7895058965430455
2025-11-04,1.78956240453254
2025-11-05,1.7896189143064114
2025-11-06,1.789675425864716
2025-11-07,1.7897319392075102
2025-11-10,1.789901489943394
2025-11-11,1.78995801042471
2025-11-12,1.790014532690797
2025-11-13,1.7900710567417117
2025-11-14,1.7901275825775105
2025-11-17,1.7902971707947752
2025-11-18,1.7903537037706738
2025-11-19,1.7904102385317382
2025-11-20,1.7904667750780248
2025-11-21,1.79052331340959
2025-11-24,1.7906929391165214
2025-11-25,1.7907494845897647
2025-11-26,1.7908060318485683
2025-11-27,1.790862580892989
2025-11-28,1.7909191317230828
2025-12-01,1.7910887949279686
2025-12-02,1.7911468070129397
2025-12-03,1.791204820976881
2025-12-04,1.7912628368198529
2025-12-05,1.7913208545419166
2025-12-08,1.7914949189832654
2025-12-09,1.7915529442223044
2025-12-10,1.7916109713407393
2025-12-11,1.791669000338631
2025-12-12,1.7917270312160405
2025-12-15,1.7919011351259835
2025-12-16,1.7919591735220726
2025-12-17,1.792017213797984
2025-12-18,1.7920752559537783
2025-12-19,1.7921332999895165
2025-12-22,1.792307443377003
2025-12-23,1.7923654949331258
2025-12-24,1.792423548369497
2025-12-25,1.7924816036861775
2025-12-26,1.7925396608832282
2025-12-29,1.7927138437572097
2025-12-30,1.79277190847635
2025-12-31,1.7928299750761651
2026-01-05,1.793120336287493
2026-01-06,1.79318132440374
2026-01-07,1.793242314594332
2026-01-08,1.7933033068593396
2026-01-09,1.7933643011988334
2026-01-12,1.7935472966649368
2026-01-13,1.7936082993030809
2026-01-14,1.7936693040160638
2026-01-15,1.7937303108039564
2026-01-16,1.7937913196668291
2026-01-19,1.7939743587060335
2026-01-20,1.7940353758695327
2026-01-21,1.7940963951083648
2026-01-22,1.7941574164226006
2026-01-23,1.7942184398123107
2026-01-26,1.794401522434991
2026-01-27,1.7944625541273036
2026-01-28,1.7945235878954435
2026-01-29,1.7945846237394811
2026-01-30,1.7946456616594872
2026-02-02,1.7948287878760214
2026-02-03,1.7948878922893419
2026-02-04,1.7949469986489939
2026-02-05,1.7950061069550414
2026-02-06,1.7950652172075485
2026-02-09,1.795242559644468
2026-02-10,1.7953016776834547
2026-02-11,1.7953607976692214
2026-02-12,1.7954199196018323
2026-02-13,1.7954790434813517
2026-02-24,1.7961295346703505
2026-02-25,1.7961886819177713
2026-02-26,1.796247831112934
2026-02-27,1.7963069822559028
2026-03-02,1.796484447372287
2026-03-03,1.7965431202867999
2026-03-04,1.7966017951175612
2026-03-05,1.796660471864634
2026-03-06,1.7967191505280804
2026-03-09,1.7968951980172887
2026-03-10,1.7969538843468564
2026-03-11,1.797012572593111
2026-03-12,1.7970712627561147
2026-03-13,1.7971299548359305
2026-03-16,1.7973060425768759
2026-03-17,1.7973647423245658
2026-03-18,1.7974234439893806
2026-03-19,1.7974821475713831
2026-03-20,1.7975408530706358
2026-03-23,1.7977169810725215
2026-03-24,1.7977756942414014
2026-03-25,1.7978344093278447
2026-03-26,1.7978931263319138
2026-03-27,1.7979518452536716
2026-03-30,1.798128013525703
2026-03-31,1.7981867401188416
2026-04-01,1.798245468629982
2026-04-02,1.7983012790715536
2026-04-03,1.798357091245261
2026-04-07,1.7985803572625239
2026-04-08,1.798636178097717
2026-04-09,1.7986920006653684
2026-04-10,1.798747824965532
2026-04-13,1.7989153082616332
2026-04-14,1.798971139492383
2026-04-15,1.799026972455914
2026-04-16,1.7990828071522798
2026-04-17,1.7991386435815342
2026-04-20,1.7993061632671665
2026-04-21,1.7993620066285132
2026-04-22,1.7994178517230173
2026-04-23,1.7994736985507327
2026-04-24,1.7995295471117132
2026-04-27,1.799697103194783
2026-04-28,1.799752958689362
2026-04-29,1.7998088159174748
2026-04-30,1.7998646748791756
2026-05-06,1.8001998650577387
2026-05-07,1.800249396702948
2026-05-08,1.800298929710997
2026-05-11,1.8004475369125577
2026-05-12,1.8004970753723406
2026-05-13,1.8005466151951508
2026-05-14,1.8005961563810255
2026-05-15,1.8006456989300026
2026-05-18,1.8007943347559225
2026-05-19,1.8008438827576836
2026-05-20,1.8008934321227343
2026-05-21,1.8009429828511123
2026-05-22,1.800992534942855
2026-05-25,1.8011411993986477
2026-05-26,1.8011907569442247
2026-05-27,1.801240315853354
2026-05-28,1.8012898761260734
2026-05-29,1.8013394377624201
2026-06-01,1.8014881308536002
2026-06-02,1.8015376979448317
2026-06-03,1.8015872663998782
2026-06-04,1.8016368362187771
2026-06-05,1.8016864074015662
2026-06-08,1.8018351291336492
2026-06-09,1.8018847057723737
2026-06-10,1.801934283775176
2026-06-11,1.8019838631420935
2026-06-12,1.8020334438731638
2026-06-15,1.8021821942516667
2026-06-16,1.8022317804397232
2026-06-17,1.8022813679921204
2026-06-18,1.8023309569088954
2026-06-22,1.8025293262205269
2026-06-23,1.802578921959755
2026-06-24,1.8026285190635862
2026-06-25,1.8026781175320583
2026-06-26,1.8027277173652088
2026-06-29,1.8028765250531056
2026-06-30,1.8029261303453448
2026-07-01,1.80297573700245
2026-07-02,1.8030253450244589
2026-07-03,1.803074954411409
2026-07-06,1.8032237907622823
2026-07-07,1.8032734056093727
2026-07-08,1.803323021821592
2026-07-09,1.803372639398978
2026-07-10,1.803422258341568
2026-07-13,1.8035711233609386
2026-07-14,1.8036207477647206
2026-07-15,1.8036703735338946
2026-07-16,1.8037200006684981
2026-07-17,1.8037696291685688
2026-07-20,1.803918522861959
2026-07-21,1.8039681568242736
2026-07-22,1.8040177921522431
2026-07-23,1.804067428845905
2026-07-24,1.804117066905297
2026-07-27,1.8042659892782298
2026-07-28,1.804315632800918
2026-07-29,1.804365277689524
2026-07-30,1.8044149239440856
2026-07-31,1.8044645715646404
