date,close
2005-01-04,982.794
2005-01-05,992.564
2005-01-06,983.174
2005-01-07,983.958
2005-01-10,993.879
2005-01-11,997.135
2005-01-12,996.748
2005-01-13,996.877
2005-01-14,988.306
2005-01-17,967.452
2005-01-18,974.689
2005-01-19,967.21
2005-01-20,956.245
2005-01-21,982.604
2005-01-24,998.133
2005-01-25,997.775
2005-01-26,989.928
2005-01-27,974.631
2005-01-28,969.209
2005-01-31,954.879
2005-02-01,955.951
2005-02-02,1006.913
2005-02-03,993.215
2005-02-04,1016.858
2005-02-16,1023.584
2005-02-17,1020.606
2005-02-18,1006.055
2005-02-21,1025.633
2005-02-22,1046.744
2005-02-23,1043.944
2005-02-24,1045.46
2005-02-25,1046.761
2005-02-28,1039.989
2005-03-01,1035.934
2005-03-02,1021.32
2005-03-03,1027.71
2005-03-04,1023.667
2005-03-07,1029.871
2005-03-08,1048.987
2005-03-09,1046.544
2005-03-10,1022.413
2005-03-11,1027.429
2005-03-14,1031.026
2005-03-15,1013.523
2005-03-16,1003.065
2005-03-17,992.863
2005-03-18,978.665
2005-03-21,981.893
2005-03-22,964.024
2005-03-23,959.01
2005-03-24,964.801
2005-03-25,962.955
2005-03-28,960.696
2005-03-29,955.19
2005-03-30,937.034
2005-03-31,942.203
2005-04-01,978.145
2005-04-04,962.168
2005-04-05,955.598
2005-04-06,973.668
2005-04-07,984.733
2005-04-08,1003.445
2005-04-11,995.421
2005-04-12,978.697
2005-04-13,1000.9
2005-04-14,986.975
2005-04-15,974.082
2005-04-18,963.772
2005-04-19,965.886
2005-04-20,950.867
2005-04-21,943.981
2005-04-22,939.101
2005-04-25,930.07
2005-04-26,937.083
2005-04-27,926.604
2005-04-28,942.073
2005-04-29,932.395
2005-05-09,909.174
2005-05-10,913.076
2005-05-11,901.851
2005-05-12,885.82
2005-05-13,887.543
2005-05-16,875.271
2005-05-17,881.462
2005-05-18,883.196
2005-05-19,884.171
2005-05-20,882.763
2005-05-23,863.341
2005-05-24,868.456
2005-05-25,868.451
2005-05-26,857.331
2005-05-27,849.508
2005-05-30,855.612
2005-05-31,855.946
2005-06-01,837.532
2005-06-02,818.379
2005-06-03,818.033
2005-06-06,838.997
2005-06-07,837.282
2005-06-08,905.773
2005-06-09,912.604
2005-06-10,894.556
2005-06-13,892.959
2005-06-14,883.537
2005-06-15,866.834
2005-06-16,879.237
2005-06-17,880.345
2005-06-20,906.255
2005-06-21,896.166
2005-06-22,900.646
2005-06-23,893.572
2005-06-24,898.301
2005-06-27,916.043
2005-06-28,903.716
2005-06-29,898.898
2005-06-30,878.686
2005-07-01,859.624
2005-07-04,856.221
2005-07-05,849.857
2005-07-06,842.754
2005-07-07,844.951
2005-07-08,829.689
2005-07-11,824.364
2005-07-12,852.093
2005-07-13,846.508
2005-07-14,849.869
2005-07-15,841.277
2005-07-18,833.269
2005-07-19,835.884
2005-07-20,842.919
2005-07-21,844.265
2005-07-22,859.978
2005-07-25,857.145
2005-07-26,876.77
2005-07-27,894.307
2005-07-28,891.179
2005-07-29,888.538
2005-08-01,891.984
2005-08-02,903.982
2005-08-03,909.957
2005-08-04,904.837
2005-08-05,925.618
2005-08-08,929.241
2005-08-09,935.082
2005-08-10,942.378
2005-08-11,956.476
2005-08-12,941.427
2005-08-15,962.214
2005-08-16,952.692
2005-08-17,960.801
2005-08-18,932.393
2005-08-19,934.79
2005-08-22,943.252
2005-08-23,934.892
2005-08-24,942.218
2005-08-25,941.678
2005-08-26,939.796
2005-08-29,928.772
2005-08-30,926.249
2005-08-31,939.448
2005-09-01,956.297
2005-09-02,959.651
2005-09-05,964.558
2005-09-06,948.25
2005-09-07,964.599
2005-09-08,967.156
2005-09-09,960.861
2005-09-12,961.295
2005-09-13,975.74
2005-09-14,982.238
2005-09-15,981.637
2005-09-16,979.508
2005-09-19,983.196
2005-09-20,973.869
2005-09-21,956.137
2005-09-22,934.739
2005-09-23,927.53
2005-09-26,929.89
2005-09-27,915.441
2005-09-28,914.94
2005-09-29,927.348
2005-09-30,928.783
2005-10-10,918.587
2005-10-11,931.14
2005-10-12,934.952
2005-10-13,927.879
2005-10-14,916.063
2005-10-17,908.769
2005-10-18,913.571
2005-10-19,909.904
2005-10-20,911.089
2005-10-21,915.574
2005-10-24,916.564
2005-10-25,904.071
2005-10-26,884.738
2005-10-27,884.34
2005-10-28,875.714
2005-10-31,884.122
2005-11-01,880.512
2005-11-02,890.133
2005-11-03,882.076
2005-11-04,885.893
2005-11-07,884.329
2005-11-08,888.451
2005-11-09,886.166
2005-11-10,869.637
2005-11-11,871.474
2005-11-14,868.482
2005-11-15,862.928
2005-11-16,869.459
2005-11-17,868.95
2005-11-18,888.716
2005-11-21,889.239
2005-11-22,874.901
2005-11-23,881.552
2005-11-24,886.846
2005-11-25,889.525
2005-11-28,885.628
2005-11-29,876.718
2005-11-30,879.122
2005-12-01,878.444
2005-12-02,875.422
2005-12-05,865.012
2005-12-06,871.529
2005-12-07,879.338
2005-12-08,879.557
2005-12-09,893.096
2005-12-12,894.412
2005-12-13,895.092
2005-12-14,904.21
2005-12-15,902.539
2005-12-16,908.848
2005-12-19,909.578
2005-12-20,913.984
2005-12-21,910.02
2005-12-22,915.734
2005-12-23,922.922
2005-12-26,929.459
2005-12-27,926.615
2005-12-28,928.186
2005-12-29,943.214
2005-12-30,923.451
2006-01-04,941.428
2006-01-05,959.134
2006-01-06,970.032
2006-01-09,975.253
2006-01-10,978.154
2006-01-11,973.477
2006-01-12,983.716
2006-01-13,978.809
2006-01-16,961.439
2006-01-17,964.29
2006-01-18,983.622
2006-01-19,991.222
2006-01-20,993.34
2006-01-23,996.162
2006-01-24,999.093
2006-01-25,1009.597
2006-02-06,1033.234
2006-02-07,1029.937
2006-02-08,1033.072
2006-02-09,1019.599
2006-02-10,1032.337
2006-02-13,1031.614
2006-02-14,1038.531
2006-02-15,1041.66
2006-02-16,1020.121
2006-02-17,1020.368
2006-02-20,1021.639
2006-02-21,1038.816
2006-02-22,1037.885
2006-02-23,1041.373
2006-02-24,1049.444
2006-02-27,1047.845
2006-02-28,1053.01
2006-03-01,1056.619
2006-03-02,1038.666
2006-03-03,1041.677
2006-03-06,1038.873
2006-03-07,1014.973
2006-03-08,1009.271
2006-03-09,1004.344
2006-03-10,1008.897
2006-03-13,1019.864
2006-03-14,1018.272
2006-03-15,1028.958
2006-03-16,1027.616
2006-03-17,1024.015
2006-03-20,1037.659
2006-03-21,1040.757
2006-03-22,1047.666
2006-03-23,1048.537
2006-03-24,1042.601
2006-03-27,1050.707
2006-03-28,1055.982
2006-03-29,1065.294
2006-03-30,1055.634
2006-03-31,1061.088
2006-04-03,1079.322
2006-04-04,1089.654
2006-04-05,1100.441
2006-04-06,1103.709
2006-04-07,1103.626
2006-04-10,1118.388
2006-04-11,1123.788
2006-04-12,1117.55
2006-04-13,1094.392
2006-04-14,1119.329
2006-04-17,1125.139
2006-04-18,1132.086
2006-04-19,1139.051
2006-04-20,1135.227
2006-04-21,1150.068
2006-04-24,1143.603
2006-04-25,1143.158
2006-04-26,1156.969
2006-04-27,1156.612
2006-04-28,1173.671
2006-05-08,1219.821
2006-05-09,1253.025
2006-05-10,1267.531
2006-05-11,1256.619
2006-05-12,1297.893
2006-05-15,1354.484
2006-05-16,1333.428
2006-05-17,1338.655
2006-05-18,1334.559
2006-05-19,1369.807
2006-05-22,1377.567
2006-05-23,1321.388
2006-05-24,1312.204
2006-05-25,1314.25
2006-05-26,1337.689
2006-05-29,1373.466
2006-05-30,1385.995
2006-05-31,1373.186
2006-06-01,1411.272
2006-06-02,1399.004
2006-06-05,1412.226
2006-06-06,1408.451
2006-06-07,1329.813
2006-06-08,1335.6
2006-06-09,1305.054
2006-06-12,1309.118
2006-06-13,1309.755
2006-06-14,1295.416
2006-06-15,1297.074
2006-06-16,1330.856
2006-06-19,1348.523
2006-06-20,1352.025
2006-06-21,1347.285
2006-06-22,1345.416
2006-06-23,1355.137
2006-06-26,1380.282
2006-06-27,1381.367
2006-06-28,1381.064
2006-06-29,1414.191
2006-06-30,1413.069
2006-07-03,1439.952
2006-07-04,1430.603
2006-07-05,1412.426
2006-07-06,1438.882
2006-07-07,1430.729
2006-07-10,1432.564
2006-07-11,1439.407
2006-07-12,1440.433
2006-07-13,1366.321
2006-07-14,1378.46
2006-07-17,1394.006
2006-07-18,1395.423
2006-07-19,1358.232
2006-07-20,1367.031
2006-07-21,1378.779
2006-07-24,1380.942
2006-07-25,1397.259
2006-07-26,1394.422
2006-07-27,1378.406
2006-07-28,1364.047
2006-07-31,1316.289
2006-08-01,1303.923
2006-08-02,1296.836
2006-08-03,1293.446
2006-08-04,1263.101
2006-08-07,1245.223
2006-08-08,1273.994
2006-08-09,1272.887
2006-08-10,1293.492
2006-08-11,1297.746
2006-08-14,1267.357
2006-08-15,1288.062
2006-08-16,1306.076
2006-08-17,1294.115
2006-08-18,1290.287
2006-08-21,1293.226
2006-08-22,1308.215
2006-08-23,1308.696
2006-08-24,1315.554
2006-08-25,1318.644
2006-08-28,1349.647
2006-08-29,1353.985
2006-08-30,1358.581
2006-08-31,1362.676
2006-09-01,1341.712
2006-09-04,1361.2
2006-09-05,1364.721
2006-09-06,1370.508
2006-09-07,1352.196
2006-09-08,1356.04
2006-09-11,1362.761
2006-09-12,1371.804
2006-09-13,1362.385
2006-09-14,1362.419
2006-09-15,1386.897
2006-09-18,1400.376
2006-09-19,1403.172
2006-09-20,1403.325
2006-09-21,1413.52
2006-09-22,1400.766
2006-09-25,1398.266
2006-09-26,1383.235
2006-09-27,1396.96
2006-09-28,1413.144
2006-09-29,1429.713
2006-10-09,1463.14
2006-10-10,1464.333
2006-10-11,1462.969
2006-10-12,1453.386
2006-10-13,1457.851
2006-10-16,1445.253
2006-10-17,1441.107
2006-10-18,1464.689
2006-10-19,1466.506
2006-10-20,1467.326
2006-10-23,1435.266
2006-10-24,1467.196
2006-10-25,1474.095
2006-10-26,1483.54
2006-10-27,1466.174
2006-10-30,1473.498
2006-10-31,1492.075
2006-11-01,1507.292
2006-11-02,1507.543
2006-11-03,1516.341
2006-11-06,1536.311
2006-11-07,1544.679
2006-11-08,1526.41
2006-11-09,1553.452
2006-11-10,1532.411
2006-11-13,1503.595
2006-11-14,1521.932
2006-11-15,1563.69
2006-11-16,1562.188
2006-11-17,1591.527
2006-11-20,1623.187
2006-11-21,1642.638
2006-11-22,1654.639
2006-11-23,1665.731
2006-11-24,1667.428
2006-11-27,1682.936
2006-11-28,1675.002
2006-11-29,1698.566
2006-11-30,1746.672
2006-12-01,1761.962
2006-12-04,1814.449
2006-12-05,1828.2
2006-12-06,1813.099
2006-12-07,1809.449
2006-12-08,1744.1
2006-12-11,1823.929
2006-12-12,1837.038
2006-12-13,1838.126
2006-12-14,1871.026
2006-12-15,1903.118
2006-12-18,1952.511
2006-12-19,1957.948
2006-12-20,1973.338
2006-12-21,1945.252
2006-12-22,1931.658
2006-12-25,1976.017
2006-12-26,1975.135
2006-12-27,2020.623
2006-12-28,2017.623
2006-12-29,2079.9
2007-01-04,2106.441
2007-01-05,2112.342
2007-01-08,2172.132
2007-01-09,2241.967
2007-01-10,2298.911
2007-01-11,2274.111
2007-01-12,2215.127
2007-01-15,2330.885
2007-01-16,2398.684
2007-01-17,2352.885
2007-01-18,2361.204
2007-01-19,2441.706
2007-01-22,2538.738
2007-01-23,2555.875
2007-01-24,2584.712
2007-01-25,2499.523
2007-01-26,2560.758
2007-01-29,2625.971
2007-01-30,2600.462
2007-01-31,2430.742
2007-02-01,2440.766
2007-02-02,2341.747
2007-02-05,2315.042
2007-02-06,2360.128
2007-02-07,2414.897
2007-02-08,2456.488
2007-02-09,2442.878
2007-02-12,2532.703
2007-02-13,2570.65
2007-02-14,2637.62
2007-02-15,2719.446
2007-02-16,2727.702
2007-02-26,2759.232
2007-02-27,2504.284
2007-02-28,2593.021
2007-03-01,2520.642
2007-03-02,2556.497
2007-03-05,2522.744
2007-03-06,2568.282
2007-03-07,2638.742
2007-03-08,2677.663
2007-03-09,2661.116
2007-03-12,2665.987
2007-03-13,2690.44
2007-03-14,2646.813
2007-03-15,2695.92
2007-03-16,2653.813
2007-03-19,2710.051
2007-03-20,2723.663
2007-03-21,2754.057
2007-03-22,2762.948
2007-03-23,2767.986
2007-03-26,2816.664
2007-03-27,2837.034
2007-03-28,2850.919
2007-03-29,2836.302
2007-03-30,2834.752
2007-04-02,2904.376
2007-04-03,2943.108
2007-04-04,2967.266
2007-04-05,3001.277
2007-04-06,3028.755
2007-04-09,3096.183
2007-04-10,3140.407
2007-04-11,3180.917
2007-04-12,3237.103
2007-04-13,3229.762
2007-04-16,3318.309
2007-04-17,3346.852
2007-04-18,3368.152
2007-04-19,3210.984
2007-04-20,3352.75
2007-04-23,3497.527
2007-04-24,3511.773
2007-04-25,3514.918
2007-04-26,3561.308
2007-04-27,3537.802
2007-04-30,3627.868
2007-05-08,3757.66
2007-05-09,3773.207
2007-05-10,3797.066
2007-05-11,3774.914
2007-05-14,3807.441
2007-05-15,3675.119
2007-05-16,3772.69
2007-05-17,3852.573
2007-05-18,3850.558
2007-05-21,3907.093
2007-05-22,3947.242
2007-05-23,4017.055
2007-05-24,3997.873
2007-05-25,4065.169
2007-05-28,4154.35
2007-05-29,4253.972
2007-05-30,3966.363
2007-05-31,4008.882
2007-06-01,3882.444
2007-06-04,3585.103
2007-06-05,3711.016
2007-06-06,3755.18
2007-06-07,3882.65
2007-06-08,3919.06
2007-06-11,4016.48
2007-06-12,4123.409
2007-06-13,4207.86
2007-06-14,4164.694
2007-06-15,4189.29
2007-06-18,4321.515
2007-06-19,4348.58
2007-06-20,4251.244
2007-06-21,4292.132
2007-06-22,4144.799
2007-06-25,3967.273
2007-06-26,4020.434
2007-06-27,4136.066
2007-06-28,3949.837
2007-06-29,3853.545
2007-07-02,3847.283
2007-07-03,3923.896
2007-07-04,3833.941
2007-07-05,3623.344
2007-07-06,3800.699
2007-07-09,3914.626
2007-07-10,3867.979
2007-07-11,3883.063
2007-07-12,3910.989
2007-07-13,3914.692
2007-07-16,3789.937
2007-07-17,3883.902
2007-07-18,3902.79
2007-07-19,3902.764
2007-07-20,4071.917
2007-07-23,4261.411
2007-07-24,4266.424
2007-07-25,4362.934
2007-07-26,4411.885
2007-07-27,4416.026
2007-07-30,4521.788
2007-07-31,4573.326
2007-08-01,4399.206
2007-08-02,4548.642
2007-08-03,4715.064
2007-08-06,4823.475
2007-08-07,4844.56
2007-08-08,4786.666
2007-08-09,4898.966
2007-08-10,4847.178
2007-08-13,4841.624
2007-08-14,4917.896
2007-08-15,4921.188
2007-08-16,4842.497
2007-08-17,4744.704
2007-08-20,5010.251
2007-08-21,5099.819
2007-08-22,5181.036
2007-08-23,5267.656
2007-08-24,5351.454
2007-08-27,5377.675
2007-08-28,5386.546
2007-08-29,5304.547
2007-08-30,5375.734
2007-08-31,5432.745
2007-09-03,5558.427
2007-09-04,5498.079
2007-09-05,5501.073
2007-09-06,5551.112
2007-09-07,5430.858
2007-09-10,5515.403
2007-09-11,5255.769
2007-09-12,5336.557
2007-09-13,5487.452
2007-09-14,5535.975
2007-09-17,5640.217
2007-09-18,5617.581
2007-09-19,5558.698
2007-09-20,5636.292
2007-09-21,5608.786
2007-09-24,5655.761
2007-09-25,5594.956
2007-09-26,5498.954
2007-09-27,5567.304
2007-09-28,5724.4
2007-10-08,5798.584
2007-10-09,5821.961
2007-10-10,5832.046
2007-10-11,5908.277
2007-10-12,5884.832
2007-10-15,5971.225
2007-10-16,6028.415
2007-10-17,5973.965
2007-10-18,5760.234
2007-10-19,5758.503
2007-10-22,5613.483
2007-10-23,5682.629
2007-10-24,5732.023
2007-10-25,5471.25
2007-10-26,5533.898
2007-10-29,5650.375
2007-10-30,5740.348
2007-10-31,5835.207
2007-11-01,5749.748
2007-11-02,5614.035
2007-11-05,5498.506
2007-11-06,5454.648
2007-11-07,5488.581
2007-11-08,5224.996
2007-11-09,5170.482
2007-11-12,5106.603
2007-11-13,5066.589
2007-11-14,5278.561
2007-11-15,5212.116
2007-11-16,5136.771
2007-11-19,5123.183
2007-11-20,5200.081
2007-11-21,5126.468
2007-11-22,4895.664
2007-11-23,4981.362
2007-11-26,4923.837
2007-11-27,4832.615
2007-11-28,4768.605
2007-11-29,4966.908
2007-11-30,4859.548
2007-12-03,4895.723
2007-12-04,4953.721
2007-12-05,5093.979
2007-12-06,5099.218
2007-12-07,5171.325
2007-12-10,5265.914
2007-12-11,5272.518
2007-12-12,5208.294
2007-12-13,5010.22
2007-12-14,5105.985
2007-12-17,4982.519
2007-12-18,4954.434
2007-12-19,5073.81
2007-12-20,5167.064
2007-12-21,5233.388
2007-12-24,5341.384
2007-12-25,5351.313
2007-12-26,5400.769
2007-12-27,5505.916
2007-12-28,5475.905
2008-01-02,5523.94
2008-01-03,5561.823
2008-01-04,5625.028
2008-01-07,5699.852
2008-01-08,5670.577
2008-01-09,5758.491
2008-01-10,5818.392
2008-01-11,5846.081
2008-01-14,5879.532
2008-01-15,5843.314
2008-01-16,5647.665
2008-01-17,5503.959
2008-01-18,5554.062
2008-01-21,5278.4
2008-01-22,4876.431
2008-01-23,5103.378
2008-01-24,5156.823
2008-01-25,5208.334
2008-01-28,4853.88
2008-01-29,4884.859
2008-01-30,4832.102
2008-01-31,4739.524
2008-02-01,4689.819
2008-02-04,5077.749
2008-02-05,5048.724
2008-02-13,4940.252
2008-02-14,5006.074
2008-02-15,4937.407
2008-02-18,5037.607
2008-02-19,5150.198
2008-02-20,5035.273
2008-02-21,5001.743
2008-02-22,4823.474
2008-02-25,4636.311
2008-02-26,4631.952
2008-02-27,4759.39
2008-02-28,4741.221
2008-02-29,4795.068
2008-03-03,4914.258
2008-03-04,4791.579
2008-03-05,4748.107
2008-03-06,4805.865
2008-03-07,4740.886
2008-03-10,4545.887
2008-03-11,4555.729
2008-03-12,4420.801
2008-03-13,4307.258
2008-03-14,4265.11
2008-03-17,4067.551
2008-03-18,3861.027
2008-03-19,3989.162
2008-03-20,4105.047
2008-03-21,4141.973
2008-03-24,3956.573
2008-03-25,4006.511
2008-03-26,4015.329
2008-03-27,3845.611
2008-03-28,4019.345
2008-03-31,3888.423
2008-04-01,3675.385
2008-04-02,3639.606
2008-04-03,3744.98
2008-04-07,3945.144
2008-04-08,3991.548
2008-04-09,3783.373
2008-04-10,3851.683
2008-04-11,3881.445
2008-04-14,3627.93
2008-04-15,3676.119
2008-04-16,3584.565
2008-04-17,3474.738
2008-04-18,3357.638
2008-04-21,3352.564
2008-04-22,3382.034
2008-04-23,3543.711
2008-04-24,3873.16
2008-04-25,3902.473
2008-04-28,3826.864
2008-04-29,3875.905
2008-04-30,4062.936
2008-05-05,4162.131
2008-05-06,4116.265
2008-05-07,3921.904
2008-05-08,4028.356
2008-05-09,3981.298
2008-05-12,4008.048
2008-05-13,3955.135
2008-05-14,4082.638
2008-05-15,4054.314
2008-05-16,4042.215
2008-05-19,4019.585
2008-05-20,3810.972
2008-05-21,3885.402
2008-05-22,3812.352
2008-05-23,3775.626
2008-05-26,3656.553
2008-05-27,3674.338
2008-05-28,3777.754
2008-05-29,3680.351
2008-05-30,3711.734
2008-06-02,3726.692
2008-06-03,3714.901
2008-06-04,3646.348
2008-06-05,3610.855
2008-06-06,3588.794
2008-06-10,3298.154
2008-06-11,3230.165
2008-06-12,3173.97
2008-06-13,3066.509
2008-06-16,3039.567
2008-06-17,2927.224
2008-06-18,3081.74
2008-06-19,2857.362
2008-06-20,2936.948
2008-06-23,2876.84
2008-06-24,2940.981
2008-06-25,3063.355
2008-06-26,3075.51
2008-06-27,2906.81
2008-06-30,2882.433
2008-07-01,2786.869
2008-07-02,2788.16
2008-07-03,2851.294
2008-07-04,2831.918
2008-07-07,2977.972
2008-07-08,2997.68
2008-07-09,3114.851
2008-07-10,3072.449
2008-07-11,3051.695
2008-07-14,3075.248
2008-07-15,2948.321
2008-07-16,2837.368
2008-07-17,2809.229
2008-07-18,2909.934
2008-07-21,3008.866
2008-07-22,3003.418
2008-07-23,2981.267
2008-07-24,3078.741
2008-07-25,3039.282
2008-07-28,3063.522
2008-07-29,3006.386
2008-07-30,2984.519
2008-07-31,2902.636
2008-08-01,2939.46
2008-08-04,2869.718
2008-08-05,2797.27
2008-08-06,2816.533
2008-08-07,2815.248
2008-08-08,2681.866
2008-08-11,2542.64
2008-08-12,2529.558
2008-08-13,2530.093
2008-08-14,2528.893
2008-08-15,2533.207
2008-08-18,2394.301
2008-08-19,2430.627
2008-08-20,2621.645
2008-08-21,2529.587
2008-08-22,2489.168
2008-08-25,2484.635
2008-08-26,2413.355
2008-08-27,2406.896
2008-08-28,2417.905
2008-08-29,2475.639
2008-09-01,2390.274
2008-09-02,2365.68
2008-09-03,2324.847
2008-09-04,2330.211
2008-09-05,2260.118
2008-09-08,2201.205
2008-09-09,2214.275
2008-09-10,2218.448
2008-09-11,2144.903
2008-09-12,2150.824
2008-09-16,2070.917
2008-09-17,1996.889
2008-09-18,1962.579
2008-09-19,2146.365
2008-09-22,2285.722
2008-09-23,2198.609
2008-09-24,2214.528
2008-09-25,2302.384
2008-09-26,2323.223
2008-10-06,2204.61
2008-10-07,2177.426
2008-10-08,2095.021
2008-10-09,2066.454
2008-10-10,1974.967
2008-10-13,2056.293
2008-10-14,2003.611
2008-10-15,1982.627
2008-10-16,1885.841
2008-10-17,1898.641
2008-10-20,1964.375
2008-10-21,1948.502
2008-10-22,1898.704
2008-10-23,1900.213
2008-10-24,1845.134
2008-10-27,1713.68
2008-10-28,1766.653
2008-10-29,1717.358
2008-10-30,1758.197
2008-10-31,1722.989
2008-11-03,1712.51
2008-11-04,1685.808
2008-11-05,1751.739
2008-11-06,1708.61
2008-11-07,1737.662
2008-11-10,1865.916
2008-11-11,1844.887
2008-11-12,1866.079
2008-11-13,1940.914
2008-11-14,2012.967
2008-11-17,2058.881
2008-11-18,1906.16
2008-11-19,2023.591
2008-11-20,2002.108
2008-11-21,1989.993
2008-11-24,1903.904
2008-11-25,1900.435
2008-11-26,1909.968
2008-11-27,1937.919
2008-11-28,1895.907
2008-12-01,1931.424
2008-12-02,1936.009
2008-12-03,2023.076
2008-12-04,2054.427
2008-12-05,2085.764
2008-12-08,2170.576
2008-12-09,2114.434
2008-12-10,2172.023
2008-12-11,2120.162
2008-12-12,2031.112
2008-12-15,2046.294
2008-12-16,2066.41
2008-12-17,2073.706
2008-12-18,2118.966
2008-12-19,2126.231
2008-12-22,2090.417
2008-12-23,1988.262
2008-12-24,1955.231
2008-12-25,1938.331
2008-12-26,1929.349
2008-12-29,1921.745
2008-12-30,1899.652
2008-12-31,1883.372
2009-01-05,1950.965
2009-01-06,2012.962
2009-01-07,2000.925
2009-01-08,1956.178
2009-01-09,1987.649
2009-01-12,1990.055
2009-01-13,1943.945
2009-01-14,2025.86
2009-01-15,2025.476
2009-01-16,2062.093
2009-01-19,2085.148
2009-01-20,2098.332
2009-01-21,2094.726
2009-01-22,2118.392
2009-01-23,2106.095
2009-02-02,2131.356
2009-02-03,2185.076
2009-02-04,2244.657
2009-02-05,2228.656
2009-02-06,2318.082
2009-02-09,2379.619
2009-02-10,2410.788
2009-02-11,2415.33
2009-02-12,2402.073
2009-02-13,2485.71
2009-02-16,2551.172
2009-02-17,2471.441
2009-02-18,2358.038
2009-02-19,2381.422
2009-02-20,2428.988
2009-02-23,2497.539
2009-02-24,2384.983
2009-02-25,2387.472
2009-02-26,2269.286
2009-02-27,2217.795
2009-03-02,2242.845
2009-03-03,2219.52
2009-03-04,2367.68
2009-03-05,2388.164
2009-03-06,2369.158
2009-03-09,2282.073
2009-03-10,2321.71
2009-03-11,2300.571
2009-03-12,2295.722
2009-03-13,2285.072
2009-03-16,2322.571
2009-03-17,2406.278
2009-03-18,2416.897
2009-03-19,2468.611
2009-03-20,2465.787
2009-03-23,2527.495
2009-03-24,2540.33
2009-03-25,2488.052
2009-03-26,2569.348
2009-03-27,2589.182
2009-03-30,2574.216
2009-03-31,2598.359
2009-04-01,2640.253
2009-04-02,2669.5
2009-04-03,2663.39
2009-04-07,2670.069
2009-04-08,2568.94
2009-04-09,2608.645
2009-04-10,2689.319
2009-04-13,2752.511
2009-04-14,2773.979
2009-04-15,2784.508
2009-04-16,2784.628
2009-04-17,2746.891
2009-04-20,2805.935
2009-04-21,2772.541
2009-04-22,2669.78
2009-04-23,2687.69
2009-04-24,2666.263
2009-04-27,2604.586
2009-04-28,2610.056
2009-04-29,2700.183
2009-04-30,2718.489
2009-05-04,2813.193
2009-05-05,2826.369
2009-05-06,2865.733
2009-05-07,2867.994
2009-05-08,2891.1
2009-05-11,2825.063
2009-05-12,2890.624
2009-05-13,2917.044
2009-05-14,2895.007
2009-05-15,2898.813
2009-05-18,2914.03
2009-05-19,2944.782
2009-05-20,2916.64
2009-05-21,2851.776
2009-05-22,2842.097
2009-05-25,2854.633
2009-05-26,2821.539
2009-05-27,2864.807
2009-06-01,2967.624
2009-06-02,2974.747
2009-06-03,3052.11
2009-06-04,3068.72
2009-06-05,3054.026
2009-06-08,3064.21
2009-06-09,3076.915
2009-06-10,3107.148
2009-06-11,3081.204
2009-06-12,3024.692
2009-06-15,3088.049
2009-06-16,3083.392
2009-06-17,3134.877
2009-06-18,3183.942
2009-06-19,3207.449
2009-06-22,3211.82
2009-06-23,3213.996
2009-06-24,3253.062
2009-06-25,3250.288
2009-06-26,3262.958
2009-06-29,3316.896
2009-06-30,3303.167
2009-07-01,3379.439
2009-07-02,3426.071
2009-07-03,3473.086
2009-07-06,3522.965
2009-07-07,3487.201
2009-07-08,3499.63
2009-07-09,3545.792
2009-07-10,3548.003
2009-07-13,3509.767
2009-07-14,3607.939
2009-07-15,3648.298
2009-07-16,3656.812
2009-07-17,3676.206
2009-07-20,3751.228
2009-07-21,3697.808
2009-07-22,3767.894
2009-07-23,3815.172
2009-07-24,3831.589
2009-07-27,3911.5
2009-07-28,3924.239
2009-07-29,3718.097
2009-07-30,3797.828
2009-07-31,3902.258
2009-08-03,3957.022
2009-08-04,3956.585
2009-08-05,3908.916
2009-08-06,3827.7
2009-08-07,3715.389
2009-08-10,3704.491
2009-08-11,3716.861
2009-08-12,3550.745
2009-08-13,3596.133
2009-08-14,3495.426
2009-08-17,3282.018
2009-08-18,3315.165
2009-08-19,3150.701
2009-08-20,3286.389
2009-08-21,3348.533
2009-08-24,3375.683
2009-08-25,3250.616
2009-08-26,3316.005
2009-08-27,3299.191
2009-08-28,3184.713
2009-08-31,2958.401
2009-09-01,2972.73
2009-09-02,3022.098
2009-09-03,3190.443
2009-09-04,3216.82
2009-09-07,3245.115
2009-09-08,3314.904
2009-09-09,3339.933
2009-09-10,3306.485
2009-09-11,3385.119
2009-09-14,3442.889
2009-09-15,3452.557
2009-09-16,3406.135
2009-09-17,3471.112
2009-09-18,3345.228
2009-09-21,3355.772
2009-09-22,3274.827
2009-09-23,3200.611
2009-09-24,3222.426
2009-09-25,3198.999
2009-09-28,3109.169
2009-09-29,3108.795
2009-09-30,3142.836
2009-10-09,3309.038
2009-10-12,3296.407
2009-10-13,3345.446
2009-10-14,3375.654
2009-10-15,3388.461
2009-10-16,3390.622
2009-10-19,3482.088
2009-10-20,3532.728
2009-10-21,3524.059
2009-10-22,3501.106
2009-10-23,3570.067
2009-10-26,3571.1
2009-10-27,3467.011
2009-10-28,3482.286
2009-10-29,3396.23
2009-10-30,3431.082
2009-11-02,3548.678
2009-11-03,3593.258
2009-11-04,3612.569
2009-11-05,3623.478
2009-11-06,3643.041
2009-11-09,3656.395
2009-11-10,3664.749
2009-11-11,3656.274
2009-11-12,3660.791
2009-11-13,3680.382
2009-11-16,3792.377
2009-11-17,3795.051
2009-11-18,3797.012
2009-11-19,3809.781
2009-11-20,3797.832
2009-11-23,3833.913
2009-11-24,3711.089
2009-11-25,3796.385
2009-11-26,3645.919
2009-11-27,3537.912
2009-11-30,3673.005
2009-12-01,3724.425
2009-12-02,3762.601
2009-12-03,3755.851
2009-12-04,3810.883
2009-12-07,3837.389
2009-12-08,3790.517
2009-12-09,3717.781
2009-12-10,3741.586
2009-12-11,3739.267
2009-12-14,3778.734
2009-12-15,3747.996
2009-12-16,3724.339
2009-12-17,3640.066
2009-12-18,3547.586
2009-12-21,3552.697
2009-12-22,3457.433
2009-12-23,3489.792
2009-12-24,3596.831
2009-12-25,3582.152
2009-12-28,3638.268
2009-12-29,3661.597
2009-12-30,3722.388
2009-12-31,3739.987
2010-01-04,3697.673
2010-01-05,3727.807
2010-01-06,3704.47
2010-01-07,3630.97
2010-01-08,3640.043
2010-01-11,3642.054
2010-01-12,3697.347
2010-01-13,3578.347
2010-01-14,3628.455
2010-01-15,3642.771
2010-01-18,3661.542
2010-01-19,3668.653
2010-01-20,3550.411
2010-01-21,3565.218
2010-01-22,3520.876
2010-01-25,3478.508
2010-01-26,3391.805
2010-01-27,3345.542
2010-01-28,3353.913
2010-01-29,3351.388
2010-02-01,3297.576
2010-02-02,3290.759
2010-02-03,3379.168
2010-02-04,3366.708
2010-02-05,3297.973
2010-02-08,3295.777
2010-02-09,3314.816
2010-02-10,3361.821
2010-02-11,3368.377
2010-02-12,3400.676
2010-02-22,3381.92
2010-02-23,3345.613
2010-02-24,3393.569
2010-02-25,3443.403
2010-02-26,3432.461
2010-03-01,3477.183
2010-03-02,3463.389
2010-03-03,3488.33
2010-03-04,3399.939
2010-03-05,3409.552
2010-03-08,3437.18
2010-03-09,3457.77
2010-03-10,3430.398
2010-03-11,3427.272
2010-03-12,3381.69
2010-03-15,3329.452
2010-03-16,3351.195
2010-03-17,3424.353
2010-03-18,3417.713
2010-03-19,3445.238
2010-03-22,3454.398
2010-03-23,3426.1
2010-03-24,3427.246
2010-03-25,3377.705
2010-03-26,3425.689
2010-03-29,3513.071
2010-03-30,3521.614
2010-03-31,3499.542
2010-04-01,3548.002
2010-04-02,3564.122
2010-04-06,3561.819
2010-04-07,3542.786
2010-04-08,3500.731
2010-04-09,3534.648
2010-04-12,3507.061
2010-04-13,3549.168
2010-04-14,3561.715
2010-04-15,3552.158
2010-04-16,3512.141
2010-04-19,3323.88
2010-04-20,3320.798
2010-04-21,3387.234
2010-04-22,3350.461
2010-04-23,3338.425
2010-04-26,3319.581
2010-04-27,3253.035
2010-04-28,3241.583
2010-04-29,3202.573
2010-04-30,3210.613
2010-05-04,3160.526
2010-05-05,3178.419
2010-05-06,3033.596
2010-05-07,2970.755
2010-05-10,2993.341
2010-05-11,2933.211
2010-05-12,2951.623
2010-05-13,3023.63
2010-05-14,3004.162
2010-05-17,2843.73
2010-05-18,2903.865
2010-05-19,2894.371
2010-05-20,2856.815
2010-05-21,2901.636
2010-05-24,3012.236
2010-05-25,2949.944
2010-05-26,2949.966
2010-05-27,2999.98
2010-05-28,2990.057
2010-05-31,2909.363
2010-06-01,2878.866
2010-06-02,2893.005
2010-06-03,2870.886
2010-06-04,2880.362
2010-06-07,2829.428
2010-06-08,2833.41
2010-06-09,2920.953
2010-06-10,2887.97
2010-06-11,2897.443
2010-06-17,2880.807
2010-06-18,2832.629
2010-06-21,2921.74
2010-06-22,2925.304
2010-06-23,2899.06
2010-06-24,2899.568
2010-06-25,2877.683
2010-06-28,2857.224
2010-06-29,2726.721
2010-06-30,2696.456
2010-07-01,2659.149
2010-07-02,2668.637
2010-07-05,2647.528
2010-07-06,2700.945
2010-07-07,2719.497
2010-07-08,2716.079
2010-07-09,2791.135
2010-07-12,2821.979
2010-07-13,2779.31
2010-07-14,2799.644
2010-07-15,2752.243
2010-07-16,2760.466
2010-07-19,2830.791
2010-07-20,2894.119
2010-07-21,2900.275
2010-07-22,2936.29
2010-07-23,2948.942
2010-07-26,2967.925
2010-07-27,2951.959
2010-07-28,3023.795
2010-07-29,3039.258
2010-07-30,3029.913
2010-08-02,3081.061
2010-08-03,3026.876
2010-08-04,3037.957
2010-08-05,3010.914
2010-08-06,3060.471
2010-08-09,3082.309
2010-08-10,2991.894
2010-08-11,3010.455
2010-08-12,2974.729
2010-08-13,3016.091
2010-08-16,3086.369
2010-08-17,3107.713
2010-08-18,3102.519
2010-08-19,3121.708
2010-08-20,3061.435
2010-08-23,3059.277
2010-08-24,3075.792
2010-08-25,3003.114
2010-08-26,3010.603
2010-08-27,3019.574
2010-08-30,3079.198
2010-08-31,3066.71
2010-09-01,3046.485
2010-09-02,3085.94
2010-09-03,3084.685
2010-09-06,3142.661
2010-09-07,3151.131
2010-09-08,3148.869
2010-09-09,3091.602
2010-09-10,3098.04
2010-09-13,3131.021
2010-09-14,3133.923
2010-09-15,3079.156
2010-09-16,3020.966
2010-09-17,3024.781
2010-09-20,3012.581
2010-09-21,3020.667
2010-09-27,3070.936
2010-09-28,3045.436
2010-09-29,3038.993
2010-09-30,3103.225
2010-10-08,3218.09
2010-10-11,3311.815
2010-10-12,3353.921
2010-10-13,3401.333
2010-10-14,3408.271
2010-10-15,3517.728
2010-10-18,3494.975
2010-10-19,3568.459
2010-10-20,3590.876
2010-10-21,3567.414
2010-10-22,3571.611
2010-10-25,3679.887
2010-10-26,3664.033
2010-10-27,3598.267
2010-10-28,3591.734
2010-10-29,3573.013
2010-11-01,3671.338
2010-11-02,3660.91
2010-11-03,3615.676
2010-11-04,3679.276
2010-11-05,3721.871
2010-11-08,3751.225
2010-11-09,3725.207
2010-11-10,3698.945
2010-11-11,3710.429
2010-11-12,3479.83
2010-11-15,3504.207
2010-11-16,3350.55
2010-11-17,3281.17
2010-11-18,3327.742
2010-11-19,3360.39
2010-11-22,3353.091
2010-11-23,3284.627
2010-11-24,3358.484
2010-11-25,3407.577
2010-11-26,3377.31
2010-11-29,3372.233
2010-11-30,3316.138
2010-12-01,3315.122
2010-12-02,3335.245
2010-12-03,3338.545
2010-12-06,3346.383
2010-12-07,3383.138
2010-12-08,3353.055
2010-12-09,3301.768
2010-12-10,3342.584
2010-12-13,3447.328
2010-12-14,3456.221
2010-12-15,3433.144
2010-12-16,3415.195
2010-12-17,3409.906
2010-12-20,3360.217
2010-12-21,3435.116
2010-12-22,3399.115
2010-12-23,3370.736
2010-12-24,3343.618
2010-12-27,3276.76
2010-12-28,3218.853
2010-12-29,3236.717
2010-12-30,3239.115
2010-12-31,3306.943
2011-01-04,3371.872
2011-01-05,3357.051
2011-01-06,3340.117
2011-01-07,3347.498
2011-01-10,3285.723
2011-01-11,3303.413
2011-01-12,3321.823
2011-01-13,3320.709
2011-01-14,3268.464
2011-01-17,3144.24
2011-01-18,3147.726
2011-01-19,3218.768
2011-01-20,3112.91
2011-01-21,3153.866
2011-01-24,3122.974
2011-01-25,3106.505
2011-01-26,3148.554
2011-01-27,3199.333
2011-01-28,3210.189
2011-01-31,3252.232
2011-02-01,3253.051
2011-02-09,3214.642
2011-02-10,3281.467
2011-02-11,3299.219
2011-02-14,3403.109
2011-02-15,3401.553
2011-02-16,3434.172
2011-02-17,3431.403
2011-02-18,3395.427
2011-02-21,3444.089
2011-02-22,3344.369
2011-02-23,3356.171
2011-02-24,3373.289
2011-02-25,3380.353
2011-02-28,3424.693
2011-03-01,3440.903
2011-03-02,3428.645
2011-03-03,3405.832
2011-03-04,3457.577
2011-03-07,3525.069
2011-03-08,3528.184
2011-03-09,3529.666
2011-03-10,3467.718
2011-03-11,3432.955
2011-03-14,3449.387
2011-03-15,3387.059
2011-03-16,3433.821
2011-03-17,3379.807
2011-03-18,3399.453
2011-03-21,3390.388
2011-03-22,3407.145
2011-03-23,3451.508
2011-03-24,3437.168
2011-03-25,3482.755
2011-03-28,3478.618
2011-03-29,3444.173
2011-03-30,3442.165
2011-03-31,3407.97
2011-04-01,3460.244
2011-04-06,3500.778
2011-04-07,3514.941
2011-04-08,3545.493
2011-04-11,3524.419
2011-04-12,3517.381
2011-04-13,3565.234
2011-04-14,3545.769
2011-04-15,3551.461
2011-04-18,3552.043
2011-04-19,3484.869
2011-04-20,3484.812
2011-04-21,3508.02
2011-04-22,3489.609
2011-04-25,3436.346
2011-04-26,3416.662
2011-04-27,3393.972
2011-04-28,3343.501
2011-04-29,3376.423
2011-05-03,3395.891
2011-05-04,3309.129
2011-05-05,3306.079
2011-05-06,3301.212
2011-05-09,3310.109
2011-05-10,3334.922
2011-05-11,3326.677
2011-05-12,3280.899
2011-05-13,3309.262
2011-05-16,3280.176
2011-05-17,3296.927
2011-05-18,3321.747
2011-05-19,3302.005
2011-05-20,3303.11
2011-05-23,3198.83
2011-05-24,3202.403
2011-05-25,3164.519
2011-05-26,3152.015
2011-05-27,3136.674
2011-05-30,3127.803
2011-05-31,3178.195
2011-06-01,3181.683
2011-06-02,3130.547
2011-06-03,3164.838
2011-06-07,3184.204
2011-06-08,3188.857
2011-06-09,3131.433
2011-06-10,3145.204
2011-06-13,3136.111
2011-06-14,3182.172
2011-06-15,3151.754
2011-06-16,3105.878
2011-06-17,3079.273
2011-06-20,3061.774
2011-06-21,3098.886
2011-06-22,3098.986
2011-06-23,3153.037
2011-06-24,3229.789
2011-06-27,3239.413
2011-06-28,3245.284
2011-06-29,3202.288
2011-06-30,3249.167
2011-07-01,3256.369
2011-07-04,3334.056
2011-07-05,3335.537
2011-07-06,3326.457
2011-07-07,3313.903
2011-07-08,3322.508
2011-07-11,3326.965
2011-07-12,3267.019
2011-07-13,3320.002
2011-07-14,3330.597
2011-07-15,3345.209
2011-07-18,3338.78
2011-07-19,3309.842
2011-07-20,3306.037
2011-07-21,3272.138
2011-07-22,3281.738
2011-07-25,3175.133
2011-07-26,3185.306
2011-07-27,3209.156
2011-07-28,3188.857
2011-07-29,3179.506
2011-08-01,3185.832
2011-08-02,3163.002
2011-08-03,3161.396
2011-08-04,3167.215
2011-08-05,3099.928
2011-08-08,2989.307
2011-08-09,2993.9
2011-08-10,3021.645
2011-08-11,3067.443
2011-08-12,3076.644
2011-08-15,3122.206
2011-08-16,3100.482
2011-08-17,3088.182
2011-08-18,3032.8
2011-08-19,3004.35
2011-08-22,2972.38
2011-08-23,3018.97
2011-08-24,3007.31
2011-08-25,3107.72
2011-08-26,3104.91
2011-08-29,3053.11
2011-08-30,3041.26
2011-08-31,3046.65
2011-09-01,3033.55
2011-09-02,3001.0
2011-09-05,2936.74
2011-09-06,2914.79
2011-09-07,2974.5
2011-09-08,2949.89
2011-09-09,2944.53
2011-09-13,2911.55
2011-09-14,2925.28
2011-09-15,2921.28
2011-09-16,2926.57
2011-09-19,2868.23
2011-09-20,2879.65
2011-09-21,2966.54
2011-09-22,2875.2
2011-09-23,2857.88
2011-09-26,2795.18
2011-09-27,2824.05
2011-09-28,2794.83
2011-09-29,2770.85
2011-09-30,2763.53
2011-10-10,2737.55
2011-10-11,2732.1
2011-10-12,2831.41
2011-10-13,2850.51
2011-10-14,2841.07
2011-10-17,2855.17
2011-10-18,2775.15
2011-10-19,2765.42
2011-10-20,2698.45
2011-10-21,2684.91
2011-10-24,2758.55
2011-10-25,2810.75
2011-10-26,2838.84
2011-10-27,2845.08
2011-10-28,2900.26
2011-10-31,2885.58
2011-11-01,2887.96
2011-11-02,2935.99
2011-11-03,2938.03
2011-11-04,2958.85
2011-11-07,2929.41
2011-11-08,2920.27
2011-11-09,2945.9
2011-11-10,2890.16
2011-11-11,2885.33
2011-11-14,2944.42
2011-11-15,2938.52
2011-11-16,2858.69
2011-11-17,2850.02
2011-11-18,2790.57
2011-11-21,2793.99
2011-11-22,2793.76
2011-11-23,2766.5
2011-11-24,2771.75
2011-11-25,2751.47
2011-11-28,2755.2
2011-11-29,2792.94
2011-11-30,2699.74
2011-12-01,2766.22
2011-12-02,2738.06
2011-12-05,2699.6
2011-12-06,2694.2
2011-12-07,2706.93
2011-12-08,2703.47
2011-12-09,2680.41
2011-12-12,2652.82
2011-12-13,2593.11
2011-12-14,2566.94
2011-12-15,2506.24
2011-12-16,2559.07
2011-12-19,2552.94
2011-12-20,2545.18
2011-12-21,2504.53
2011-12-22,2506.92
2011-12-23,2526.0
2011-12-26,2500.88
2011-12-27,2468.05
2011-12-28,2471.15
2011-12-29,2474.82
2011-12-30,2511.63
2012-01-04,2461.32
2012-01-05,2437.37
2012-01-06,2452.59
2012-01-09,2536.075
2012-01-10,2620.425
2012-01-11,2607.854
2012-01-12,2607.438
2012-01-13,2563.661
2012-01-16,2511.533
2012-01-17,2634.614
2012-01-18,2593.486
2012-01-19,2642.912
2012-01-20,2681.175
2012-01-30,2634.742
2012-01-31,2638.532
2012-02-01,2600.772
2012-02-02,2662.064
2012-02-03,2683.319
2012-02-06,2681.426
2012-02-07,2631.779
2012-02-08,2707.031
2012-02-09,2708.097
2012-02-10,2712.801
2012-02-13,2711.042
2012-02-14,2700.469
2012-02-15,2729.914
2012-02-16,2715.424
2012-02-17,2716.507
2012-02-20,2720.383
2012-02-21,2743.667
2012-02-22,2781.167
2012-02-23,2790.568
2012-02-24,2835.282
2012-02-27,2844.443
2012-02-28,2850.75
2012-02-29,2820.427
2012-03-01,2819.573
2012-03-02,2869.457
2012-03-05,2851.002
2012-03-06,2806.41
2012-03-07,2787.088
2012-03-08,2822.191
2012-03-09,2852.719
2012-03-12,2842.119
2012-03-13,2870.699
2012-03-14,2789.359
2012-03-15,2768.415
2012-03-16,2809.075
2012-03-19,2816.027
2012-03-20,2767.236
2012-03-21,2770.821
2012-03-22,2766.489
2012-03-23,2733.502
2012-03-26,2736.277
2012-03-27,2727.391
2012-03-28,2650.036
2012-03-29,2616.106
2012-03-30,2628.717
2012-04-05,2690.789
2012-04-06,2698.283
2012-04-09,2671.851
2012-04-10,2698.239
2012-04-11,2698.569
2012-04-12,2752.765
2012-04-13,2763.494
2012-04-16,2756.629
2012-04-17,2722.186
2012-04-18,2784.398
2012-04-19,2780.432
2012-04-20,2813.401
2012-04-23,2791.122
2012-04-24,2790.226
2012-04-25,2812.853
2012-04-26,2818.892
2012-04-27,2813.182
2012-05-02,2874.595
2012-05-03,2883.198
2012-05-04,2909.559
2012-05-07,2913.24
2012-05-08,2903.955
2012-05-09,2848.811
2012-05-10,2848.73
2012-05-11,2827.171
2012-05-14,2804.373
2012-05-15,2806.521
2012-05-16,2761.327
2012-05-17,2803.523
2012-05-18,2761.197
2012-05-21,2775.517
2012-05-22,2818.82
2012-05-23,2807.423
2012-05-24,2784.472
2012-05-25,2760.929
2012-05-28,2806.311
2012-05-29,2845.197
2012-05-30,2835.971
2012-05-31,2827.625
2012-06-01,2829.202
2012-06-04,2749.936
2012-06-05,2750.081
2012-06-06,2748.85
2012-06-07,2736.051
2012-06-08,2718.12
2012-06-11,2757.526
2012-06-12,2739.555
2012-06-13,2783.836
2012-06-14,2764.38
2012-06-15,2773.484
2012-06-18,2788.628
2012-06-19,2764.863
2012-06-20,2759.854
2012-06-21,2716.621
2012-06-25,2658.764
2012-06-26,2662.825
2012-06-27,2654.514
2012-06-28,2631.754
2012-06-29,2670.81
2012-07-02,2675.551
2012-07-03,2679.474
2012-07-04,2675.613
2012-07-05,2640.362
2012-07-06,2687.563
2012-07-09,2626.87
2012-07-10,2617.072
2012-07-11,2638.3
2012-07-12,2664.506
2012-07-13,2666.637
2012-07-16,2612.041
2012-07-17,2628.165
2012-07-18,2628.637
2012-07-19,2641.093
2012-07-20,2613.146
2012-07-23,2577.198
2012-07-24,2588.704
2012-07-25,2571.455
2012-07-26,2557.78
2012-07-27,2559.666
2012-07-30,2545.463
2012-07-31,2542.334
2012-08-01,2570.372
2012-08-02,2546.256
2012-08-03,2567.421
2012-08-06,2602.293
2012-08-07,2605.851
2012-08-08,2607.405
2012-08-09,2631.343
2012-08-10,2618.39
2012-08-13,2566.571
2012-08-14,2572.119
2012-08-15,2544.4
2012-08-16,2531.485
2012-08-17,2525.426
2012-08-20,2512.771
2012-08-21,2525.802
2012-08-22,2506.074
2012-08-23,2513.294
2012-08-24,2484.34
2012-08-27,2432.513
2012-08-28,2443.694
2012-08-29,2417.933
2012-08-30,2414.173
2012-08-31,2407.075
2012-09-03,2434.599
2012-09-04,2408.419
2012-09-05,2403.468
2012-09-06,2423.077
2012-09-07,2531.628
2012-09-10,2542.025
2012-09-11,2525.882
2012-09-12,2534.821
2012-09-13,2511.209
2012-09-14,2529.872
2012-09-17,2468.0
2012-09-18,2442.642
2012-09-19,2454.66
2012-09-20,2399.709
2012-09-21,2403.109
2012-09-24,2421.089
2012-09-25,2415.23
2012-09-26,2387.893
2012-09-27,2460.928
2012-09-28,2506.22
2012-10-08,2481.026
2012-10-09,2535.786
2012-10-10,2540.114
2012-10-11,2516.524
2012-10-12,2518.707
2012-10-15,2508.135
2012-10-16,2511.747
2012-10-17,2514.633
2012-10-18,2553.236
2012-10-19,2549.433
2012-10-22,2559.403
2012-10-23,2527.175
2012-10-24,2522.477
2012-10-25,2504.399
2012-10-26,2457.035
2012-10-29,2443.861
2012-10-30,2448.264
2012-10-31,2464.591
2012-11-01,2511.662
2012-11-02,2521.429
2012-11-05,2516.08
2012-11-06,2505.506
2012-11-07,2500.367
2012-11-08,2454.35
2012-11-09,2449.495
2012-11-12,2461.436
2012-11-13,2418.36
2012-11-14,2430.023
2012-11-15,2397.792
2012-11-16,2379.884
2012-11-19,2377.419
2012-11-20,2366.375
2012-11-21,2399.184
2012-11-22,2380.219
2012-11-23,2396.756
2012-11-26,2378.091
2012-11-27,2350.806
2012-11-28,2327.33
2012-11-29,2312.591
2012-11-30,2338.807
2012-12-03,2305.129
2012-12-04,2329.858
2012-12-05,2413.374
2012-12-06,2408.7
2012-12-07,2455.871
2012-12-10,2482.422
2012-12-11,2468.708
2012-12-12,2478.837
2012-12-13,2451.366
2012-12-14,2575.135
2012-12-17,2586.978
2012-12-18,2588.53
2012-12-19,2591.797
2012-12-20,2606.781
2012-12-21,2592.774
2012-12-24,2602.846
2012-12-25,2676.277
2012-12-26,2686.359
2012-12-27,2672.122
2012-12-28,2710.876
2012-12-31,2757.773
2013-01-04,2759.366
2013-01-07,2772.02
2013-01-08,2760.373
2013-01-09,2761.243
2013-01-10,2766.098
2013-01-11,2714.354
2013-01-14,2817.645
2013-01-15,2837.463
2013-01-16,2816.952
2013-01-17,2790.353
2013-01-18,2837.007
2013-01-21,2853.904
2013-01-22,2838.602
2013-01-23,2850.142
2013-01-24,2823.142
2013-01-25,2811.03
2013-01-28,2898.683
2013-01-29,2924.919
2013-01-30,2938.96
2013-01-31,2936.961
2013-02-01,2998.656
2013-02-04,3003.798
2013-02-05,3029.645
2013-02-06,3034.202
2013-02-07,3016.742
2013-02-08,3029.7
2013-02-18,2992.258
2013-02-19,2935.566
2013-02-20,2954.18
2013-02-21,2853.524
2013-02-22,2838.28
2013-02-25,2847.414
2013-02-26,2806.571
2013-02-27,2836.174
2013-02-28,2922.144
2013-03-01,2917.235
2013-03-04,2782.655
2013-03-05,2866.922
2013-03-06,2896.867
2013-03-07,2863.285
2013-03-08,2849.564
2013-03-11,2833.654
2013-03-12,2793.476
2013-03-13,2762.73
2013-03-14,2770.148
2013-03-15,2776.268
2013-03-18,2735.41
2013-03-19,2760.221
2013-03-20,2853.22
2013-03-21,2858.58
2013-03-22,2862.21
2013-03-25,2856.514
2013-03-26,2814.922
2013-03-27,2824.192
2013-03-28,2732.118
2013-03-29,2727.506
2013-04-01,2725.434
2013-04-02,2718.004
2013-04-03,2714.92
2013-04-08,2702.624
2013-04-09,2721.35
2013-04-10,2716.846
2013-04-11,2708.818
2013-04-12,2691.765
2013-04-15,2664.223
2013-04-16,2689.147
2013-04-17,2687.923
2013-04-18,2694.896
2013-04-19,2770.309
2013-04-22,2766.989
2013-04-23,2678.237
2013-04-24,2728.652
2013-04-25,2698.361
2013-04-26,2675.935
2013-05-02,2678.487
2013-05-03,2726.456
2013-05-06,2762.624
2013-05-07,2767.001
2013-05-08,2781.066
2013-05-09,2764.752
2013-05-10,2779.054
2013-05-13,2768.075
2013-05-14,2727.297
2013-05-15,2742.354
2013-05-16,2793.65
2013-05-17,2836.871
2013-05-20,2856.996
2013-05-21,2862.797
2013-05-22,2866.742
2013-05-23,2829.155
2013-05-24,2845.343
2013-05-27,2848.339
2013-05-28,2897.574
2013-05-29,2895.644
2013-05-30,2886.825
2013-05-31,2856.765
2013-06-03,2856.574
2013-06-04,2816.454
2013-06-05,2812.115
2013-06-06,2777.726
2013-06-07,2732.886
2013-06-13,2645.175
2013-06-14,2664.203
2013-06-17,2650.372
2013-06-18,2668.357
2013-06-19,2649.689
2013-06-20,2562.65
2013-06-21,2559.799
2013-06-24,2398.48
2013-06-25,2392.493
2013-06-26,2398.073
2013-06-27,2391.768
2013-06-28,2438.246
2013-07-01,2453.758
2013-07-02,2463.425
2013-07-03,2445.757
2013-07-04,2466.82
2013-07-05,2473.353
2013-07-08,2405.481
2013-07-09,2404.589
2013-07-10,2473.086
2013-07-11,2592.22
2013-07-12,2535.263
2013-07-15,2570.957
2013-07-16,2582.909
2013-07-17,2544.516
2013-07-18,2503.411
2013-07-19,2442.431
2013-07-22,2458.26
2013-07-23,2529.336
2013-07-24,2511.915
2013-07-25,2500.123
2013-07-26,2485.147
2013-07-29,2431.589
2013-07-30,2446.583
2013-07-31,2451.313
2013-08-01,2509.82
2013-08-02,2512.031
2013-08-05,2546.975
2013-08-06,2564.288
2013-08-07,2549.735
2013-08-08,2546.541
2013-08-09,2557.108
2013-08-12,2631.813
2013-08-13,2638.857
2013-08-14,2627.685
2013-08-15,2597.062
2013-08-16,2577.836
2013-08-19,2608.646
2013-08-20,2587.536
2013-08-21,2583.424
2013-08-22,2578.657
2013-08-23,2559.627
2013-08-26,2614.119
2013-08-27,2620.012
2013-08-28,2605.703
2013-08-29,2594.795
2013-08-30,2589.87
2013-09-02,2597.071
2013-09-03,2635.303
2013-09-04,2631.046
2013-09-05,2621.014
2013-09-06,2638.974
2013-09-09,2731.679
2013-09-10,2772.355
2013-09-11,2781.311
2013-09-12,2809.393
2013-09-13,2788.606
2013-09-16,2776.829
2013-09-17,2719.611
2013-09-18,2725.424
2013-09-23,2769.992
2013-09-24,2738.169
2013-09-25,2721.526
2013-09-26,2671.569
2013-09-27,2683.365
2013-09-30,2699.124
2013-10-08,2735.872
2013-10-09,2749.062
2013-10-10,2721.902
2013-10-11,2765.813
2013-10-14,2770.332
2013-10-15,2764.703
2013-10-16,2712.998
2013-10-17,2703.989
2013-10-18,2718.294
2013-10-21,2769.015
2013-10-22,2740.52
2013-10-23,2709.819
2013-10-24,2689.674
2013-10-25,2653.874
2013-10-28,2650.994
2013-10-29,2657.828
2013-10-30,2697.513
2013-10-31,2659.694
2013-11-01,2672.29
2013-11-04,2667.241
2013-11-05,2670.956
2013-11-06,2637.1163
2013-11-07,2622.532
2013-11-08,2585.9971
2013-11-11,2594.8984
2013-11-12,2621.9138
2013-11-13,2563.7784
2013-11-14,2582.1377
2013-11-15,2633.9403
2013-11-18,2721.5272
2013-11-19,2702.7709
2013-11-20,2716.9864
2013-11-21,2700.335
2013-11-22,2686.8585
2013-11-25,2676.4011
2013-11-26,2675.0419
2013-11-27,2705.3674
2013-11-28,2733.4346
2013-11-29,2732.787
2013-12-02,2710.2029
2013-12-03,2737.0894
2013-12-04,2773.3384
2013-12-05,2765.5643
2013-12-06,2747.7375
2013-12-09,2746.1516
2013-12-10,2748.8972
2013-12-11,2703.4514
2013-12-12,2700.3728
2013-12-13,2696.5894
2013-12-16,2653.2093
2013-12-17,2640.2712
2013-12-18,2641.2232
2013-12-19,2613.4175
2013-12-20,2552.6048
2013-12-23,2559.85
2013-12-24,2563.9348
2013-12-25,2582.8286
2013-12-26,2538.2601
2013-12-27,2580.9998
2013-12-30,2576.4956
2013-12-31,2610.7465
2014-01-02,2601.7289
2014-01-03,2566.7712
2014-01-06,2508.3467
2014-01-07,2507.6343
2014-01-08,2512.0156
2014-01-09,2489.9533
2014-01-10,2470.4904
2014-01-13,2457.973
2014-01-14,2479.4483
2014-01-15,2475.0736
2014-01-16,2478.3427
2014-01-17,2440.9672
2014-01-20,2426.9674
2014-01-21,2450.9649
2014-01-22,2514.145
2014-01-23,2500.819
2014-01-24,2516.269
2014-01-27,2482.9249
2014-01-28,2487.3353
2014-01-29,2496.2155
2014-01-30,2467.8326
2014-02-07,2479.0749
2014-02-10,2540.7593
2014-02-11,2560.9592
2014-02-12,2567.4629
2014-02-13,2554.3621
2014-02-14,2572.314
2014-02-17,2590.3236
2014-02-18,2557.5982
2014-02-19,2586.9717
2014-02-20,2563.1937
2014-02-21,2537.2618
2014-02-24,2481.4753
2014-02-25,2418.0517
2014-02-26,2424.2104
2014-02-27,2413.7924
2014-02-28,2441.6536
2014-03-03,2454.4263
2014-03-04,2447.5946
2014-03-05,2424.8505
2014-03-06,2435.6732
2014-03-07,2429.7609
2014-03-10,2350.6818
2014-03-11,2362.8667
2014-03-12,2368.9996
2014-03-13,2398.3573
2014-03-14,2378.7507
2014-03-17,2401.3888
2014-03-18,2395.8921
2014-03-19,2376.548
2014-03-20,2338.5583
2014-03-21,2419.0486
2014-03-24,2438.9442
2014-03-25,2436.5754
2014-03-26,2432.7742
2014-03-27,2415.8376
2014-03-28,2411.6443
2014-03-31,2405.3014
2014-04-01,2424.1397
2014-04-02,2443.8775
2014-04-03,2426.2612
2014-04-04,2449.1943
2014-04-08,2507.295
2014-04-09,2508.7556
2014-04-10,2548.1374
2014-04-11,2544.6877
2014-04-14,2542.4517
2014-04-15,2498.5764
2014-04-16,2502.1607
2014-04-17,2493.5056
2014-04-18,2493.1418
2014-04-21,2451.4146
2014-04-22,2462.1337
2014-04-23,2459.822
2014-04-24,2455.7205
2014-04-25,2430.4439
2014-04-28,2393.6263
2014-04-29,2419.9753
2014-04-30,2420.8996
2014-05-05,2418.4456
2014-05-06,2419.5087
2014-05-07,2397.1227
2014-05-08,2397.5554
2014-05-09,2395.7755
2014-05-12,2447.6302
2014-05-13,2441.7892
2014-05-14,2439.5815
2014-05-15,2407.8563
2014-05-16,2410.3672
2014-05-19,2376.0347
2014-05-20,2376.7399
2014-05-21,2399.5153
2014-05-22,2394.7069
2014-05-23,2415.2503
2014-05-26,2424.179
2014-05-27,2414.6748
2014-05-28,2439.7455
2014-05-29,2423.8242
2014-05-30,2425.415
2014-06-03,2418.5025
2014-06-04,2394.1541
2014-06-05,2419.7019
2014-06-06,2403.901
2014-06-09,2403.5155
2014-06-10,2433.9071
2014-06-11,2433.3418
2014-06-12,2425.693
2014-06-13,2452.245
2014-06-16,2470.6546
2014-06-17,2447.6531
2014-06-18,2438.2204
2014-06-19,2400.9594
2014-06-20,2414.6291
2014-06-23,2413.0001
2014-06-24,2428.9075
2014-06-25,2418.3671
2014-06-26,2436.7971
2014-06-27,2440.0227
2014-06-30,2457.309
2014-07-01,2457.3991
2014-07-02,2465.1559
2014-07-03,2478.056
2014-07-04,2477.0746
2014-07-07,2474.6874
2014-07-08,2479.4484
2014-07-09,2444.3711
2014-07-10,2440.655
2014-07-11,2454.7893
2014-07-14,2483.4332
2014-07-15,2487.3778
2014-07-16,2483.5153
2014-07-17,2470.5739
2014-07-18,2482.8916
2014-07-21,2485.3602
2014-07-22,2515.9109
2014-07-23,2521.9175
2014-07-24,2567.1514
2014-07-25,2594.9194
2014-07-28,2668.0936
2014-07-29,2677.1789
2014-07-30,2668.4756
2014-07-31,2701.3272
2014-08-01,2677.4404
2014-08-04,2730.5646
2014-08-05,2723.5424
2014-08-06,2716.7312
2014-08-07,2675.6179
2014-08-08,2680.8675
2014-08-11,2720.216
2014-08-12,2710.7207
2014-08-13,2712.9553
2014-08-14,2686.5534
2014-08-15,2715.6889
2014-08-18,2731.7103
2014-08-19,2732.1021
2014-08-20,2722.6091
2014-08-21,2708.9681
2014-08-22,2721.7871
2014-08-25,2695.9019
2014-08-26,2674.3355
2014-08-27,2678.4452
2014-08-28,2659.6691
2014-08-29,2690.7486
2014-09-01,2710.3464
2014-09-02,2746.1839
2014-09-03,2771.9346
2014-09-04,2791.9414
2014-09-05,2818.4479
2014-09-09,2813.8054
2014-09-10,2799.0856
2014-09-11,2788.7533
2014-09-12,2806.5042
2014-09-15,2805.1586
2014-09-16,2749.4233
2014-09-17,2763.881
2014-09-18,2772.3273
2014-09-19,2791.7045
2014-09-22,2738.4182
2014-09-23,2762.0647
2014-09-24,2811.131
2014-09-25,2805.4908
2014-09-26,2805.7623
2014-09-29,2818.0025
2014-09-30,2821.6747
2014-10-08,2853.2127
2014-10-09,2857.3247
2014-10-10,2839.8987
2014-10-13,2826.2647
2014-10-14,2816.612
2014-10-15,2836.5425
2014-10-16,2814.1168
2014-10-17,2811.0513
2014-10-20,2825.994
2014-10-21,2801.4486
2014-10-22,2784.4684
2014-10-23,2758.3285
2014-10-24,2752.3609
2014-10-27,2727.1772
2014-10-28,2782.2325
2014-10-29,2822.2177
2014-10-30,2842.4124
2014-10-31,2887.7728
2014-11-03,2892.6341
2014-11-04,2893.3523
2014-11-05,2882.3308
2014-11-06,2885.3458
2014-11-07,2880.8393
2014-11-10,2954.0388
2014-11-11,2945.8433
2014-11-12,2986.9532
2014-11-13,2970.2184
2014-11-14,2971.7641
2014-11-17,2955.655
2014-11-18,2926.0824
2014-11-19,2921.2543
2014-11-20,2921.1114
2014-11-21,2974.4846
2014-11-24,3050.2469
2014-11-25,3092.0445
2014-11-26,3135.171
2014-11-27,3171.4065
2014-11-28,3233.9592
2014-12-01,3246.6164
2014-12-02,3366.5041
2014-12-03,3416.714
2014-12-04,3574.2219
2014-12-05,3597.864
2014-12-08,3745.2332
2014-12-09,3577.1718
2014-12-10,3709.1554
2014-12-11,3664.7892
2014-12-12,3676.5504
2014-12-15,3704.35
2014-12-16,3803.5721
2014-12-17,3869.4283
2014-12-18,3852.5353
2014-12-19,3895.4138
2014-12-22,3908.4408
2014-12-23,3828.3525
2014-12-24,3719.4992
2014-12-25,3840.4366
2014-12-26,3967.6496
2014-12-29,3978.722
2014-12-30,3981.1387
2014-12-31,4068.8215
2015-01-05,4192.9874
2015-01-06,4192.4325
2015-01-07,4195.5765
2015-01-08,4098.2451
2015-01-09,4084.7204
2015-01-12,4046.5451
2015-01-13,4047.0794
2015-01-14,4033.7008
2015-01-15,4150.8248
2015-01-16,4186.5566
2015-01-19,3864.0944
2015-01-20,3911.3901
2015-01-21,4087.2102
2015-01-22,4108.7795
2015-01-23,4113.5228
2015-01-26,4155.275
2015-01-27,4117.2074
2015-01-28,4060.0744
2015-01-29,4009.9472
2015-01-30,3955.3479
2015-02-02,3862.7179
2015-02-03,3958.8664
2015-02-04,3917.7781
2015-02-05,3877.6733
2015-02-06,3814.8765
2015-02-09,3853.4594
2015-02-10,3923.7372
2015-02-11,3955.0411
2015-02-12,3965.1189
2015-02-13,3996.1614
2015-02-16,4030.3154
2015-02-17,4056.6186
2015-02-25,4006.4122
2015-02-26,4107.2612
2015-02-27,4114.8032
2015-03-02,4147.5365
2015-03-03,4040.0089
2015-03-04,4066.4072
2015-03-05,4026.6996
2015-03-06,4006.1717
2015-03-09,4074.3869
2015-03-10,4054.6473
2015-03-11,4059.3026
2015-03-12,4137.8375
2015-03-13,4166.4148
2015-03-16,4267.7798
2015-03-17,4327.0352
2015-03-18,4429.4582
2015-03-19,4422.1842
2015-03-20,4483.0332
2015-03-23,4574.5776
2015-03-24,4575.7125
2015-03-25,4538.128
2015-03-26,4549.1685
2015-03-27,4574.1585
2015-03-30,4708.3087
2015-03-31,4665.7258
2015-04-01,4749.4433
2015-04-02,4750.4581
2015-04-03,4803.161
2015-04-07,4906.2447
2015-04-08,4947.4278
2015-04-09,4909.0622
2015-04-10,5003.8285
2015-04-13,5092.5883
2015-04-14,5112.6103
2015-04-15,5046.7326
2015-04-16,5200.0389
2015-04-17,5295.1906
2015-04-20,5209.6859
2015-04-21,5321.7219
2015-04-22,5460.8508
2015-04-23,5462.1213
2015-04-24,5418.1157
2015-04-27,5539.0341
2015-04-28,5463.3029
2015-04-29,5500.8869
2015-04-30,5474.6445
2015-05-04,5518.4874
2015-05-05,5298.4456
2015-05-06,5248.295
2015-05-07,5152.3525
2015-05-08,5254.6875
2015-05-11,5407.1282
2015-05-12,5472.9946
2015-05-13,5439.7853
2015-05-14,5419.8519
2015-05-15,5324.1284
2015-05-18,5275.588
2015-05-19,5455.7202
2015-05-20,5483.9658
2015-05-21,5583.628
2015-05-22,5711.5725
2015-05-25,5882.4812
2015-05-26,5997.4481
2015-05-27,5980.5213
2015-05-28,5580.9091
2015-05-29,5588.8314
2015-06-01,5860.7629
2015-06-02,5959.8412
2015-06-03,5942.7191
2015-06-04,5986.6316
2015-06-05,6043.5718
2015-06-08,6186.0209
2015-06-09,6144.3615
2015-06-10,6135.8367
2015-06-11,6133.881
2015-06-12,6167.4134
2015-06-15,6036.4537
2015-06-16,5857.2185
2015-06-17,5943.0553
2015-06-18,5702.815
2015-06-19,5366.7579
2015-06-23,5543.5541
2015-06-24,5652.7675
2015-06-25,5452.2169
2015-06-26,5024.7145
2015-06-29,4857.1192
2015-06-30,5184.4053
2015-07-01,4930.6731
2015-07-02,4762.6174
2015-07-03,4515.4125
2015-07-06,4647.2651
2015-07-07,4569.6151
2015-07-08,4262.9472
2015-07-09,4536.566
2015-07-10,4782.2093
2015-07-13,4905.5183
2015-07-14,4789.545
2015-07-15,4620.7867
2015-07-16,4657.0419
2015-07-17,4839.821
2015-07-20,4850.4489
2015-07-21,4859.1285
2015-07-22,4851.0546
2015-07-23,4960.9967
2015-07-24,4874.2506
2015-07-27,4458.1898
2015-07-28,4449.3964
2015-07-29,4588.6617
2015-07-30,4454.5235
2015-07-31,4456.0971
2015-08-03,4470.7334
2015-08-04,4609.5756
2015-08-05,4514.7076
2015-08-06,4473.862
2015-08-07,4561.9682
2015-08-10,4769.2074
2015-08-11,4748.545
2015-08-12,4689.6699
2015-08-13,4758.958
2015-08-14,4757.7056
2015-08-17,4762.7653
2015-08-18,4468.0591
2015-08-19,4538.9839
2015-08-20,4393.6646
2015-08-21,4193.2712
2015-08-24,3826.4567
2015-08-25,3554.7713
2015-08-26,3534.6376
2015-08-27,3744.8514
2015-08-28,3904.4856
2015-08-31,3932.8142
2015-09-01,3927.6119
2015-09-02,3931.9917
2015-09-07,3797.2426
2015-09-08,3894.8327
2015-09-09,3971.9919
2015-09-10,3923.2148
2015-09-11,3911.094
2015-09-14,3833.9093
2015-09-15,3683.2935
2015-09-16,3866.9076
2015-09-17,3782.4826
2015-09-18,3799.2946
2015-09-21,3865.8713
2015-09-22,3901.8433
2015-09-23,3813.8918
2015-09-24,3839.6247
2015-09-25,3777.6207
2015-09-28,3790.2452
2015-09-29,3715.6338
2015-09-30,3743.7952
2015-10-08,3853.1239
2015-10-09,3904.1258
2015-10-12,4030.4094
2015-10-13,4027.3546
2015-10-14,3981.8425
2015-10-15,4076.1871
2015-10-16,4131.4241
2015-10-19,4131.5606
2015-10-20,4182.548
2015-10-21,4060.4417
2015-10-22,4120.3905
2015-10-23,4174.994
2015-10-26,4196.0605
2015-10-27,4200.2904
2015-10-28,4120.8417
2015-10-29,4130.6462
2015-10-30,4131.5491
2015-11-02,4063.6074
2015-11-03,4051.3679
2015-11-04,4242.0751
2015-11-05,4332.5998
2015-11-06,4434.7829
2015-11-09,4489.7075
2015-11-10,4481.3873
2015-11-11,4481.8641
2015-11-12,4437.0629
2015-11-13,4379.6818
2015-11-16,4400.5897
2015-11-17,4393.88
2015-11-18,4343.8632
2015-11-19,4413.2952
2015-11-20,4412.6103
2015-11-23,4388.0029
2015-11-24,4388.6502
2015-11-25,4421.0553
2015-11-26,4395.1268
2015-11-27,4158.4599
2015-11-30,4169.4725
2015-12-01,4199.0316
2015-12-02,4351.316
2015-12-03,4383.2838
2015-12-04,4299.4524
2015-12-07,4311.161
2015-12-08,4235.6526
2015-12-09,4250.7549
2015-12-10,4235.7274
2015-12-11,4218.1612
2015-12-14,4338.8857
2015-12-15,4319.0889
2015-12-16,4309.1483
2015-12-17,4391.519
2015-12-18,4405.5786
2015-12-21,4520.2244
2015-12-22,4532.8145
2015-12-23,4520.7117
2015-12-24,4477.4744
2015-12-25,4487.7621
2015-12-28,4358.4981
2015-12-29,4398.5363
2015-12-30,4402.3957
2015-12-31,4362.442
2016-01-04,4056.173
2016-01-05,4067.5304
2016-01-06,4138.8874
2016-01-07,3851.9273
2016-01-08,3930.4761
2016-01-11,3732.742
2016-01-12,3759.9385
2016-01-13,3689.9814
2016-01-14,3766.8798
2016-01-15,3646.6308
2016-01-18,3660.6605
2016-01-19,3768.6965
2016-01-20,3711.6982
2016-01-21,3602.918
2016-01-22,3640.4716
2016-01-25,3658.5057
2016-01-26,3438.242
2016-01-27,3426.3662
2016-01-28,3336.8053
2016-01-29,3444.7685
2016-02-01,3392.1017
2016-02-02,3462.5923
2016-02-03,3447.7483
2016-02-04,3489.9836
2016-02-05,3465.4636
2016-02-15,3445.4892
2016-02-16,3551.1077
2016-02-17,3581.8414
2016-02-18,3570.5914
2016-02-19,3568.1201
2016-02-22,3646.7914
2016-02-23,3612.293
2016-02-24,3635.8914
2016-02-25,3412.8006
2016-02-26,3447.9636
2016-02-29,3365.4332
2016-03-01,3427.6867
2016-03-02,3568.7839
2016-03-03,3577.0752
2016-03-04,3618.5575
2016-03-07,3631.3646
2016-03-08,3634.6781
2016-03-09,3592.8471
2016-03-10,3524.121
2016-03-11,3530.1312
2016-03-14,3585.5763
2016-03-15,3596.207
2016-03-16,3614.0468
2016-03-17,3654.0127
2016-03-18,3709.8709
2016-03-21,3800.4833
2016-03-22,3772.8264
2016-03-23,3784.8755
2016-03-24,3721.4354
2016-03-25,3740.1091
2016-03-28,3707.2572
2016-03-29,3667.1189
2016-03-30,3761.6977
2016-03-31,3763.8177
2016-04-01,3768.3476
2016-04-05,3818.1624
2016-04-06,3810.024
2016-04-07,3753.6228
2016-04-08,3726.0615
2016-04-11,3777.9571
2016-04-12,3764.5219
2016-04-13,3814.7398
2016-04-14,3831.6404
2016-04-15,3827.5018
2016-04-18,3776.3684
2016-04-19,3787.9297
2016-04-20,3720.9318
2016-04-21,3697.0424
2016-04-22,3714.0293
2016-04-25,3699.0146
2016-04-26,3719.1064
2016-04-27,3703.974
2016-04-28,3698.2788
2016-04-29,3694.4626
2016-05-03,3761.0725
2016-05-04,3756.426
2016-05-05,3761.6443
2016-05-06,3666.2209
2016-05-09,3590.4023
2016-05-10,3594.4979
2016-05-11,3610.599
2016-05-12,3619.2101
2016-05-13,3601.4051
2016-05-16,3625.4177
2016-05-17,3615.723
2016-05-18,3595.4304
2016-05-19,3589.2082
2016-05-20,3607.6454
2016-05-23,3619.1622
2016-05-24,3591.4916
2016-05-25,3586.6983
2016-05-26,3592.5464
2016-05-27,3590.5516
2016-05-30,3595.6588
2016-05-31,3717.1992
2016-06-01,3706.6641
2016-06-02,3714.4623
2016-06-03,3740.9048
2016-06-06,3732.1435
2016-06-07,3730.5507
2016-06-08,3717.4351
2016-06-13,3602.8308
2016-06-14,3614.2851
2016-06-15,3662.0057
2016-06-16,3638.965
2016-06-17,3659.2176
2016-06-20,3662.3376
2016-06-21,3654.8582
2016-06-22,3687.9997
2016-06-23,3671.4418
2016-06-24,3629.043
2016-06-27,3680.5142
2016-06-28,3700.4483
2016-06-29,3718.2874
2016-06-30,3722.8907
2016-07-01,3724.7199
2016-07-04,3784.6305
2016-07-05,3789.8894
2016-07-06,3802.3579
2016-07-07,3801.6451
2016-07-08,3787.0535
2016-07-11,3801.3501
2016-07-12,3884.7414
2016-07-13,3904.2691
2016-07-14,3897.1882
2016-07-15,3899.0807
2016-07-18,3882.2713
2016-07-19,3867.6266
2016-07-20,3855.2338
2016-07-21,3873.0883
2016-07-22,3841.0464
2016-07-25,3848.993
2016-07-26,3895.3866
2016-07-27,3834.7552
2016-07-28,3838.2278
2016-07-29,3820.4321
2016-08-01,3788.0921
2016-08-02,3802.6919
2016-08-03,3808.0034
2016-08-04,3817.2822
2016-08-05,3823.1853
2016-08-08,3857.8649
2016-08-09,3885.0594
2016-08-10,3868.9634
2016-08-11,3858.4494
2016-08-12,3932.0696
2016-08-15,4050.4653
2016-08-16,4032.3475
2016-08-17,4026.1437
2016-08-18,4016.1057
2016-08-19,4018.574
2016-08-22,3984.8674
2016-08-23,3991.1172
2016-08-24,3977.8848
2016-08-25,3952.9283
2016-08-26,3950.9711
2016-08-29,3951.7966
2016-08-30,3956.8215
2016-08-31,3975.8364
2016-09-01,3944.5139
2016-09-02,3959.4929
2016-09-05,3967.102
2016-09-06,3994.5225
2016-09-07,3992.3612
2016-09-08,3990.8635
2016-09-09,3965.1466
2016-09-12,3898.8948
2016-09-13,3896.1804
2016-09-14,3870.3642
2016-09-19,3899.516
2016-09-20,3892.6795
2016-09-21,3904.2071
2016-09-22,3933.4707
2016-09-23,3914.9998
2016-09-26,3850.325
2016-09-27,3874.8009
2016-09-28,3863.0068
2016-09-29,3879.3379
2016-09-30,3890.0908
2016-10-10,3938.619
2016-10-11,3953.7911
2016-10-12,3945.962
2016-10-13,3949.1136
2016-10-14,3952.943
2016-10-17,3919.4989
2016-10-18,3971.4583
2016-10-19,3965.3699
2016-10-20,3968.3034
2016-10-21,3979.2275
2016-10-24,4026.8645
2016-10-25,4026.733
2016-10-26,4011.6011
2016-10-27,4000.7131
2016-10-28,3994.0541
2016-10-31,3989.4523
2016-11-01,4016.6846
2016-11-02,3985.9542
2016-11-03,4023.9658
2016-11-04,4010.9196
2016-11-07,4013.8095
2016-11-08,4031.2832
2016-11-09,4009.6829
2016-11-10,4054.5949
2016-11-11,4086.4149
2016-11-14,4101.9931
2016-11-15,4101.5406
2016-11-16,4101.2086
2016-11-17,4109.5111
2016-11-18,4086.6951
2016-11-21,4114.9827
2016-11-22,4147.5728
2016-11-23,4155.1845
2016-11-24,4171.9396
2016-11-25,4210.8737
2016-11-28,4227.4299
2016-11-29,4262.0613
2016-11-30,4230.9221
2016-12-01,4263.2519
2016-12-02,4220.1041
2016-12-05,4148.8943
2016-12-06,4136.632
2016-12-07,4156.5632
2016-12-08,4149.8606
2016-12-09,4178.0329
2016-12-12,4076.9562
2016-12-13,4072.087
2016-12-14,4040.8857
2016-12-15,3994.8298
2016-12-16,4001.5229
2016-12-19,3981.1354
2016-12-20,3957.3147
2016-12-21,3992.5602
2016-12-22,3989.1351
2016-12-23,3955.5628
2016-12-26,3973.2639
2016-12-27,3966.0701
2016-12-28,3948.7336
2016-12-29,3943.8018
2016-12-30,3958.5305
2017-01-03,3996.9745
2017-01-04,4028.169
2017-01-05,4027.5441
2017-01-06,4003.4794
2017-01-09,4022.8947
2017-01-10,4016.162
2017-01-11,3987.7281
2017-01-12,3967.5516
2017-01-13,3970.288
2017-01-16,3969.7299
2017-01-17,3977.9945
2017-01-18,3993.5519
2017-01-19,3981.5018
2017-01-20,4012.1169
2017-01-23,4023.1092
2017-01-24,4023.5519
2017-01-25,4037.2489
2017-01-26,4051.6671
2017-02-03,4023.6014
2017-02-06,4034.0211
2017-02-07,4025.0277
2017-02-08,4046.079
2017-02-09,4061.6312
2017-02-10,4082.194
2017-02-13,4109.4464
2017-02-14,4108.8834
2017-02-15,4092.0318
2017-02-16,4115.017
2017-02-17,4091.7075
2017-02-20,4151.4435
2017-02-21,4165.1132
2017-02-22,4173.4052
2017-02-23,4153.7529
2017-02-24,4154.3844
2017-02-27,4121.3429
2017-02-28,4129.2211
2017-03-01,4135.9507
2017-03-02,4108.0369
2017-03-03,4099.3862
2017-03-06,4121.8676
2017-03-07,4130.8045
2017-03-08,4124.5554
2017-03-09,4098.4983
2017-03-10,4099.6318
2017-03-13,4135.7575
2017-03-14,4134.0778
2017-03-15,4142.4732
2017-03-16,4163.8371
2017-03-17,4121.1385
2017-03-20,4125.6923
2017-03-21,4145.7061
2017-03-22,4126.2156
2017-03-23,4140.4814
2017-03-24,4173.5163
2017-03-27,4159.6892
2017-03-28,4149.8473
2017-03-29,4145.0915
2017-03-30,4111.077
2017-03-31,4134.1489
2017-04-05,4191.3846
2017-04-06,4203.5306
2017-04-07,4207.6987
2017-04-10,4193.0685
2017-04-11,4207.8906
2017-04-12,4198.4523
2017-04-13,4204.5865
2017-04-14,4171.0155
2017-04-17,4163.1641
2017-04-18,4142.6356
2017-04-19,4122.5249
2017-04-20,4141.2742
2017-04-21,4147.5807
2017-04-24,4105.0988
2017-04-25,4116.7713
2017-04-26,4121.8479
2017-04-27,4123.6867
2017-04-28,4115.4608
2017-05-02,4099.696
2017-05-03,4083.6558
2017-05-04,4073.1966
2017-05-05,4047.0869
2017-05-08,4018.6857
2017-05-09,4012.734
2017-05-10,3997.1723
2017-05-11,4020.4426
2017-05-12,4055.8875
2017-05-15,4072.8945
2017-05-16,4108.6649
2017-05-17,4086.3212
2017-05-18,4072.6279
2017-05-19,4079.6389
2017-05-22,4088.8272
2017-05-23,4104.5123
2017-05-24,4104.6642
2017-05-25,4179.5379
2017-05-26,4173.6897
2017-05-31,4188.7984
2017-06-01,4194.8721
2017-06-02,4181.483
2017-06-05,4161.403
2017-06-06,4190.5915
2017-06-07,4240.5895
2017-06-08,4273.567
2017-06-09,4293.5614
2017-06-12,4291.5951
2017-06-13,4301.5938
2017-06-14,4253.3821
2017-06-15,4246.1723
2017-06-16,4239.5414
2017-06-19,4282.1623
2017-06-20,4273.5465
2017-06-21,4324.1486
2017-06-22,4327.8008
2017-06-23,4367.0997
2017-06-26,4421.8756
2017-06-27,4429.8816
2017-06-28,4395.5396
2017-06-29,4424.5636
2017-06-30,4423.1097
2017-07-03,4403.8774
2017-07-04,4367.2708
2017-07-05,4420.0372
2017-07-06,4422.7783
2017-07-07,4422.4802
2017-07-10,4422.9427
2017-07-11,4448.7891
2017-07-12,4435.9611
2017-07-13,4473.5857
2017-07-14,4497.9976
2017-07-17,4450.1348
2017-07-18,4456.0758
2017-07-19,4533.3981
2017-07-20,4555.7463
2017-07-21,4533.5503
2017-07-24,4552.0006
2017-07-25,4523.2181
2017-07-26,4506.2261
2017-07-27,4515.4883
2017-07-28,4527.3246
2017-07-31,4546.7649
2017-08-01,4586.6393
2017-08-02,4576.4872
2017-08-03,4536.36
2017-08-04,4512.3152
2017-08-07,4535.7011
2017-08-08,4543.4495
2017-08-09,4542.212
2017-08-10,4524.0636
2017-08-11,4441.4409
2017-08-14,4499.1968
2017-08-15,4513.0469
2017-08-16,4507.4764
2017-08-17,4531.6568
2017-08-18,4537.2643
2017-08-21,4557.1439
2017-08-22,4570.9139
2017-08-23,4575.5313
2017-08-24,4549.7468
2017-08-25,4624.8458
2017-08-28,4682.0601
2017-08-29,4674.405
2017-08-30,4674.1159
2017-08-31,4659.2344
2017-09-01,4669.5297
2017-09-04,4690.2469
2017-09-05,4704.1873
2017-09-06,4694.9224
2017-09-07,4671.0436
2017-09-08,4666.3093
2017-09-11,4665.8895
2017-09-12,4680.8774
2017-09-13,4686.5754
2017-09-14,4671.1462
2017-09-15,4672.9281
2017-09-18,4687.3767
2017-09-19,4673.9277
2017-09-20,4686.9667
2017-09-21,4681.334
2017-09-22,4681.2277
2017-09-25,4656.9064
2017-09-26,4661.7742
2017-09-27,4662.2848
2017-09-28,4663.918
2017-09-29,4680.954
2017-10-09,4736.7207
2017-10-10,4746.062
2017-10-11,4761.7076
2017-10-12,4774.2342
2017-10-13,4784.0538
2017-10-16,4774.8352
2017-10-17,4774.3747
2017-10-18,4812.3126
2017-10-19,4796.5573
2017-10-20,4791.5038
2017-10-23,4796.3188
2017-10-24,4831.2459
2017-10-25,4852.6649
2017-10-26,4872.9521
2017-10-27,4907.6209
2017-10-30,4892.6785
2017-10-31,4889.0131
2017-11-01,4876.6942
2017-11-02,4877.3192
2017-11-03,4871.9059
2017-11-06,4906.3055
2017-11-07,4947.0077
2017-11-08,4939.3927
2017-11-09,4973.4292
2017-11-10,5017.3704
2017-11-13,5037.0914
2017-11-14,5002.0444
2017-11-15,4970.7078
2017-11-16,5008.9523
2017-11-17,5028.2785
2017-11-20,5056.3414
2017-11-21,5146.4759
2017-11-22,5158.5133
2017-11-23,5005.7798
2017-11-24,5008.006
2017-11-27,4941.8022
2017-11-28,4948.9722
2017-11-29,4946.4456
2017-11-30,4888.2981
2017-12-01,4878.5817
2017-12-04,4903.8653
2017-12-05,4929.8721
2017-12-06,4900.1739
2017-12-07,4845.5518
2017-12-08,4884.992
2017-12-11,4965.6734
2017-12-12,4900.4121
2017-12-13,4941.9927
2017-12-14,4912.7793
2017-12-15,4857.5086
2017-12-18,4862.921
2017-12-19,4923.9782
2017-12-20,4918.0729
2017-12-21,4963.6586
2017-12-22,4947.4905
2017-12-25,4931.5566
2017-12-26,4946.2997
2017-12-27,4870.14
2017-12-28,4903.9277
2017-12-29,4918.5184
2018-01-02,4987.5172
2018-01-03,5016.7918
2018-01-04,5038.0472
2018-01-05,5050.1745
2018-01-08,5076.2981
2018-01-09,5111.8529
2018-01-10,5134.4459
2018-01-11,5131.7287
2018-01-12,5155.4188
2018-01-15,5155.7095
2018-01-16,5196.2618
2018-01-17,5183.6245
2018-01-18,5212.0561
2018-01-19,5229.1126
2018-01-22,5291.5906
2018-01-23,5347.7395
2018-01-24,5356.6135
2018-01-25,5326.3448
2018-01-26,5346.9998
2018-01-29,5250.2435
2018-01-30,5194.207
2018-01-31,5218.3669
2018-02-01,5181.7536
2018-02-02,5212.6725
2018-02-05,5216.2285
2018-02-06,5063.3584
2018-02-07,4943.2838
2018-02-08,4896.3836
2018-02-09,4687.2103
2018-02-12,4747.5624
2018-02-13,4803.1254
2018-02-14,4841.3601
2018-02-22,4946.0376
2018-02-23,4968.4394
2018-02-26,5026.2014
2018-02-27,4953.6621
2018-02-28,4910.5335
2018-03-01,4941.5869
2018-03-02,4901.7703
2018-03-05,4903.767
2018-03-06,4962.9179
2018-03-07,4926.4137
2018-03-08,4976.3857
2018-03-09,5014.5422
2018-03-12,5037.4875
2018-03-13,4993.0483
2018-03-14,4971.1923
2018-03-15,4999.0399
2018-03-16,4950.5403
2018-03-19,4972.2947
2018-03-20,4976.5127
2018-03-21,4956.1878
2018-03-22,4906.5154
2018-03-23,4765.6624
2018-03-26,4735.1
2018-03-27,4775.8326
2018-03-28,4689.7278
2018-03-29,4752.3772
2018-03-30,4757.8868
2018-04-02,4743.7555
2018-04-03,4713.9288
2018-04-04,4704.6326
2018-04-09,4702.2731
2018-04-10,4792.8832
2018-04-11,4806.5161
2018-04-12,4758.0549
2018-04-13,4724.5035
2018-04-16,4648.5129
2018-04-17,4575.0155
2018-04-18,4596.5755
2018-04-19,4652.1806
2018-04-20,4589.9512
2018-04-23,4596.6288
2018-04-24,4690.8026
2018-04-25,4672.8598
2018-04-26,4583.5116
2018-04-27,4585.6556
2018-05-02,4593.9908
2018-05-03,4629.821
2018-05-04,4610.4389
2018-05-07,4683.3815
2018-05-08,4737.7239
2018-05-09,4729.8664
2018-05-10,4756.3486
2018-05-11,4731.7923
2018-05-14,4776.3697
2018-05-15,4794.6075
2018-05-16,4756.598
2018-05-17,4721.6437
2018-05-18,4769.4055
2018-05-21,4792.0209
2018-05-22,4774.5022
2018-05-23,4711.4009
2018-05-24,4678.1092
2018-05-25,4668.0699
2018-05-28,4688.6583
2018-05-29,4653.598
2018-05-30,4555.1291
2018-05-31,4652.6226
2018-06-01,4614.1153
2018-06-04,4659.4149
2018-06-05,4707.5375
2018-06-06,4697.886
2018-06-07,4696.6304
2018-06-08,4637.0328
2018-06-11,4637.6737
2018-06-12,4694.1574
2018-06-13,4648.4765
2018-06-14,4630.3488
2018-06-15,4613.7679
2018-06-19,4451.6816
2018-06-20,4470.2682
2018-06-21,4418.7653
2018-06-22,4441.3029
2018-06-25,4382.0591
2018-06-26,4346.4653
2018-06-27,4258.5264
2018-06-28,4215.852
2018-06-29,4327.2948
2018-07-02,4200.4903
2018-07-03,4202.5759
2018-07-04,4147.1797
2018-07-05,4122.7562
2018-07-06,4152.8386
2018-07-09,4269.9016
2018-07-10,4282.4359
2018-07-11,4209.0897
2018-07-12,4306.7622
2018-07-13,4325.8836
2018-07-16,4305.3408
2018-07-17,4282.3437
2018-07-18,4260.8005
2018-07-19,4257.3555
2018-07-20,4337.8332
2018-07-23,4378.9237
2018-07-24,4448.5007
2018-07-25,4443.7523
2018-07-26,4392.363
2018-07-27,4375.1855
2018-07-30,4367.6476
2018-07-31,4371.3725
2018-08-01,4284.8205
2018-08-02,4189.8405
2018-08-03,4120.9045
2018-08-06,4068.7229
2018-08-07,4187.842
2018-08-08,4122.2498
2018-08-09,4225.9343
2018-08-10,4235.4275
2018-08-13,4217.3623
2018-08-14,4195.68
2018-08-15,4095.6052
2018-08-16,4076.6717
2018-08-17,4018.7386
2018-08-20,4065.5631
2018-08-21,4139.7837
2018-08-22,4116.8029
2018-08-23,4133.8527
2018-08-24,4142.1218
2018-08-27,4243.466
2018-08-28,4235.6197
2018-08-29,4218.6819
2018-08-30,4174.485
2018-08-31,4153.818
2018-09-03,4138.0239
2018-09-04,4190.4352
2018-09-05,4108.521
2018-09-06,4067.3191
2018-09-07,4085.7219
2018-09-10,4026.4167
2018-09-11,4019.1164
2018-09-12,3992.144
2018-09-13,4035.2087
2018-09-14,4042.0958
2018-09-17,3995.7825
2018-09-18,4076.2461
2018-09-19,4129.9203
2018-09-20,4126.9823
2018-09-21,4252.3545
2018-09-25,4214.0997
2018-09-26,4260.7779
2018-09-27,4243.8623
2018-09-28,4287.9854
2018-10-08,4103.4837
2018-10-09,4100.7302
2018-10-10,4091.8861
2018-10-11,3895.5165
2018-10-12,3953.6567
2018-10-15,3898.4497
2018-10-16,3866.6807
2018-10-17,3888.2183
2018-10-18,3796.1273
2018-10-19,3909.041
2018-10-22,4078.0152
2018-10-23,3970.0647
2018-10-24,3976.2512
2018-10-25,3984.03
2018-10-26,3958.3459
2018-10-29,3837.6785
2018-10-30,3879.3015
2018-10-31,3933.6909
2018-11-01,3962.6408
2018-11-02,4103.8471
2018-11-05,4069.6588
2018-11-06,4045.1065
2018-11-07,4018.614
2018-11-08,4007.2183
2018-11-09,3950.6799
2018-11-12,3997.6979
2018-11-13,4037.912
2018-11-14,3997.451
2018-11-15,4044.5413
2018-11-16,4063.6291
2018-11-19,4109.6951
2018-11-20,4014.6487
2018-11-21,4024.733
2018-11-22,4009.6837
2018-11-23,3921.1778
2018-11-26,3918.3939
2018-11-27,3913.4017
2018-11-28,3965.4075
2018-11-29,3913.9167
2018-11-30,3957.6205
2018-12-03,4067.7164
2018-12-04,4076.1481
2018-12-05,4056.557
2018-12-06,3968.8259
2018-12-07,3969.0559
2018-12-10,3923.1454
2018-12-11,3941.9239
2018-12-12,3955.3888
2018-12-13,4016.6209
2018-12-14,3949.5277
2018-12-17,3943.6464
2018-12-18,3902.7652
2018-12-19,3856.2315
2018-12-20,3826.6547
2018-12-21,3779.2219
2018-12-24,3790.2037
2018-12-25,3764.1099
2018-12-26,3745.0868
2018-12-27,3730.7067
2018-12-28,3755.9137
2019-01-02,3704.617
2019-01-03,3698.762
2019-01-04,3787.3774
2019-01-07,3810.3681
2019-01-08,3802.135
2019-01-09,3840.5249
2019-01-10,3833.3022
2019-01-11,3860.8626
2019-01-14,3827.1869
2019-01-15,3902.2962
2019-01-16,3903.1212
2019-01-17,3881.62
2019-01-18,3952.4268
2019-01-21,3974.2119
2019-01-22,3921.4169
2019-01-23,3918.5926
2019-01-24,3940.7097
2019-01-25,3972.7564
2019-01-28,3971.8932
2019-01-29,3984.6083
2019-01-30,3952.8123
2019-01-31,3994.1686
2019-02-01,4051.2609
2019-02-11,4124.96
2019-02-12,4154.7298
2019-02-13,4237.9311
2019-02-14,4244.3095
2019-02-15,4165.171
2019-02-18,4298.7078
2019-02-19,4291.0517
2019-02-20,4306.4208
2019-02-21,4294.9164
2019-02-22,4391.4917
2019-02-25,4653.9072
2019-02-26,4598.0157
2019-02-27,4590.1523
2019-02-28,4578.8943
2019-03-01,4679.153
2019-03-04,4734.5456
2019-03-05,4761.8854
2019-03-06,4801.9134
2019-03-07,4752.9464
2019-03-08,4564.1803
2019-03-11,4654.4956
2019-03-12,4686.1881
2019-03-13,4647.3072
2019-03-14,4615.2266
2019-03-15,4673.2765
2019-03-18,4806.4777
2019-03-19,4784.2839
2019-03-20,4786.1271
2019-03-21,4787.9385
2019-03-22,4784.0826
2019-03-25,4670.5564
2019-03-26,4617.6637
2019-03-27,4671.2584
2019-03-28,4652.7505
2019-03-29,4832.4267
2019-04-01,4959.2004
2019-04-02,4955.9023
2019-04-03,5019.3865
2019-04-04,5069.527
2019-04-08,5064.9839
2019-04-09,5087.7063
2019-04-10,5100.7106
2019-04-11,4990.5166
2019-04-12,4979.3298
2019-04-15,4962.9855
2019-04-16,5100.7759
2019-04-17,5102.5869
2019-04-18,5084.1278
2019-04-19,5144.7951
2019-04-22,5026.3992
2019-04-23,5018.1514
2019-04-24,5032.0078
2019-04-25,4921.7896
2019-04-26,4856.1861
2019-04-29,4870.0437
2019-04-30,4886.1223
2019-05-06,4600.729
2019-05-07,4646.1603
2019-05-08,4579.7134
2019-05-09,4495.1728
2019-05-10,4658.5373
2019-05-13,4581.455
2019-05-14,4552.0145
2019-05-15,4654.9568
2019-05-16,4676.0893
2019-05-17,4557.3362
2019-05-20,4518.6562
2019-05-21,4580.3366
2019-05-22,4558.6239
2019-05-23,4481.8333
2019-05-24,4495.4839
2019-05-27,4551.646
2019-05-28,4597.0204
2019-05-29,4587.1679
2019-05-30,4561.6051
2019-05-31,4549.7157
2019-06-03,4554.2437
2019-06-04,4512.1924
2019-06-05,4511.5806
2019-06-06,4472.5701
2019-06-10,4530.519
2019-06-11,4670.1916
2019-06-12,4635.2717
2019-06-13,4628.2983
2019-06-14,4591.5443
2019-06-17,4591.8042
2019-06-18,4608.2083
2019-06-19,4677.0665
2019-06-20,4819.0385
2019-06-21,4826.3531
2019-06-24,4836.1233
2019-06-25,4786.3634
2019-06-26,4779.1166
2019-06-27,4832.5628
2019-06-28,4825.3292
2019-07-01,4964.4633
2019-07-02,4966.199
2019-07-03,4914.1947
2019-07-04,4889.0037
2019-07-05,4918.2506
2019-07-08,4805.3003
2019-07-09,4796.3028
2019-07-10,4790.1589
2019-07-11,4792.6348
2019-07-12,4830.6734
2019-07-15,4850.3077
2019-07-16,4828.9009
2019-07-17,4827.0847
2019-07-18,4783.3135
2019-07-19,4835.2763
2019-07-22,4802.4688
2019-07-23,4815.4679
2019-07-24,4853.871
2019-07-25,4893.9884
2019-07-26,4904.341
2019-07-29,4898.9334
2019-07-30,4919.7136
2019-07-31,4876.6971
2019-08-01,4836.1492
2019-08-02,4766.0931
2019-08-05,4675.334
2019-08-06,4628.0724
2019-08-07,4609.1113
2019-08-08,4671.1269
2019-08-09,4625.9954
2019-08-12,4709.9684
2019-08-13,4667.5006
2019-08-14,4688.7006
2019-08-15,4706.2382
2019-08-16,4727.739
2019-08-19,4830.723
2019-08-20,4826.4923
2019-08-21,4818.9562
2019-08-22,4834.6243
2019-08-23,4869.4902
2019-08-26,4799.7353
2019-08-27,4865.0771
2019-08-28,4846.7718
2019-08-29,4830.9698
2019-08-30,4842.9506
2019-09-02,4905.0662
2019-09-03,4911.8099
2019-09-04,4956.3152
2019-09-05,5006.4673
2019-09-06,5036.0375
2019-09-09,5067.2101
2019-09-10,5049.7579
2019-09-11,5012.5599
2019-09-12,5066.485
2019-09-16,5047.7815
2019-09-17,4963.5927
2019-09-18,4987.6541
2019-09-19,5005.8931
2019-09-20,5020.2675
2019-09-23,4962.8795
2019-09-24,4976.4369
2019-09-25,4938.0498
2019-09-26,4900.0792
2019-09-27,4914.7681
2019-09-30,4866.1324
2019-10-08,4895.6657
2019-10-09,4902.7586
2019-10-10,4942.815
2019-10-11,4990.5675
2019-10-14,5043.5331
2019-10-15,5021.8557
2019-10-16,5004.5503
2019-10-17,5007.786
2019-10-18,4936.5404
2019-10-21,4951.2244
2019-10-22,4970.4141
2019-10-23,4938.7788
2019-10-24,4938.2468
2019-10-25,4971.8779
2019-10-28,5009.8901
2019-10-29,4989.0178
2019-10-30,4964.7752
2019-10-31,4959.0675
2019-11-01,5042.8108
2019-11-04,5075.6451
2019-11-05,5107.1484
2019-11-06,5084.2701
2019-11-07,5093.1927
2019-11-08,5069.1241
2019-11-11,4979.7706
2019-11-12,4980.7563
2019-11-13,4976.0262
2019-11-14,4983.5228
2019-11-15,4946.8177
2019-11-18,4986.1666
2019-11-19,5036.4197
2019-11-20,4986.4323
2019-11-21,4963.1248
2019-11-22,4912.591
2019-11-25,4948.5886
2019-11-26,4965.7472
2019-11-27,4945.287
2019-11-28,4928.2962
2019-11-29,4885.3814
2019-12-02,4894.8089
2019-12-03,4913.9851
2019-12-04,4912.3667
2019-12-05,4950.0659
2019-12-06,4979.4414
2019-12-09,4970.6952
2019-12-10,4976.9956
2019-12-11,4980.0133
2019-12-12,4965.0519
2019-12-13,5063.8307
2019-12-16,5088.4916
2019-12-17,5157.7238
2019-12-18,5146.2989
2019-12-19,5139.1215
2019-12-20,5126.4921
2019-12-23,5062.4864
2019-12-24,5095.4893
2019-12-25,5092.8209
2019-12-26,5137.6392
2019-12-27,5132.5856
2019-12-30,5208.6495
2019-12-31,5227.7258
2020-01-02,5298.753
2020-01-03,5289.468
2020-01-06,5269.4719
2020-01-07,5308.9447
2020-01-08,5247.8056
2020-01-09,5314.2308
2020-01-10,5312.7188
2020-01-13,5364.7888
2020-01-14,5346.793
2020-01-15,5317.2484
2020-01-16,5294.6726
2020-01-17,5302.0864
2020-01-20,5341.6172
2020-01-21,5250.3468
2020-01-22,5272.8354
2020-01-23,5109.4541
2020-02-03,4706.783
2020-02-04,4830.9236
2020-02-05,4885.6559
2020-02-06,4976.5766
2020-02-07,4976.6969
2020-02-10,4997.2882
2020-02-11,5043.8143
2020-02-12,5084.6096
2020-02-13,5053.3271
2020-02-14,5088.823
2020-02-17,5203.2779
2020-02-18,5177.8661
2020-02-19,5169.9541
2020-02-20,5289.074
2020-02-21,5295.2429
2020-02-24,5273.9936
2020-02-25,5262.5283
2020-02-26,5197.6516
2020-02-27,5212.7873
2020-02-28,5027.9706
2020-03-02,5193.3779
2020-03-03,5221.0636
2020-03-04,5251.296
2020-03-05,5368.2813
2020-03-06,5281.2272
2020-03-09,5100.8163
2020-03-10,5210.0507
2020-03-11,5140.7542
2020-03-12,5041.8323
2020-03-13,4970.8822
2020-03-16,4757.1668
2020-03-17,4733.9955
2020-03-18,4640.2956
2020-03-19,4580.1089
2020-03-20,4661.948
2020-03-23,4505.0899
2020-03-24,4626.0772
2020-03-25,4750.3757
2020-03-26,4719.1479
2020-03-27,4734.4783
2020-03-30,4688.6022
2020-03-31,4703.9722
2020-04-01,4689.8337
2020-04-02,4765.7753
2020-04-03,4738.5778
2020-04-07,4846.7982
2020-04-08,4824.2401
2020-04-09,4840.1485
2020-04-10,4809.9904
2020-04-13,4789.6723
2020-04-14,4882.1188
2020-04-15,4845.9571
2020-04-16,4852.3612
2020-04-17,4899.7142
2020-04-20,4917.5392
2020-04-21,4859.5928
2020-04-22,4899.5818
2020-04-23,4887.2915
2020-04-24,4845.6987
2020-04-27,4878.7499
2020-04-28,4912.4138
2020-04-29,4935.4267
2020-04-30,4994.0726
2020-05-06,5024.2939
2020-05-07,5010.1529
2020-05-08,5065.0291
2020-05-11,5060.7512
2020-05-12,5060.9393
2020-05-13,5071.2265
2020-05-14,5016.2296
2020-05-15,5001.1504
2020-05-18,5014.0544
2020-05-19,5056.8757
2020-05-20,5030.9693
2020-05-21,5003.6487
2020-05-22,4889.5866
2020-05-25,4896.6885
2020-05-26,4952.8836
2020-05-27,4918.3855
2020-05-28,4933.7605
2020-05-29,4950.6064
2020-06-01,5084.2693
2020-06-02,5103.2151
2020-06-03,5104.3874
2020-06-04,5103.0958
2020-06-05,5128.452
2020-06-08,5155.089
2020-06-09,5187.2812
2020-06-10,5181.6074
2020-06-11,5130.5396
2020-06-12,5140.2975
2020-06-15,5080.1931
2020-06-16,5156.9704
2020-06-17,5161.5912
2020-06-18,5198.3
2020-06-19,5270.5251
2020-06-22,5276.7463
2020-06-23,5302.5436
2020-06-24,5332.6826
2020-06-29,5295.1997
2020-06-30,5370.273
2020-07-01,5478.5617
2020-07-02,5593.1958
2020-07-03,5701.9171
2020-07-06,6025.878
2020-07-07,6062.6971
2020-07-08,6162.39
2020-07-09,6249.9405
2020-07-10,6146.6894
2020-07-13,6279.8951
2020-07-14,6223.093
2020-07-15,6149.7348
2020-07-16,5856.2389
2020-07-17,5897.2349
2020-07-20,6073.5367
2020-07-21,6087.5775
2020-07-22,6118.9419
2020-07-23,6120.3207
2020-07-24,5851.7102
2020-07-27,5881.7541
2020-07-28,5933.458
2020-07-29,6077.4884
2020-07-30,6048.0325
2020-07-31,6098.7346
2020-08-03,6197.8002
2020-08-04,6203.6876
2020-08-05,6205.8525
2020-08-06,6187.2992
2020-08-07,6117.3449
2020-08-10,6139.361
2020-08-11,6083.3761
2020-08-12,6040.4338
2020-08-13,6024.926
2020-08-14,6118.0258
2020-08-17,6261.899
2020-08-18,6258.9523
2020-08-19,6165.3144
2020-08-20,6085.9718
2020-08-21,6139.2581
2020-08-24,6187.8323
2020-08-25,6195.8288
2020-08-26,6123.2
2020-08-27,6156.0074
2020-08-28,6302.9291
2020-08-31,6266.4331
2020-09-01,6300.141
2020-09-02,6302.437
2020-09-03,6267.5779
2020-09-04,6206.5867
2020-09-07,6075.368
2020-09-08,6107.924
2020-09-09,5965.061
2020-09-10,5961.6635
2020-09-11,6020.6105
2020-09-14,6051.5354
2020-09-15,6100.2385
2020-09-16,6062.9539
2020-09-17,6030.872
2020-09-18,6166.7469
2020-09-21,6107.3159
2020-09-22,6035.1638
2020-09-23,6056.7313
2020-09-24,5940.5242
2020-09-25,5949.7191
2020-09-28,5965.2606
2020-09-29,5978.1375
2020-09-30,5972.4152
2020-10-09,6094.4647
2020-10-12,6279.3587
2020-10-13,6300.2457
2020-10-14,6258.4556
2020-10-15,6247.5637
2020-10-16,6238.6342
2020-10-19,6191.5183
2020-10-20,6240.9664
2020-10-21,6240.1347
2020-10-22,6220.8083
2020-10-23,6143.8776
2020-10-26,6108.5655
2020-10-27,6119.4375
2020-10-28,6168.9119
2020-10-29,6215.3329
2020-10-30,6114.2998
2020-11-02,6147.5029
2020-11-03,6221.3764
2020-11-04,6268.3804
2020-11-05,6361.9262
2020-11-06,6362.7154
2020-11-09,6487.2647
2020-11-10,6451.485
2020-11-11,6387.701
2020-11-12,6394.0675
2020-11-13,6326.8348
2020-11-16,6388.4772
2020-11-17,6376.2509
2020-11-18,6372.1939
2020-11-19,6419.5033
2020-11-20,6439.4328
2020-11-23,6519.8581
2020-11-24,6479.8119
2020-11-25,6397.2113
2020-11-26,6408.7939
2020-11-27,6489.4853
2020-11-30,6462.7585
2020-12-01,6601.9696
2020-12-02,6602.0301
2020-12-03,6588.8911
2020-12-04,6600.4296
2020-12-07,6543.517
2020-12-08,6527.4486
2020-12-09,6439.9188
2020-12-10,6437.0867
2020-12-11,6371.2173
2020-12-14,6430.1209
2020-12-15,6443.496
2020-12-16,6454.9195
2020-12-17,6537.8526
2020-12-18,6515.036
2020-12-21,6576.1107
2020-12-22,6469.1763
2020-12-23,6524.36
2020-12-24,6515.098
2020-12-25,6569.8225
2020-12-28,6599.0112
2020-12-29,6571.0258
2020-12-30,6663.246
2020-12-31,6790.3916
2021-01-04,6863.9203
2021-01-05,6995.2472
2021-01-06,7059.3071
2021-01-07,7184.3824
2021-01-08,7160.6334
2021-01-11,7089.9157
2021-01-12,7292.1362
2021-01-13,7268.185
2021-01-14,7128.0914
2021-01-15,7111.9665
2021-01-18,7190.7199
2021-01-19,7085.1793
2021-01-20,7135.88
2021-01-21,7251.2434
2021-01-22,7257.5065
2021-01-25,7330.6672
2021-01-26,7183.4846
2021-01-27,7203.0763
2021-01-28,7006.5023
2021-01-29,6973.6949
2021-02-01,7059.2819
2021-02-02,7168.0097
2021-02-03,7147.3038
2021-02-04,7132.6405
2021-02-05,7144.9756
2021-02-08,7250.7124
2021-02-09,7409.2743
2021-02-10,7567.5502
2021-02-18,7516.2925
2021-02-19,7529.9229
2021-02-22,7293.4134
2021-02-23,7270.3962
2021-02-24,7085.2378
2021-02-25,7126.9215
2021-02-26,6953.8842
2021-03-01,7060.7612
2021-03-02,6970.653
2021-03-03,7104.3194
2021-03-04,6880.8436
2021-03-05,6857.5065
2021-03-08,6619.3528
2021-03-09,6477.4064
2021-03-10,6519.902
2021-03-11,6682.2652
2021-03-12,6705.9323
2021-03-15,6561.5107
2021-03-16,6618.6076
2021-03-17,6646.6173
2021-03-18,6699.9246
2021-03-19,6524.4348
2021-03-22,6589.6665
2021-03-23,6527.2431
2021-03-24,6422.2695
2021-03-25,6419.2224
2021-03-26,6564.6976
2021-03-29,6576.2782
2021-03-30,6638.631
2021-03-31,6578.2996
2021-04-01,6659.8788
2021-04-02,6726.0506
2021-04-06,6698.405
2021-04-07,6650.7127
2021-04-08,6661.7445
2021-04-09,6561.5733
2021-04-12,6447.4324
2021-04-13,6436.8744
2021-04-14,6490.281
2021-04-15,6449.0328
2021-04-16,6471.4554
2021-04-19,6628.9166
2021-04-20,6624.3666
2021-04-21,6644.4084
2021-04-22,6637.2272
2021-04-23,6697.4926
2021-04-26,6622.2672
2021-04-27,6639.5913
2021-04-28,6677.0543
2021-04-29,6735.6531
2021-04-30,6682.7494
2021-05-06,6601.405
2021-05-07,6516.5931
2021-05-10,6512.0326
2021-05-11,6552.0335
2021-05-12,6580.4793
2021-05-13,6513.2605
2021-05-14,6667.3079
2021-05-17,6765.259
2021-05-18,6768.6764
2021-05-19,6749.6708
2021-05-20,6768.42
2021-05-21,6701.6144
2021-05-24,6729.6182
2021-05-25,6942.3234
2021-05-26,6945.187
2021-05-27,6968.3974
2021-05-28,6947.2584
2021-05-31,6961.7731
2021-06-01,6975.5008
2021-06-02,6910.7528
2021-06-03,6866.6559
2021-06-04,6905.406
2021-06-07,6900.2415
2021-06-08,6841.1399
2021-06-09,6848.017
2021-06-10,6894.266
2021-06-11,6835.5899
2021-06-15,6759.6507
2021-06-16,6648.2243
2021-06-17,6680.6116
2021-06-18,6683.8004
2021-06-21,6668.0974
2021-06-22,6710.1453
2021-06-23,6743.9179
2021-06-24,6756.917
2021-06-25,6871.8496
2021-06-28,6887.6341
2021-06-29,6811.7455
2021-06-30,6859.0579
2021-07-01,6867.0032
2021-07-02,6672.1099
2021-07-05,6678.4004
2021-07-06,6679.8285
2021-07-07,6757.1579
2021-07-08,6690.4929
2021-07-09,6671.8103
2021-07-12,6757.0274
2021-07-13,6777.8655
2021-07-14,6700.3364
2021-07-15,6792.0893
2021-07-16,6722.1141
2021-07-19,6747.1631
2021-07-20,6741.7419
2021-07-21,6790.976
2021-07-22,6801.8913
2021-07-23,6719.8059
2021-07-26,6503.3541
2021-07-27,6273.9139
2021-07-28,6286.7752
2021-07-29,6407.1031
2021-07-30,6357.6503
2021-08-02,6519.614
2021-08-03,6520.5684
2021-08-04,6579.5713
2021-08-05,6539.8804
2021-08-06,6505.2657
2021-08-09,6589.9747
2021-08-10,6666.1785
2021-08-11,6629.4385
2021-08-12,6573.9945
2021-08-13,6538.5217
2021-08-16,6533.7165
2021-08-17,6396.8567
2021-08-18,6472.3559
2021-08-19,6430.0493
2021-08-20,6309.7828
2021-08-23,6402.7457
2021-08-24,6472.272
2021-08-25,6488.2798
2021-08-26,6360.3891
2021-08-27,6394.4489
2021-08-30,6376.2037
2021-08-31,6366.0558
2021-09-01,6450.6371
2021-09-02,6450.5744
2021-09-03,6415.6696
2021-09-06,6535.7733
2021-09-07,6614.068
2021-09-08,6586.6504
2021-09-09,6583.8432
2021-09-10,6641.4797
2021-09-13,6612.5187
2021-09-14,6513.83
2021-09-15,6447.8023
2021-09-16,6368.8216
2021-09-17,6433.8432
2021-09-22,6388.6015
2021-09-23,6430.2422
2021-09-24,6425.2498
2021-09-27,6462.2717
2021-09-28,6470.8285
2021-09-29,6404.7532
2021-09-30,6447.7541
2021-10-08,6531.9663
2021-10-11,6540.2484
2021-10-12,6470.8804
2021-10-13,6545.4384
2021-10-14,6510.3429
2021-10-15,6535.8357
2021-10-18,6459.86
2021-10-19,6523.3988
2021-10-20,6506.783
2021-10-21,6530.5312
2021-10-22,6573.5361
2021-10-25,6602.8474
2021-10-26,6581.0677
2021-10-27,6494.9653
2021-10-28,6449.8462
2021-10-29,6509.0285
2021-11-01,6485.0477
2021-11-02,6417.6347
2021-11-03,6392.7937
2021-11-04,6455.951
2021-11-05,6420.9499
2021-11-08,6428.6854
2021-11-09,6426.9461
2021-11-10,6393.0635
2021-11-11,6495.7786
2021-11-12,6482.1496
2021-11-15,6474.1971
2021-11-16,6475.4475
2021-11-17,6478.9766
2021-11-18,6415.2086
2021-11-19,6484.8459
2021-11-22,6514.4735
2021-11-23,6515.7291
2021-11-24,6520.1215
2021-11-25,6493.3121
2021-11-26,6445.1536
2021-11-29,6433.6116
2021-11-30,6407.8887
2021-12-01,6423.5701
2021-12-02,6439.8974
2021-12-03,6499.3803
2021-12-06,6488.2453
2021-12-07,6527.3404
2021-12-08,6625.2462
2021-12-09,6735.0134
2021-12-10,6703.7526
2021-12-13,6741.7908
2021-12-14,6696.5624
2021-12-15,6638.483
2021-12-16,6676.7193
2021-12-17,6570.6655
2021-12-20,6472.0782
2021-12-21,6515.93
2021-12-22,6517.2151
2021-12-23,6562.681
2021-12-24,6526.3529
2021-12-27,6523.6727
2021-12-28,6572.2629
2021-12-29,6476.1396
2021-12-30,6526.573
2021-12-31,6551.587
2022-01-04,6521.6058
2022-01-05,6455.7699
2022-01-06,6389.6113
2022-01-07,6395.0977
2022-01-10,6423.8432
2022-01-11,6362.4808
2022-01-12,6425.8769
2022-01-13,6320.2377
2022-01-14,6268.2701
2022-01-17,6322.0374
2022-01-18,6383.1336
2022-01-19,6339.4127
2022-01-20,6396.6097
2022-01-21,6338.0015
2022-01-24,6347.846
2022-01-25,6204.2437
2022-01-26,6249.1462
2022-01-27,6126.566
2022-01-28,6052.1641
2022-02-07,6145.4148
2022-02-08,6111.8411
2022-02-09,6169.2467
2022-02-10,6153.07
2022-02-11,6102.0575
2022-02-14,6036.1388
2022-02-15,6100.3431
2022-02-16,6124.0633
2022-02-17,6138.8836
2022-02-18,6168.1526
2022-02-21,6145.7122
2022-02-22,6065.9302
2022-02-23,6130.7698
2022-02-24,6006.4747
2022-02-25,6064.9647
2022-02-28,6075.8672
2022-03-01,6126.3136
2022-03-02,6071.8288
2022-03-03,6036.0599
2022-03-04,5962.8598
2022-03-07,5772.3575
2022-03-08,5656.4715
2022-03-09,5604.693
2022-03-10,5692.869
2022-03-11,5711.0161
2022-03-14,5536.2798
2022-03-15,5283.0605
2022-03-16,5511.512
2022-03-17,5619.7436
2022-03-18,5657.1487
2022-03-21,5647.6592
2022-03-22,5643.0828
2022-03-23,5671.2265
2022-03-24,5637.793
2022-03-25,5536.0364
2022-03-28,5501.4138
2022-03-29,5482.4208
2022-03-30,5641.614
2022-03-31,5599.8371
2022-04-01,5670.8678
2022-04-06,5654.553
2022-04-07,5581.9571
2022-04-08,5612.0078
2022-04-11,5438.6421
2022-04-12,5544.6307
2022-04-13,5491.4945
2022-04-14,5560.2505
2022-04-15,5556.508
2022-04-18,5526.8963
2022-04-19,5485.1331
2022-04-20,5400.2991
2022-04-21,5300.8659
2022-04-22,5323.9751
2022-04-25,5060.8611
2022-04-26,5020.025
2022-04-27,5167.8302
2022-04-28,5201.7531
2022-04-29,5330.2131
2022-05-05,5322.4511
2022-05-06,5187.8988
2022-05-09,5146.3631
2022-05-10,5203.0502
2022-05-11,5278.2501
2022-05-12,5254.9584
2022-05-13,5294.5958
2022-05-16,5252.5275
2022-05-17,5318.0498
2022-05-18,5299.4819
2022-05-19,5310.7014
2022-05-20,5414.3411
2022-05-23,5382.9811
2022-05-24,5257.206
2022-05-25,5289.4653
2022-05-26,5306.5878
2022-05-27,5317.8043
2022-05-30,5357.3197
2022-05-31,5440.8594
2022-06-01,5432.0975
2022-06-02,5444.1662
2022-06-06,5546.5116
2022-06-07,5564.1092
2022-06-08,5619.6803
2022-06-09,5561.984
2022-06-10,5649.5064
2022-06-13,5583.8168
2022-06-14,5627.7936
2022-06-15,5702.4977
2022-06-16,5669.7672
2022-06-17,5749.6445
2022-06-20,5783.0923
2022-06-21,5779.802
2022-06-22,5707.6478
2022-06-23,5806.6274
2022-06-24,5876.2641
2022-06-27,5942.8561
2022-06-28,6005.5493
2022-06-29,5916.5159
2022-06-30,6008.2456
2022-07-01,5983.7399
2022-07-04,6023.0757
2022-07-05,6014.583
2022-07-06,5927.9444
2022-07-07,5955.8351
2022-07-08,5940.2226
2022-07-11,5844.1645
2022-07-12,5796.1057
2022-07-13,5807.5653
2022-07-14,5809.3542
2022-07-15,5724.2197
2022-07-18,5783.6746
2022-07-19,5752.589
2022-07-20,5772.1203
2022-07-21,5711.8491
2022-07-22,5715.4271
2022-07-25,5681.2857
2022-07-26,5726.7379
2022-07-27,5698.4949
2022-07-28,5700.535
2022-07-29,5627.2578
2022-08-01,5652.3255
2022-08-02,5542.1387
2022-08-03,5488.4711
2022-08-04,5535.161
2022-08-05,5614.4208
2022-08-08,5603.1042
2022-08-09,5614.2023
2022-08-10,5551.6621
2022-08-11,5664.8712
2022-08-12,5662.2732
2022-08-15,5655.0787
2022-08-16,5644.5481
2022-08-17,5697.4042
2022-08-18,5647.8439
2022-08-19,5609.1944
2022-08-22,5650.1683
2022-08-23,5623.7106
2022-08-24,5517.4363
2022-08-25,5565.1103
2022-08-26,5555.9187
2022-08-29,5531.5378
2022-08-30,5512.9708
2022-08-31,5517.0915
2022-09-01,5469.6139
2022-09-02,5442.3906
2022-09-05,5431.3172
2022-09-06,5481.4148
2022-09-07,5485.0708
2022-09-08,5461.8583
2022-09-09,5537.7507
2022-09-13,5561.1894
2022-09-14,5499.295
2022-09-15,5447.8637
2022-09-16,5320.1113
2022-09-19,5314.3945
2022-09-20,5321.4994
2022-09-21,5282.1226
2022-09-22,5235.678
2022-09-23,5217.6507
2022-09-26,5191.6101
2022-09-27,5266.8692
2022-09-28,5181.4735
2022-09-29,5179.3537
2022-09-30,5149.2313
2022-10-10,5035.6216
2022-10-11,5044.7568
2022-10-12,5121.3814
2022-10-13,5079.1659
2022-10-14,5200.704
2022-10-17,5206.0396
2022-10-18,5195.0153
2022-10-19,5111.4606
2022-10-20,5085.0507
2022-10-21,5068.8945
2022-10-24,4920.5752
2022-10-25,4912.5591
2022-10-26,4952.4404
2022-10-27,4917.5572
2022-10-28,4795.9229
2022-10-31,4751.8327
2022-11-01,4921.7564
2022-11-02,4980.8469
2022-11-03,4940.342
2022-11-04,5101.88
2022-11-07,5112.8802
2022-11-08,5077.7064
2022-11-09,5030.6048
2022-11-10,4991.8935
2022-11-11,5131.0582
2022-11-14,5138.6136
2022-11-15,5236.0701
2022-11-16,5193.2945
2022-11-17,5171.9954
2022-11-18,5148.9236
2022-11-21,5104.9839
2022-11-22,5105.5877
2022-11-23,5110.9796
2022-11-24,5088.3329
2022-11-25,5114.024
2022-11-28,5056.56
2022-11-29,5212.5678
2022-11-30,5218.8174
2022-12-01,5275.3423
2022-12-02,5243.0778
2022-12-05,5345.9199
2022-12-06,5374.8587
2022-12-07,5361.6429
2022-12-08,5362.6438
2022-12-09,5415.5559
2022-12-12,5354.8738
2022-12-13,5344.3603
2022-12-14,5360.4377
2022-12-15,5356.5109
2022-12-16,5359.5449
2022-12-19,5276.8572
2022-12-20,5189.8362
2022-12-21,5191.8979
2022-12-22,5199.3385
2022-12-23,5188.754
2022-12-26,5209.802
2022-12-27,5273.971
2022-12-28,5251.4667
2022-12-29,5231.7108
2022-12-30,5251.9678
2023-01-03,5274.0323
2023-01-04,5280.8806
2023-01-05,5383.4753
2023-01-06,5400.1749
2023-01-09,5443.8968
2023-01-10,5449.8033
2023-01-11,5440.1047
2023-01-12,5450.7384
2023-01-13,5527.3985
2023-01-16,5613.6622
2023-01-17,5612.6827
2023-01-18,5603.2841
2023-01-19,5638.1404
2023-01-20,5672.7601
2023-01-30,5699.646
2023-01-31,5639.2937
2023-02-01,5692.3043
2023-02-02,5672.248
2023-02-03,5618.6378
2023-02-06,5544.3573
2023-02-07,5554.336
2023-02-08,5529.7914
2023-02-09,5604.0196
2023-02-10,5570.7189
2023-02-13,5621.2724
2023-02-14,5623.6007
2023-02-15,5594.2965
2023-02-16,5553.3241
2023-02-17,5473.3096
2023-02-20,5607.5917
2023-02-21,5622.3301
2023-02-22,5571.5883
2023-02-23,5567.1057
2023-02-24,5509.3126
2023-02-27,5487.2401
2023-02-28,5521.9972
2023-03-01,5599.9977
2023-03-02,5587.5087
2023-03-03,5604.8959
2023-03-06,5575.666
2023-03-07,5494.035
2023-03-08,5474.0281
2023-03-09,5454.682
2023-03-10,5383.1507
2023-03-13,5439.5325
2023-03-14,5406.979
2023-03-15,5409.973
2023-03-16,5345.1773
2023-03-17,5371.8666
2023-03-20,5345.0774
2023-03-21,5403.8345
2023-03-22,5426.9898
2023-03-23,5480.7881
2023-03-24,5464.4454
2023-03-27,5444.6768
2023-03-28,5427.0875
2023-03-29,5436.0832
2023-03-30,5480.2064
2023-03-31,5497.0329
2023-04-03,5550.8262
2023-04-04,5567.8395
2023-04-06,5559.0664
2023-04-07,5595.2163
2023-04-10,5570.1554
2023-04-11,5563.8266
2023-04-12,5559.9452
2023-04-13,5521.6982
2023-04-14,5552.9371
2023-04-17,5630.8096
2023-04-18,5648.1885
2023-04-19,5597.3348
2023-04-20,5581.8727
2023-04-21,5472.9755
2023-04-24,5405.2187
2023-04-25,5378.1686
2023-04-26,5374.8496
2023-04-27,5414.7659
2023-04-28,5470.0687
2023-05-04,5471.6454
2023-05-05,5453.4941
2023-05-08,5515.6538
2023-05-09,5468.4903
2023-05-10,5426.4375
2023-05-11,5418.0166
2023-05-12,5346.6199
2023-05-15,5429.8117
2023-05-16,5402.5058
2023-05-17,5378.0586
2023-05-18,5373.132
2023-05-19,5358.7626
2023-05-22,5392.4932
2023-05-23,5316.3131
2023-05-24,5242.8726
2023-05-25,5231.6436
2023-05-26,5233.5449
2023-05-29,5211.2834
2023-05-30,5216.638
2023-05-31,5166.1177
2023-06-01,5181.3009
2023-06-02,5256.7747
2023-06-05,5232.8899
2023-06-06,5184.0228
2023-06-07,5159.859
2023-06-08,5202.2639
2023-06-09,5226.7178
2023-06-12,5237.7499
2023-06-13,5267.8131
2023-06-14,5273.5315
2023-06-15,5359.1507
2023-06-16,5411.9501
2023-06-19,5373.2829
2023-06-20,5365.5772
2023-06-21,5287.7358
2023-06-26,5215.2874
2023-06-27,5266.672
2023-06-28,5264.9723
2023-06-29,5240.6587
2023-06-30,5275.9483
2023-07-03,5345.9937
2023-07-04,5354.4134
2023-07-05,5315.3125
2023-07-06,5281.0427
2023-07-07,5258.5136
2023-07-10,5284.1562
2023-07-11,5319.217
2023-07-12,5289.8961
2023-07-13,5374.868
2023-07-14,5377.8579
2023-07-17,5341.1255
2023-07-18,5327.6577
2023-07-19,5323.4515
2023-07-20,5286.3607
2023-07-21,5287.9896
2023-07-24,5264.9603
2023-07-25,5417.3702
2023-07-26,5406.9444
2023-07-27,5400.5358
2023-07-28,5528.0652
2023-07-31,5558.3947
2023-08-01,5535.3828
2023-08-02,5496.8289
2023-08-03,5545.414
2023-08-04,5567.235
2023-08-07,5525.1046
2023-08-08,5510.7151
2023-08-09,5495.2815
2023-08-10,5507.1487
2023-08-11,5382.3863
2023-08-14,5343.1101
2023-08-15,5330.1256
2023-08-16,5291.0465
2023-08-17,5308.7376
2023-08-18,5243.6998
2023-08-21,5168.2765
2023-08-22,5208.2251
2023-08-23,5122.8681
2023-08-24,5160.1787
2023-08-25,5144.1057
2023-08-28,5205.2753
2023-08-29,5257.4001
2023-08-30,5255.1849
2023-08-31,5223.5541
2023-09-01,5260.5028
2023-09-04,5340.2264
2023-09-05,5300.4977
2023-09-06,5288.997
2023-09-07,5214.6942
2023-09-08,5189.0512
2023-09-11,5227.489
2023-09-12,5217.8705
2023-09-13,5184.6347
2023-09-14,5180.2731
2023-09-15,5146.7044
2023-09-18,5173.0113
2023-09-19,5163.0073
2023-09-20,5143.1206
2023-09-21,5097.0128
2023-09-22,5189.2918
2023-09-25,5155.5254
2023-09-26,5125.4169
2023-09-27,5136.131
2023-09-28,5121.0906
2023-10-09,5114.4421
2023-10-10,5076.1311
2023-10-11,5090.5977
2023-10-12,5138.9927
2023-10-13,5084.9323
2023-10-16,5034.1079
2023-10-17,5051.8821
2023-10-18,5011.8999
2023-10-19,4904.9702
2023-10-20,4873.1052
2023-10-23,4822.7355
2023-10-24,4840.7497
2023-10-25,4867.626
2023-10-26,4881.0813
2023-10-27,4948.4273
2023-10-30,4978.1351
2023-10-31,4962.4854
2023-11-01,4960.4313
2023-11-02,4937.0421
2023-11-03,4978.6416
2023-11-06,5045.9729
2023-11-07,5028.1245
2023-11-08,5016.1786
2023-11-09,5018.6151
2023-11-10,4982.03
2023-11-13,4972.2018
2023-11-14,4975.8749
2023-11-15,5010.8626
2023-11-16,4962.5525
2023-11-17,4956.5852
2023-11-20,4968.0524
2023-11-21,4974.6427
2023-11-22,4924.3105
2023-11-23,4948.0736
2023-11-24,4915.4085
2023-11-27,4879.2324
2023-11-28,4888.3753
2023-11-29,4846.6653
2023-11-30,4857.6353
2023-12-01,4839.1264
2023-12-04,4807.5267
2023-12-05,4715.9917
2023-12-06,4723.4122
2023-12-07,4711.8584
2023-12-08,4723.6546
2023-12-11,4751.4354
2023-12-12,4761.646
2023-12-13,4682.1676
2023-12-14,4657.6547
2023-12-15,4643.1868
2023-12-18,4626.2539
2023-12-19,4632.7506
2023-12-20,4586.1231
2023-12-21,4632.5303
2023-12-22,4641.3733
2023-12-25,4655.8178
2023-12-26,4624.3002
2023-12-27,4640.3882
2023-12-28,4749.1296
2023-12-29,4772.1754
2024-01-02,4709.924
2024-01-03,4698.7205
2024-01-04,4655.263
2024-01-05,4630.3103
2024-01-08,4570.4272
2024-01-09,4579.3884
2024-01-10,4558.0104
2024-01-11,4583.8006
2024-01-12,4567.7987
2024-01-15,4563.2824
2024-01-16,4591.0393
2024-01-17,4491.184
2024-01-18,4554.6718
2024-01-19,4547.7839
2024-01-22,4477.0245
2024-01-23,4495.1491
2024-01-24,4557.9824
2024-01-25,4649.5146
2024-01-26,4636.8611
2024-01-29,4595.3289
2024-01-30,4513.3774
2024-01-31,4472.0872
2024-02-01,4475.3685
2024-02-02,4422.4002
2024-02-05,4451.3218
2024-02-06,4606.0828
2024-02-07,4650.504
2024-02-08,4680.1284
2024-02-19,4734.2022
2024-02-20,4744.0027
2024-02-21,4808.0058
2024-02-22,4849.458
2024-02-23,4853.7236
2024-02-26,4803.12
2024-02-27,4860.7417
2024-02-28,4798.8101
2024-02-29,4890.3601
2024-03-01,4920.5711
2024-03-04,4924.8338
2024-03-05,4959.1124
2024-03-06,4938.992
2024-03-07,4909.327
2024-03-08,4930.4547
2024-03-11,4992.1442
2024-03-12,5003.5914
2024-03-13,4968.6352
2024-03-14,4954.5345
2024-03-15,4965.3417
2024-03-18,5011.984
2024-03-19,4975.964
2024-03-20,4986.748
2024-03-21,4980.7763
2024-03-22,4930.5832
2024-03-25,4903.8248
2024-03-26,4928.8369
2024-03-27,4871.8673
2024-03-28,4897.1505
2024-03-29,4920.2572
2024-04-01,5001.1546
2024-04-02,4980.332
2024-04-03,4962.4274
2024-04-08,4918.7597
2024-04-09,4914.6975
2024-04-10,4874.6698
2024-04-11,4874.0245
2024-04-12,4834.515
2024-04-15,4936.3798
2024-04-16,4883.5798
2024-04-17,4959.0891
2024-04-18,4965.6041
2024-04-19,4926.6559
2024-04-22,4912.525
2024-04-23,4878.5558
2024-04-24,4899.9792
2024-04-25,4912.0278
2024-04-26,4987.3481
2024-04-29,5042.7406
2024-04-30,5019.1862
2024-05-06,5093.6615
2024-05-07,5095.2362
2024-05-08,5055.1713
2024-05-09,5102.9875
2024-05-10,5106.0448
2024-05-13,5103.8353
2024-05-14,5093.7671
2024-05-15,5054.7191
2024-05-16,5074.6812
2024-05-17,5127.6879
2024-05-20,5145.8018
2024-05-21,5126.5838
2024-05-22,5138.7988
2024-05-23,5079.363
2024-05-24,5023.9034
2024-05-27,5072.0711
2024-05-28,5035.4547
2024-05-29,5042.261
2024-05-30,5016.3091
2024-05-31,4996.3309
2024-06-03,5008.9263
2024-06-04,5047.0456
2024-06-05,5020.1124
2024-06-06,5017.8284
2024-06-07,4995.5657
2024-06-11,4952.9401
2024-06-12,4955.1859
2024-06-13,4932.5939
2024-06-14,4961.2822
2024-06-17,4954.1757
2024-06-18,4967.5216
2024-06-19,4951.5237
2024-06-20,4916.8841
2024-06-21,4907.3
2024-06-24,4881.7308
2024-06-25,4855.1825
2024-06-26,4889.7442
2024-06-27,4856.0897
2024-06-28,4870.4693
2024-07-01,4893.8233
2024-07-02,4884.8226
2024-07-03,4873.7132
2024-07-04,4849.4018
2024-07-05,4829.9131
2024-07-08,4791.5451
2024-07-09,4850.1012
2024-07-10,4840.2508
2024-07-11,4905.5909
2024-07-12,4918.7155
2024-07-15,4925.229
2024-07-16,4961.9689
2024-07-17,4968.2559
2024-07-18,4997.0988
2024-07-19,5026.6051
2024-07-22,4992.5137
2024-07-23,4886.8814
2024-07-24,4857.5192
2024-07-25,4831.0343
2024-07-26,4851.2242
2024-07-29,4825.6017
2024-07-30,4796.314
2024-07-31,4899.8242
2024-08-01,4867.6077
2024-08-02,4817.9606
2024-08-05,4759.5207
2024-08-06,4759.1389
2024-08-07,4757.0179
2024-08-08,4759.6898
2024-08-09,4745.0035
2024-08-12,4736.7957
2024-08-13,4748.9716
2024-08-14,4714.1359
2024-08-15,4761.4939
2024-08-16,4768.6587
2024-08-19,4784.8802
2024-08-20,4750.7218
2024-08-21,4735.1487
2024-08-22,4723.1227
2024-08-23,4744.3457
2024-08-26,4741.3885
2024-08-27,4714.4465
2024-08-28,4690.4809
2024-08-29,4677.901
2024-08-30,4740.3426
2024-09-02,4660.4058
2024-09-03,4672.4203
2024-09-04,4642.1596
2024-09-05,4650.4734
2024-09-06,4612.7699
2024-09-09,4558.673
2024-09-10,4562.6759
2024-09-11,4549.8564
2024-09-12,4530.3565
2024-09-13,4512.0744
2024-09-18,4528.8747
2024-09-19,4565.3162
2024-09-20,4572.7667
2024-09-23,4589.5007
2024-09-24,4788.3111
2024-09-25,4859.4757
2024-09-26,5065.6451
2024-09-27,5291.9203
2024-09-30,5741.0312
2024-10-08,6081.4499
2024-10-09,5652.7031
2024-10-10,5714.2198
2024-10-11,5556.2665
2024-10-14,5662.2918
2024-10-15,5511.745
2024-10-16,5476.9347
2024-10-17,5414.9448
2024-10-18,5614.7775
2024-10-21,5629.2185
2024-10-22,5661.6133
2024-10-23,5683.9856
2024-10-24,5620.8179
2024-10-25,5660.7384
2024-10-28,5671.8068
2024-10-29,5615.28
2024-10-30,5565.3988
2024-10-31,5567.9901
2024-11-01,5567.0364
2024-11-04,5645.3775
2024-11-05,5788.2171
2024-11-06,5759.5463
2024-11-07,5934.5765
2024-11-08,5875.047
2024-11-11,5913.9344
2024-11-12,5848.9587
2024-11-13,5885.8285
2024-11-14,5783.785
2024-11-15,5682.5551
2024-11-18,5656.3598
2024-11-19,5694.3191
2024-11-20,5707.0362
2024-11-21,5712.2729
2024-11-22,5535.2916
2024-11-25,5510.4565
2024-11-26,5499.1349
2024-11-27,5594.8782
2024-11-28,5546.4008
2024-11-29,5609.779
2024-12-02,5654.3037
2024-12-03,5660.4043
2024-12-04,5629.8464
2024-12-05,5617.0004
2024-12-06,5690.8402
2024-12-09,5681.4303
2024-12-10,5723.1119
2024-12-11,5713.6569
2024-12-12,5770.5356
2024-12-13,5634.1739
2024-12-16,5603.6062
2024-12-17,5618.2056
2024-12-18,5646.8387
2024-12-19,5651.9577
2024-12-20,5631.3257
2024-12-23,5639.6811
2024-12-24,5711.5345
2024-12-25,5714.3827
2024-12-26,5717.0748
2024-12-27,5708.0619
2024-12-30,5734.5784
2024-12-31,5642.5969
2025-01-02,5478.3833
2025-01-03,5413.5238
2025-01-06,5404.64
2025-01-07,5444.9054
2025-01-08,5436.5665
2025-01-09,5423.1688
2025-01-10,5356.8128
2025-01-13,5342.5074
2025-01-14,5483.1939
2025-01-15,5448.0124
2025-01-16,5454.2664
2025-01-17,5471.5482
2025-01-20,5496.9929
2025-01-21,5501.2478
2025-01-22,5451.0478
2025-01-23,5462.7764
2025-01-24,5508.0326
2025-01-27,5485.7346
2025-02-05,5454.1239
2025-02-06,5522.7432
2025-02-07,5594.416
2025-02-10,5606.4292
2025-02-11,5580.6659
2025-02-12,5633.4476
2025-02-13,5612.2899
2025-02-14,5660.9645
2025-02-17,5673.0219
2025-02-18,5623.2743
2025-02-19,5662.6197
2025-02-20,5646.4312
2025-02-21,5717.6394
2025-02-24,5705.0972
2025-02-25,5641.767
2025-02-26,5691.0482
2025-02-27,5702.7963
2025-02-28,5590.6017
2025-03-03,5588.3383
2025-03-04,5583.6633
2025-03-05,5608.5975
2025-03-06,5685.7243
2025-03-07,5668.1586
2025-03-10,5646.2958
2025-03-11,5664.4241
2025-03-12,5644.0391
2025-03-13,5621.5445
2025-03-14,5758.0417
2025-03-17,5744.002
2025-03-18,5759.7177
2025-03-19,5763.2317
2025-03-20,5712.6781
2025-03-21,5626.023
2025-03-24,5654.9861
2025-03-25,5651.3163
2025-03-26,5632.7217
2025-03-27,5651.4838
2025-03-28,5626.8753
2025-03-31,5586.834
2025-04-01,5587.8689
2025-04-02,5583.1282
2025-04-03,5550.2387
2025-04-07,5159.1958
2025-04-08,5247.3304
2025-04-09,5299.1249
2025-04-10,5368.5776
2025-04-11,5390.7147
2025-04-14,5403.1124
2025-04-15,5406.1201
2025-04-16,5423.5288
2025-04-17,5422.76
2025-04-18,5424.6244
2025-04-21,5442.3938
2025-04-22,5444.3438
2025-04-23,5448.5598
2025-04-24,5444.9268
2025-04-25,5449.4132
2025-04-28,5441.6788
2025-04-29,5432.2829
2025-04-30,5427.0398
2025-05-06,5481.7036
2025-05-07,5514.9297
2025-05-08,5545.543
2025-05-09,5537.1582
2025-05-12,5601.3686
2025-05-13,5609.9963
2025-05-14,5678.1549
2025-05-15,5627.5163
2025-05-16,5601.4702
2025-05-19,5584.4405
2025-05-20,5615.6024
2025-05-21,5643.3613
2025-05-22,5639.9267
2025-05-23,5594.9834
2025-05-26,5563.4223
2025-05-27,5533.6631
2025-05-28,5529.5325
2025-05-29,5562.3259
2025-05-30,5536.4863
2025-06-03,5553.4702
2025-06-04,5577.5902
2025-06-05,5591.119
2025-06-06,5589.5462
2025-06-09,5606.202
2025-06-10,5577.6595
2025-06-11,5621.8316
2025-06-12,5625.0204
2025-06-13,5587.0594
2025-06-16,5601.2353
2025-06-17,5596.7994
2025-06-18,5604.7358
2025-06-19,5559.3183
2025-06-20,5569.6891
2025-06-23,5586.7225
2025-06-24,5653.6975
2025-06-25,5739.4465
2025-06-26,5725.1256
2025-06-27,5693.8808
2025-06-30,5719.9725
2025-07-01,5729.8406
2025-07-02,5731.1817
2025-07-03,5767.3218
2025-07-04,5788.2953
2025-07-07,5766.0601
2025-07-08,5814.4891
2025-07-09,5804.9368
2025-07-10,5835.1281
2025-07-11,5850.2844
2025-07-14,5856.9799
2025-07-15,5859.9851
2025-07-16,5845.4105
2025-07-17,5888.8388
2025-07-18,5930.9302
2025-07-21,5971.0153
2025-07-22,6020.6086
2025-07-23,6022.1899
2025-07-24,6065.461
2025-07-25,6036.0816
2025-07-28,6050.2478
2025-07-29,6074.94
2025-07-30,6073.8558
2025-07-31,5964.3565
2025-08-01,5934.1853
2025-08-04,5957.3819
2025-08-05,6005.3074
2025-08-06,6019.9937
2025-08-07,6021.7218
2025-08-08,6009.7819
2025-08-11,6035.4665
2025-08-12,6066.6716
2025-08-13,6114.807
2025-08-14,6110.9225
2025-08-15,6154.0976
2025-08-18,6208.3686
2025-08-19,6185.2761
2025-08-20,6256.6841
2025-08-21,6281.1668
2025-08-22,6414.1154
2025-08-25,6548.6829
2025-08-26,6524.3134
2025-08-27,6427.0543
2025-08-28,6540.8439
2025-08-29,6591.6467
2025-09-01,6631.7819
2025-09-02,6583.0251
2025-09-03,6538.1314
2025-09-04,6400.172
2025-09-05,6540.0748
2025-09-08,6550.8731
2025-09-09,6504.9555
2025-09-10,6518.4177
2025-09-11,6669.2567
2025-09-12,6631.5137
2025-09-15,6647.7299
2025-09-16,6634.8274
2025-09-17,6676.254
2025-09-18,6598.8354
2025-09-19,6604.4899
2025-09-22,6634.8407
2025-09-23,6630.6952
2025-09-24,6699.323
2025-09-25,6739.9291
2025-09-26,6676.9151
2025-09-29,6779.7126
2025-09-30,6811.5474
2025-10-09,6912.5142
2025-10-10,6776.9267
2025-10-13,6743.8713
2025-10-14,6663.2584
2025-10-15,6763.2795
2025-10-16,6782.7547
2025-10-17,6631.0259
2025-10-20,6666.7545
2025-10-21,6769.1149
2025-10-22,6746.8663
2025-10-23,6767.2094
2025-10-24,6852.3139
2025-10-27,6934.0117
2025-10-28,6899.5336
2025-10-29,6981.9638
2025-10-30,6926.2597
2025-10-31,6824.4323
2025-11-03,6843.6027
2025-11-04,6792.6823
2025-11-05,6805.3796
2025-11-06,6902.6619
2025-11-07,6881.4555
2025-11-10,6906.2611
2025-11-11,6843.1784
2025-11-12,6834.3991
2025-11-13,6917.0223
2025-11-14,6808.3127
2025-11-17,6764.1238
2025-11-18,6721.389
2025-11-19,6750.9622
2025-11-20,6717.6157
2025-11-21,6554.0422
2025-11-24,6546.0604
2025-11-25,6608.5368
2025-11-26,6648.6826
2025-11-27,6645.4112
2025-11-28,6662.1649
2025-12-01,6735.494
2025-12-02,6702.8931
2025-12-03,6668.6216
2025-12-04,6691.4735
2025-12-05,6747.3569
2025-12-08,6802.1327
2025-12-09,6767.5982
2025-12-10,6758.1848
2025-12-11,6700.7122
2025-12-12,6743.989
2025-12-15,6703.5962
2025-12-16,6623.3943
2025-12-17,6745.7774
2025-12-18,6707.3237
2025-12-19,6734.0711
2025-12-22,6798.1152
2025-12-23,6811.767
2025-12-24,6831.5114
2025-12-25,6845.1635
2025-12-26,6866.8442
2025-12-29,6840.5273
2025-12-30,6858.0877
2025-12-31,6826.6195
2026-01-05,6956.1222
2026-01-06,7063.6812
2026-01-07,7043.0316
2026-01-08,6985.5652
2026-01-09,7017.3105
2026-01-12,7063.3914
2026-01-13,7020.8809
2026-01-14,6994.0165
2026-01-15,7008.2002
2026-01-16,6983.0746
2026-01-19,6986.8862
2026-01-20,6963.8977
2026-01-21,6970.0826
2026-01-22,6971.027
2026-01-23,6941.3863
2026-01-26,6947.9807
2026-01-27,6946.1029
2026-01-28,6964.2584
2026-01-29,7017.3076
2026-01-30,6947.5141
2026-02-02,6799.3621
2026-02-03,6879.2652
2026-02-04,6936.2634
2026-02-05,6895.0657
2026-02-06,6858.1631
2026-02-09,6970.3893
2026-02-10,6978.2189
2026-02-11,6962.8819
2026-02-12,6972.3068
2026-02-13,6884.8904
2026-02-24,6954.5288
2026-02-25,6996.3986
2026-02-26,6983.0852
2026-02-27,6959.1127
2026-03-02,6985.7368
2026-03-03,6878.2287
2026-03-04,6799.5298
2026-03-05,6866.1087
2026-03-06,6884.9476
2026-03-09,6818.4921
2026-03-10,6906.0987
2026-03-11,6950.0336
2026-03-12,6925.0141
2026-03-13,6897.8017
2026-03-16,6901.3755
2026-03-17,6850.9697
2026-03-18,6881.8355
2026-03-19,6770.9166
2026-03-20,6746.935
2026-03-23,6526.7841
2026-03-24,6610.5852
2026-03-25,6703.277
2026-03-26,6614.7394
2026-03-27,6651.7247
2026-03-30,6636.0359
2026-03-31,6574.1353
2026-04-01,6686.4373
2026-04-02,6616.7777
2026-04-03,6560.4548
2026-04-07,6560.2996
2026-04-08,6789.1985
2026-04-09,6745.8648
2026-04-10,6850.0853
2026-04-13,6864.2523
2026-04-14,6945.7004
2026-04-15,6922.3337
2026-04-16,6998.2187
2026-04-17,6986.8114
2026-04-20,7029.3208
2026-04-21,7045.2592
2026-04-22,7096.9776
2026-04-23,7077.3119
2026-04-24,7052.4521
2026-04-27,7054.7855
2026-04-28,7036.2401
2026-04-29,7113.7181
2026-04-30,7109.905
2026-05-06,7213.1175
2026-05-07,7247.7501
2026-05-08,7205.7449
2026-05-11,7324.2672
2026-05-12,7318.9323
2026-05-13,7396.3818
2026-05-14,7272.5355
2026-05-15,7191.9059
2026-05-18,7153.466
2026-05-19,7182.6181
2026-05-20,7180.4075
2026-05-21,7080.4846
2026-05-22,7172.7519
2026-05-25,7286.1171
2026-05-26,7325.6442
2026-05-27,7269.0694
2026-05-28,7278.6698
2026-05-29,7247.6968
2026-06-01,7177.0223
2026-06-02,7281.3493
2026-06-03,7317.4559
2026-06-04,7267.6447
2026-06-05,7140.2038
2026-06-08,6987.7922
2026-06-09,7118.7103
2026-06-10,7046.9332
2026-06-11,7009.1299
2026-06-12,7094.654
2026-06-15,7265.6362
2026-06-16,7254.7299
2026-06-17,7325.5609
2026-06-18,7341.6628
2026-06-22,7517.3503
2026-06-23,7309.0668
2026-06-24,7344.5187
2026-06-25,7459.487
2026-06-26,7244.1063
2026-06-29,7336.646
2026-06-30,7415.7837
2026-07-01,7385.594
2026-07-02,7167.8574
2026-07-03,7213.4471
2026-07-06,7213.9638
2026-07-07,7139.9151
2026-07-08,7085.3073
2026-07-09,7266.3783
2026-07-10,7132.3472
2026-07-13,7007.5165
2026-07-14,7158.6754
2026-07-15,7144.603
2026-07-16,7018.5089
2026-07-17,6770.283
2026-07-20,6874.7176
2026-07-21,7085.4308
2026-07-22,7052.9728
2026-07-23,7069.2439
2026-07-24,6952.0875
2026-07-27,7031.8244
2026-07-28,6833.9001
2026-07-29,6880.4002
2026-07-30,6806.0404
2026-07-31,6865.999
