date,close
2005-12-30,1000.0
2006-01-04,1009.336
2006-01-05,1032.573
2006-01-06,1046.886
2006-01-09,1057.865
2006-01-10,1061.69
2006-01-11,1063.558
2006-01-12,1077.664
2006-01-13,1076.827
2006-01-16,1063.893
2006-01-17,1065.092
2006-01-18,1087.023
2006-01-19,1106.724
2006-01-20,1108.926
2006-01-23,1121.934
2006-01-24,1125.84
2006-01-25,1133.3
2006-02-06,1165.599
2006-02-07,1160.993
2006-02-08,1160.463
2006-02-09,1149.27
2006-02-10,1165.525
2006-02-13,1164.122
2006-02-14,1165.873
2006-02-15,1167.622
2006-02-16,1147.137
2006-02-17,1145.313
2006-02-20,1152.449
2006-02-21,1171.473
2006-02-22,1179.854
2006-02-23,1175.443
2006-02-24,1183.577
2006-02-27,1176.108
2006-02-28,1181.159
2006-03-01,1180.281
2006-03-02,1170.027
2006-03-03,1181.65
2006-03-06,1186.472
2006-03-07,1158.753
2006-03-08,1145.902
2006-03-09,1143.237
2006-03-10,1150.887
2006-03-13,1168.078
2006-03-14,1164.526
2006-03-15,1177.644
2006-03-16,1175.292
2006-03-17,1169.551
2006-03-20,1184.571
2006-03-21,1191.87
2006-03-22,1194.127
2006-03-23,1197.678
2006-03-24,1196.557
2006-03-27,1198.996
2006-03-28,1205.678
2006-03-29,1219.767
2006-03-30,1212.135
2006-03-31,1214.998
2006-04-03,1226.755
2006-04-04,1235.828
2006-04-05,1242.088
2006-04-06,1238.577
2006-04-07,1236.667
2006-04-10,1254.618
2006-04-11,1268.034
2006-04-12,1263.99
2006-04-13,1249.222
2006-04-14,1284.867
2006-04-17,1290.349
2006-04-18,1298.309
2006-04-19,1295.977
2006-04-20,1279.505
2006-04-21,1290.548
2006-04-24,1270.618
2006-04-25,1268.46
2006-04-26,1288.792
2006-04-27,1288.538
2006-04-28,1298.39
2006-05-08,1338.876
2006-05-09,1372.808
2006-05-10,1380.109
2006-05-11,1370.536
2006-05-12,1397.988
2006-05-15,1452.307
2006-05-16,1434.825
2006-05-17,1459.887
2006-05-18,1469.278
2006-05-19,1503.377
2006-05-22,1545.284
2006-05-23,1491.798
2006-05-24,1454.917
2006-05-25,1449.705
2006-05-26,1481.343
2006-05-29,1530.722
2006-05-30,1547.822
2006-05-31,1538.18
2006-06-01,1584.577
2006-06-02,1582.518
2006-06-05,1602.059
2006-06-06,1589.141
2006-06-07,1488.84
2006-06-08,1488.379
2006-06-09,1457.848
2006-06-12,1462.562
2006-06-13,1466.988
2006-06-14,1443.975
2006-06-15,1435.734
2006-06-16,1471.277
2006-06-19,1492.771
2006-06-20,1494.035
2006-06-21,1490.864
2006-06-22,1479.495
2006-06-23,1487.788
2006-06-26,1517.471
2006-06-27,1516.786
2006-06-28,1528.942
2006-06-29,1568.505
2006-06-30,1566.684
2006-07-03,1591.522
2006-07-04,1579.358
2006-07-05,1559.949
2006-07-06,1594.648
2006-07-07,1586.148
2006-07-10,1585.183
2006-07-11,1590.948
2006-07-12,1595.139
2006-07-13,1502.997
2006-07-14,1513.108
2006-07-17,1535.375
2006-07-18,1539.325
2006-07-19,1513.437
2006-07-20,1521.853
2006-07-21,1528.236
2006-07-24,1530.473
2006-07-25,1550.498
2006-07-26,1548.301
2006-07-27,1524.582
2006-07-28,1520.568
2006-07-31,1466.805
2006-08-01,1451.532
2006-08-02,1443.707
2006-08-03,1439.763
2006-08-04,1407.809
2006-08-07,1385.742
2006-08-08,1424.616
2006-08-09,1424.394
2006-08-10,1447.116
2006-08-11,1448.832
2006-08-14,1421.418
2006-08-15,1442.364
2006-08-16,1464.129
2006-08-17,1443.499
2006-08-18,1434.7
2006-08-21,1434.636
2006-08-22,1442.312
2006-08-23,1442.362
2006-08-24,1446.309
2006-08-25,1451.505
2006-08-28,1483.639
2006-08-29,1481.944
2006-08-30,1489.194
2006-08-31,1513.395
2006-09-01,1499.553
2006-09-04,1519.595
2006-09-05,1514.586
2006-09-06,1519.898
2006-09-07,1498.127
2006-09-08,1496.548
2006-09-11,1504.845
2006-09-12,1509.493
2006-09-13,1497.129
2006-09-14,1493.134
2006-09-15,1515.371
2006-09-18,1540.599
2006-09-19,1536.197
2006-09-20,1535.056
2006-09-21,1539.836
2006-09-22,1523.982
2006-09-25,1514.616
2006-09-26,1507.025
2006-09-27,1513.457
2006-09-28,1522.74
2006-09-29,1536.969
2006-10-09,1563.145
2006-10-10,1572.366
2006-10-11,1581.134
2006-10-12,1591.31
2006-10-13,1598.888
2006-10-16,1596.988
2006-10-17,1590.248
2006-10-18,1612.886
2006-10-19,1612.76
2006-10-20,1608.711
2006-10-23,1578.953
2006-10-24,1610.65
2006-10-25,1606.159
2006-10-26,1611.845
2006-10-27,1602.843
2006-10-30,1630.832
2006-10-31,1648.399
2006-11-01,1665.434
2006-11-02,1684.199
2006-11-03,1678.971
2006-11-06,1707.784
2006-11-07,1700.5
2006-11-08,1670.724
2006-11-09,1683.833
2006-11-10,1647.274
2006-11-13,1598.667
2006-11-14,1600.338
2006-11-15,1651.398
2006-11-16,1635.104
2006-11-17,1668.389
2006-11-20,1680.575
2006-11-21,1696.554
2006-11-22,1704.659
2006-11-23,1721.604
2006-11-24,1740.067
2006-11-27,1767.848
2006-11-28,1753.955
2006-11-29,1776.495
2006-11-30,1829.349
2006-12-01,1850.619
2006-12-04,1887.329
2006-12-05,1885.179
2006-12-06,1855.694
2006-12-07,1870.275
2006-12-08,1803.509
2006-12-11,1866.795
2006-12-12,1881.656
2006-12-13,1885.77
2006-12-14,1911.274
2006-12-15,1936.376
2006-12-18,1966.492
2006-12-19,1986.256
2006-12-20,1993.769
2006-12-21,1958.092
2006-12-22,1937.457
2006-12-25,1963.797
2006-12-26,1969.673
2006-12-27,2002.784
2006-12-28,1980.37
2006-12-29,2050.16
2007-01-04,2102.491
2007-01-05,2176.607
2007-01-08,2247.441
2007-01-09,2305.126
2007-01-10,2358.176
2007-01-11,2339.641
2007-01-12,2228.853
2007-01-15,2346.218
2007-01-16,2390.695
2007-01-17,2397.712
2007-01-18,2411.139
2007-01-19,2501.189
2007-01-22,2618.666
2007-01-23,2664.491
2007-01-24,2678.979
2007-01-25,2547.219
2007-01-26,2570.688
2007-01-29,2651.207
2007-01-30,2663.814
2007-01-31,2495.483
2007-02-01,2495.457
2007-02-02,2422.113
2007-02-05,2425.528
2007-02-06,2476.261
2007-02-07,2519.756
2007-02-08,2597.772
2007-02-09,2578.541
2007-02-12,2647.647
2007-02-13,2691.384
2007-02-14,2767.622
2007-02-15,2852.2
2007-02-16,2873.855
2007-02-26,2998.7
2007-02-27,2710.59
2007-02-28,2846.715
2007-03-01,2771.939
2007-03-02,2809.465
2007-03-05,2814.174
2007-03-06,2831.03
2007-03-07,2889.922
2007-03-08,2967.688
2007-03-09,2946.578
2007-03-12,3011.099
2007-03-13,3057.082
2007-03-14,3033.984
2007-03-15,3086.049
2007-03-16,3010.311
2007-03-19,3047.885
2007-03-20,3100.492
2007-03-21,3138.238
2007-03-22,3152.263
2007-03-23,3229.247
2007-03-26,3296.761
2007-03-27,3341.809
2007-03-28,3338.346
2007-03-29,3252.178
2007-03-30,3273.075
2007-04-02,3378.008
2007-04-03,3412.996
2007-04-04,3445.864
2007-04-05,3492.512
2007-04-06,3550.687
2007-04-09,3666.169
2007-04-10,3721.317
2007-04-11,3766.611
2007-04-12,3835.599
2007-04-13,3812.648
2007-04-16,3915.547
2007-04-17,3989.844
2007-04-18,4128.558
2007-04-19,3895.597
2007-04-20,4101.06
2007-04-23,4332.445
2007-04-24,4420.183
2007-04-25,4401.794
2007-04-26,4442.21
2007-04-27,4402.625
2007-04-30,4456.992
2007-05-08,4667.689
2007-05-09,4644.185
2007-05-10,4748.974
2007-05-11,4723.839
2007-05-14,4760.31
2007-05-15,4618.439
2007-05-16,4706.075
2007-05-17,4821.01
2007-05-18,4838.834
2007-05-21,4940.088
2007-05-22,5005.54
2007-05-23,5136.818
2007-05-24,5112.984
2007-05-25,5167.109
2007-05-28,5247.371
2007-05-29,5381.5
2007-05-30,4890.278
2007-05-31,4808.442
2007-06-01,4501.97
2007-06-04,4082.734
2007-06-05,4217.054
2007-06-06,4311.959
2007-06-07,4512.856
2007-06-08,4546.537
2007-06-11,4672.843
2007-06-12,4887.181
2007-06-13,5007.405
2007-06-14,4912.061
2007-06-15,4872.532
2007-06-18,5002.731
2007-06-19,5064.73
2007-06-20,4941.455
2007-06-21,4898.878
2007-06-22,4627.575
2007-06-25,4341.335
2007-06-26,4415.817
2007-06-27,4559.797
2007-06-28,4315.364
2007-06-29,4194.917
2007-07-02,4263.531
2007-07-03,4345.239
2007-07-04,4245.942
2007-07-05,3958.311
2007-07-06,4191.496
2007-07-09,4340.576
2007-07-10,4214.284
2007-07-11,4241.838
2007-07-12,4252.966
2007-07-13,4257.769
2007-07-16,4134.801
2007-07-17,4204.201
2007-07-18,4203.994
2007-07-19,4193.353
2007-07-20,4361.57
2007-07-23,4649.176
2007-07-24,4639.684
2007-07-25,4789.855
2007-07-26,4870.062
2007-07-27,4953.601
2007-07-30,5099.819
2007-07-31,5138.124
2007-08-01,4889.488
2007-08-02,5082.044
2007-08-03,5179.688
2007-08-06,5347.581
2007-08-07,5363.426
2007-08-08,5226.999
2007-08-09,5321.978
2007-08-10,5247.04
2007-08-13,5234.86
2007-08-14,5311.815
2007-08-15,5265.538
2007-08-16,5219.926
2007-08-17,5131.469
2007-08-20,5417.002
2007-08-21,5454.203
2007-08-22,5503.028
2007-08-23,5566.518
2007-08-24,5649.334
2007-08-27,5722.125
2007-08-28,5786.413
2007-08-29,5768.526
2007-08-30,5910.55
2007-08-31,5994.027
2007-09-03,6226.794
2007-09-04,6158.832
2007-09-05,6253.396
2007-09-06,6307.202
2007-09-07,6148.24
2007-09-10,6290.091
2007-09-11,5906.923
2007-09-12,5977.223
2007-09-13,6176.391
2007-09-14,6306.313
2007-09-17,6535.592
2007-09-18,6513.565
2007-09-19,6441.237
2007-09-20,6510.518
2007-09-21,6408.13
2007-09-24,6444.222
2007-09-25,6269.511
2007-09-26,6149.885
2007-09-27,6323.677
2007-09-28,6504.517
2007-10-08,6514.235
2007-10-09,6459.168
2007-10-10,6479.627
2007-10-11,6386.816
2007-10-12,6282.088
2007-10-15,6396.288
2007-10-16,6468.007
2007-10-17,6437.643
2007-10-18,6198.651
2007-10-19,6179.306
2007-10-22,5998.005
2007-10-23,6022.723
2007-10-24,5975.265
2007-10-25,5571.541
2007-10-26,5603.099
2007-10-29,5786.787
2007-10-30,5866.467
2007-10-31,6023.719
2007-11-01,5876.431
2007-11-02,5665.753
2007-11-05,5634.355
2007-11-06,5694.818
2007-11-07,5687.443
2007-11-08,5435.409
2007-11-09,5387.273
2007-11-12,5303.427
2007-11-13,5311.704
2007-11-14,5523.775
2007-11-15,5453.797
2007-11-16,5429.155
2007-11-19,5507.385
2007-11-20,5596.041
2007-11-21,5554.244
2007-11-22,5328.718
2007-11-23,5461.792
2007-11-26,5409.271
2007-11-27,5344.313
2007-11-28,5261.198
2007-11-29,5413.4
2007-11-30,5301.41
2007-12-03,5346.81
2007-12-04,5405.707
2007-12-05,5573.909
2007-12-06,5583.841
2007-12-07,5708.73
2007-12-10,5859.057
2007-12-11,5859.322
2007-12-12,5853.118
2007-12-13,5633.73
2007-12-14,5719.131
2007-12-17,5633.237
2007-12-18,5640.364
2007-12-19,5787.962
2007-12-20,5865.135
2007-12-21,5948.484
2007-12-24,6023.037
2007-12-25,6088.376
2007-12-26,6163.952
2007-12-27,6254.072
2007-12-28,6203.227
2008-01-02,6344.666
2008-01-03,6501.155
2008-01-04,6513.239
2008-01-07,6622.763
2008-01-08,6493.854
2008-01-09,6653.749
2008-01-10,6666.474
2008-01-11,6603.447
2008-01-14,6728.689
2008-01-15,6766.905
2008-01-16,6638.118
2008-01-17,6476.711
2008-01-18,6540.181
2008-01-21,6234.455
2008-01-22,5745.939
2008-01-23,6082.825
2008-01-24,6212.873
2008-01-25,6209.389
2008-01-28,5809.263
2008-01-29,5908.9
2008-01-30,5875.513
2008-01-31,5739.484
2008-02-01,5594.131
2008-02-04,6014.806
2008-02-05,5999.303
2008-02-13,5963.289
2008-02-14,6064.203
2008-02-15,6034.757
2008-02-18,6168.252
2008-02-19,6295.156
2008-02-20,6210.946
2008-02-21,6280.618
2008-02-22,6120.912
2008-02-25,5960.209
2008-02-26,5934.294
2008-02-27,6071.146
2008-02-28,6100.892
2008-02-29,6170.349
2008-03-03,6348.751
2008-03-04,6270.801
2008-03-05,6283.367
2008-03-06,6274.083
2008-03-07,6132.293
2008-03-10,5965.452
2008-03-11,6017.81
2008-03-12,5874.199
2008-03-13,5663.82
2008-03-14,5637.869
2008-03-17,5277.12
2008-03-18,4988.072
2008-03-19,5179.551
2008-03-20,5358.506
2008-03-21,5428.409
2008-03-24,5290.803
2008-03-25,5395.102
2008-03-26,5363.055
2008-03-27,5112.399
2008-03-28,5284.619
2008-03-31,5087.499
2008-04-01,4727.587
2008-04-02,4598.48
2008-04-03,4743.318
2008-04-07,5004.389
2008-04-08,5078.454
2008-04-09,4860.239
2008-04-10,4995.282
2008-04-11,5037.868
2008-04-14,4757.088
2008-04-15,4855.455
2008-04-16,4738.343
2008-04-17,4588.601
2008-04-18,4357.164
2008-04-21,4368.578
2008-04-22,4373.652
2008-04-23,4540.169
2008-04-24,4938.677
2008-04-25,4969.164
2008-04-28,4900.886
2008-04-29,4937.86
2008-04-30,5113.513
2008-05-05,5252.993
2008-05-06,5230.191
2008-05-07,5027.462
2008-05-08,5181.493
2008-05-09,5187.952
2008-05-12,5247.486
2008-05-13,5211.526
2008-05-14,5338.604
2008-05-15,5328.527
2008-05-16,5290.582
2008-05-19,5292.84
2008-05-20,4991.14
2008-05-21,5129.444
2008-05-22,5048.97
2008-05-23,4982.271
2008-05-26,4859.824
2008-05-27,4884.173
2008-05-28,4997.173
2008-05-29,4889.347
2008-05-30,4936.015
2008-06-02,4961.741
2008-06-03,4943.213
2008-06-04,4861.367
2008-06-05,4803.854
2008-06-06,4764.699
2008-06-10,4405.126
2008-06-11,4326.371
2008-06-12,4280.502
2008-06-13,4139.251
2008-06-16,4059.719
2008-06-17,3879.482
2008-06-18,4065.199
2008-06-19,3782.32
2008-06-20,3878.976
2008-06-23,3786.569
2008-06-24,3847.748
2008-06-25,3998.023
2008-06-26,4012.364
2008-06-27,3755.727
2008-06-30,3731.687
2008-07-01,3680.226
2008-07-02,3724.417
2008-07-03,3837.718
2008-07-04,3812.451
2008-07-07,3988.874
2008-07-08,4029.829
2008-07-09,4154.633
2008-07-10,4082.703
2008-07-11,4046.753
2008-07-14,4094.783
2008-07-15,3974.175
2008-07-16,3797.665
2008-07-17,3764.623
2008-07-18,3876.76
2008-07-21,4016.726
2008-07-22,4021.782
2008-07-23,3970.705
2008-07-24,4079.108
2008-07-25,4031.827
2008-07-28,4064.422
2008-07-29,3994.819
2008-07-30,3967.428
2008-07-31,3854.034
2008-08-01,3870.914
2008-08-04,3768.811
2008-08-05,3642.819
2008-08-06,3642.444
2008-08-07,3648.187
2008-08-08,3446.351
2008-08-11,3237.513
2008-08-12,3251.451
2008-08-13,3266.676
2008-08-14,3282.271
2008-08-15,3282.768
2008-08-18,3072.735
2008-08-19,3142.589
2008-08-20,3373.525
2008-08-21,3236.189
2008-08-22,3188.156
2008-08-25,3172.987
2008-08-26,3051.047
2008-08-27,3034.262
2008-08-28,3027.998
2008-08-29,3127.133
2008-09-01,3045.419
2008-09-02,3041.555
2008-09-03,3016.633
2008-09-04,3045.934
2008-09-05,2943.377
2008-09-08,2827.948
2008-09-09,2865.816
2008-09-10,2884.165
2008-09-11,2836.356
2008-09-12,2847.599
2008-09-16,2817.32
2008-09-17,2775.26
2008-09-18,2714.488
2008-09-19,2965.606
2008-09-22,3073.995
2008-09-23,2914.197
2008-09-24,2971.59
2008-09-25,3056.176
2008-09-26,3081.505
2008-10-06,2952.335
2008-10-07,2931.854
2008-10-08,2865.401
2008-10-09,2830.89
2008-10-10,2708.912
2008-10-13,2786.767
2008-10-14,2721.015
2008-10-15,2704.564
2008-10-16,2573.009
2008-10-17,2596.015
2008-10-20,2662.797
2008-10-21,2641.46
2008-10-22,2591.28
2008-10-23,2604.415
2008-10-24,2572.591
2008-10-27,2411.193
2008-10-28,2469.978
2008-10-29,2387.573
2008-10-30,2415.147
2008-10-31,2360.856
2008-11-03,2332.529
2008-11-04,2289.554
2008-11-05,2363.31
2008-11-06,2328.967
2008-11-07,2358.005
2008-11-10,2506.534
2008-11-11,2479.683
2008-11-12,2523.309
2008-11-13,2633.444
2008-11-14,2721.151
2008-11-17,2818.547
2008-11-18,2608.763
2008-11-19,2768.62
2008-11-20,2755.912
2008-11-21,2722.322
2008-11-24,2631.06
2008-11-25,2628.491
2008-11-26,2660.86
2008-11-27,2692.168
2008-11-28,2657.085
2008-12-01,2738.854
2008-12-02,2748.244
2008-12-03,2858.262
2008-12-04,2876.661
2008-12-05,2929.266
2008-12-08,3033.127
2008-12-09,2964.262
2008-12-10,3030.145
2008-12-11,2959.5
2008-12-12,2824.627
2008-12-15,2871.08
2008-12-16,2914.153
2008-12-17,2935.585
2008-12-18,2975.955
2008-12-19,2998.638
2008-12-22,2971.377
2008-12-23,2809.976
2008-12-24,2767.09
2008-12-25,2758.139
2008-12-26,2726.694
2008-12-29,2703.89
2008-12-30,2669.474
2008-12-31,2633.579
2009-01-05,2724.684
2009-01-06,2804.523
2009-01-07,2794.692
2009-01-08,2731.583
2009-01-09,2790.347
2009-01-12,2816.834
2009-01-13,2761.156
2009-01-14,2853.142
2009-01-15,2868.057
2009-01-16,2904.021
2009-01-19,2912.389
2009-01-20,2935.675
2009-01-21,2917.208
2009-01-22,2942.815
2009-01-23,2926.015
2009-02-02,2987.104
2009-02-03,3076.921
2009-02-04,3173.088
2009-02-05,3128.517
2009-02-06,3255.036
2009-02-09,3354.158
2009-02-10,3415.803
2009-02-11,3430.947
2009-02-12,3429.822
2009-02-13,3558.383
2009-02-16,3656.294
2009-02-17,3503.951
2009-02-18,3319.846
2009-02-19,3386.876
2009-02-20,3474.464
2009-02-23,3577.257
2009-02-24,3470.074
2009-02-25,3457.963
2009-02-26,3234.487
2009-02-27,3106.508
2009-03-02,3155.229
2009-03-03,3156.0
2009-03-04,3339.013
2009-03-05,3372.704
2009-03-06,3324.282
2009-03-09,3194.897
2009-03-10,3265.489
2009-03-11,3234.768
2009-03-12,3222.479
2009-03-13,3186.601
2009-03-16,3229.846
2009-03-17,3335.804
2009-03-18,3383.722
2009-03-19,3465.675
2009-03-20,3454.637
2009-03-23,3516.916
2009-03-24,3536.269
2009-03-25,3445.083
2009-03-26,3543.552
2009-03-27,3590.12
2009-03-30,3576.177
2009-03-31,3588.368
2009-04-01,3646.99
2009-04-02,3673.179
2009-04-03,3642.669
2009-04-07,3662.499
2009-04-08,3540.996
2009-04-09,3602.296
2009-04-10,3684.344
2009-04-13,3792.314
2009-04-14,3839.304
2009-04-15,3877.648
2009-04-16,3900.113
2009-04-17,3822.509
2009-04-20,3926.952
2009-04-21,3931.349
2009-04-22,3768.232
2009-04-23,3795.522
2009-04-24,3789.78
2009-04-27,3652.945
2009-04-28,3669.452
2009-04-29,3760.055
2009-04-30,3808.494
2009-05-04,3950.63
2009-05-05,3967.553
2009-05-06,4013.954
2009-05-07,4005.389
2009-05-08,4000.941
2009-05-11,3894.415
2009-05-12,3999.68
2009-05-13,4012.782
2009-05-14,3997.694
2009-05-15,3990.444
2009-05-18,4015.947
2009-05-19,4057.689
2009-05-20,4013.087
2009-05-21,3943.498
2009-05-22,3954.404
2009-05-25,3960.573
2009-05-26,3973.293
2009-05-27,4006.732
2009-06-01,4088.708
2009-06-02,4081.819
2009-06-03,4152.474
2009-06-04,4192.884
2009-06-05,4175.363
2009-06-08,4133.369
2009-06-09,4180.091
2009-06-10,4249.652
2009-06-11,4175.136
2009-06-12,4077.352
2009-06-15,4132.907
2009-06-16,4146.594
2009-06-17,4201.692
2009-06-18,4230.395
2009-06-19,4252.388
2009-06-22,4240.827
2009-06-23,4263.44
2009-06-24,4350.535
2009-06-25,4339.383
2009-06-26,4329.92
2009-06-29,4356.85
2009-06-30,4314.498
2009-07-01,4379.909
2009-07-02,4393.812
2009-07-03,4402.166
2009-07-06,4499.805
2009-07-07,4504.488
2009-07-08,4512.984
2009-07-09,4587.225
2009-07-10,4613.291
2009-07-13,4647.114
2009-07-14,4733.861
2009-07-15,4827.003
2009-07-16,4785.93
2009-07-17,4833.751
2009-07-20,4926.91
2009-07-21,4820.473
2009-07-22,4887.14
2009-07-23,4887.323
2009-07-24,4892.788
2009-07-27,5005.13
2009-07-28,5081.17
2009-07-29,4821.85
2009-07-30,4911.991
2009-07-31,5054.445
2009-08-03,5244.765
2009-08-04,5265.219
2009-08-05,5231.418
2009-08-06,5112.376
2009-08-07,4968.397
2009-08-10,4987.853
2009-08-11,5022.077
2009-08-12,4819.561
2009-08-13,4833.394
2009-08-14,4627.851
2009-08-17,4333.086
2009-08-18,4411.628
2009-08-19,4192.597
2009-08-20,4327.636
2009-08-21,4424.385
2009-08-24,4472.706
2009-08-25,4346.732
2009-08-26,4478.805
2009-08-27,4492.312
2009-08-28,4348.103
2009-08-31,4033.299
2009-09-01,4033.386
2009-09-02,4061.549
2009-09-03,4275.954
2009-09-04,4315.696
2009-09-07,4347.229
2009-09-08,4412.267
2009-09-09,4459.305
2009-09-10,4424.836
2009-09-11,4478.576
2009-09-14,4559.926
2009-09-15,4585.093
2009-09-16,4560.798
2009-09-17,4691.904
2009-09-18,4521.606
2009-09-21,4581.617
2009-09-22,4463.193
2009-09-23,4343.009
2009-09-24,4289.51
2009-09-25,4279.507
2009-09-28,4163.676
2009-09-29,4109.737
2009-09-30,4158.323
2009-10-09,4357.015
2009-10-12,4365.04
2009-10-13,4420.921
2009-10-14,4439.345
2009-10-15,4471.437
2009-10-16,4444.686
2009-10-19,4532.977
2009-10-20,4590.518
2009-10-21,4594.712
2009-10-22,4576.793
2009-10-23,4632.806
2009-10-26,4641.457
2009-10-27,4524.678
2009-10-28,4578.013
2009-10-29,4506.171
2009-10-30,4563.145
2009-11-02,4718.652
2009-11-03,4801.663
2009-11-04,4848.927
2009-11-05,4895.359
2009-11-06,4918.678
2009-11-09,4942.247
2009-11-10,4939.391
2009-11-11,4954.58
2009-11-12,5012.316
2009-11-13,5066.912
2009-11-16,5162.453
2009-11-17,5151.334
2009-11-18,5139.997
2009-11-19,5229.134
2009-11-20,5245.347
2009-11-23,5349.655
2009-11-24,5112.737
2009-11-25,5319.174
2009-11-26,5123.519
2009-11-27,4986.245
2009-11-30,5188.224
2009-12-01,5321.82
2009-12-02,5335.69
2009-12-03,5372.659
2009-12-04,5279.863
2009-12-07,5339.305
2009-12-08,5312.376
2009-12-09,5229.097
2009-12-10,5271.98
2009-12-11,5260.787
2009-12-14,5295.242
2009-12-15,5292.563
2009-12-16,5264.128
2009-12-17,5111.145
2009-12-18,4962.42
2009-12-21,5027.025
2009-12-22,4893.284
2009-12-23,4969.442
2009-12-24,5135.286
2009-12-25,5168.575
2009-12-28,5250.652
2009-12-29,5279.156
2009-12-30,5317.116
2009-12-31,5368.553
2010-01-04,5323.352
2010-01-05,5343.543
2010-01-06,5311.091
2010-01-07,5187.072
2010-01-08,5230.744
2010-01-11,5249.968
2010-01-12,5405.027
2010-01-13,5369.076
2010-01-14,5509.685
2010-01-15,5548.028
2010-01-18,5649.591
2010-01-19,5631.056
2010-01-20,5483.072
2010-01-21,5495.329
2010-01-22,5346.72
2010-01-25,5281.161
2010-01-26,5151.137
2010-01-27,5131.9
2010-01-28,5204.102
2010-01-29,5236.472
2010-02-01,5200.788
2010-02-02,5144.882
2010-02-03,5200.606
2010-02-04,5206.785
2010-02-05,5095.827
2010-02-08,5100.305
2010-02-09,5164.398
2010-02-10,5221.129
2010-02-11,5213.158
2010-02-12,5259.688
2010-02-22,5254.627
2010-02-23,5281.711
2010-02-24,5407.696
2010-02-25,5458.995
2010-02-26,5457.9
2010-03-01,5510.655
2010-03-02,5519.245
2010-03-03,5544.458
2010-03-04,5384.53
2010-03-05,5400.466
2010-03-08,5424.61
2010-03-09,5411.042
2010-03-10,5355.728
2010-03-11,5329.16
2010-03-12,5234.072
2010-03-15,5166.822
2010-03-16,5217.556
2010-03-17,5340.455
2010-03-18,5321.253
2010-03-19,5335.382
2010-03-22,5355.569
2010-03-23,5323.429
2010-03-24,5339.656
2010-03-25,5300.561
2010-03-26,5381.416
2010-03-29,5431.855
2010-03-30,5436.303
2010-03-31,5413.793
2010-04-01,5492.09
2010-04-02,5502.655
2010-04-06,5512.831
2010-04-07,5493.613
2010-04-08,5495.562
2010-04-09,5585.741
2010-04-12,5623.69
2010-04-13,5650.1
2010-04-14,5698.177
2010-04-15,5628.272
2010-04-16,5601.315
2010-04-19,5397.131
2010-04-20,5488.8
2010-04-21,5647.903
2010-04-22,5638.283
2010-04-23,5600.533
2010-04-26,5582.124
2010-04-27,5448.604
2010-04-28,5446.112
2010-04-29,5340.656
2010-04-30,5233.248
2010-05-04,5233.676
2010-05-05,5345.173
2010-05-06,5183.581
2010-05-07,5042.243
2010-05-10,4973.744
2010-05-11,4864.283
2010-05-12,4799.234
2010-05-13,4931.917
2010-05-14,4987.35
2010-05-17,4721.524
2010-05-18,4778.907
2010-05-19,4771.117
2010-05-20,4680.56
2010-05-21,4748.932
2010-05-24,4939.286
2010-05-25,4888.882
2010-05-26,4870.659
2010-05-27,4948.193
2010-05-28,5002.693
2010-05-31,4893.83
2010-06-01,4767.838
2010-06-02,4800.119
2010-06-03,4780.738
2010-06-04,4817.992
2010-06-07,4800.864
2010-06-08,4855.757
2010-06-09,4967.458
2010-06-10,4967.024
2010-06-11,4950.974
2010-06-17,4875.914
2010-06-18,4718.13
2010-06-21,4842.85
2010-06-22,4856.144
2010-06-23,4852.859
2010-06-24,4843.824
2010-06-25,4779.198
2010-06-28,4706.572
2010-06-29,4499.118
2010-06-30,4435.233
2010-07-01,4375.029
2010-07-02,4339.708
2010-07-05,4319.487
2010-07-06,4429.815
2010-07-07,4471.152
2010-07-08,4461.33
2010-07-09,4593.143
2010-07-12,4622.389
2010-07-13,4550.74
2010-07-14,4629.883
2010-07-15,4560.188
2010-07-16,4569.787
2010-07-19,4653.464
2010-07-20,4777.823
2010-07-21,4803.684
2010-07-22,4861.1
2010-07-23,4874.938
2010-07-26,4936.817
2010-07-27,4982.54
2010-07-28,5054.598
2010-07-29,5038.626
2010-07-30,5048.121
2010-08-02,5155.351
2010-08-03,5074.143
2010-08-04,5112.834
2010-08-05,5168.039
2010-08-06,5262.093
2010-08-09,5314.361
2010-08-10,5142.919
2010-08-11,5197.192
2010-08-12,5140.572
2010-08-13,5219.158
2010-08-16,5361.599
2010-08-17,5390.666
2010-08-18,5401.279
2010-08-19,5391.3
2010-08-20,5247.993
2010-08-23,5276.594
2010-08-24,5321.225
2010-08-25,5225.415
2010-08-26,5255.643
2010-08-27,5296.315
2010-08-30,5469.379
2010-08-31,5485.306
2010-09-01,5447.336
2010-09-02,5523.142
2010-09-03,5529.189
2010-09-06,5526.239
2010-09-07,5550.42
2010-09-08,5598.054
2010-09-09,5587.888
2010-09-10,5710.98
2010-09-13,5755.134
2010-09-14,5750.645
2010-09-15,5720.855
2010-09-16,5602.765
2010-09-17,5615.857
2010-09-20,5584.942
2010-09-21,5584.586
2010-09-27,5715.723
2010-09-28,5710.559
2010-09-29,5610.979
2010-09-30,5717.333
2010-10-08,5831.619
2010-10-11,5772.92
2010-10-12,5758.216
2010-10-13,5780.274
2010-10-14,5617.964
2010-10-15,5624.509
2010-10-18,5619.481
2010-10-19,5763.766
2010-10-20,5854.561
2010-10-21,5871.148
2010-10-22,5893.947
2010-10-25,6033.323
2010-10-26,6013.477
2010-10-27,5941.205
2010-10-28,5909.303
2010-10-29,6000.79
2010-11-01,6144.455
2010-11-02,6053.712
2010-11-03,5983.978
2010-11-04,6108.687
2010-11-05,6162.321
2010-11-08,6249.148
2010-11-09,6293.435
2010-11-10,6348.877
2010-11-11,6275.453
2010-11-12,5933.983
2010-11-15,6116.087
2010-11-16,5979.065
2010-11-17,5726.509
2010-11-18,5826.694
2010-11-19,5988.827
2010-11-22,6112.394
2010-11-23,6064.065
2010-11-24,6256.904
2010-11-25,6250.877
2010-11-26,6223.06
2010-11-29,6266.609
2010-11-30,6084.288
2010-12-01,6055.701
2010-12-02,6059.996
2010-12-03,5968.855
2010-12-06,5901.134
2010-12-07,5996.013
2010-12-08,5946.777
2010-12-09,5816.411
2010-12-10,5912.768
2010-12-13,6066.158
2010-12-14,6090.971
2010-12-15,6073.643
2010-12-16,6064.203
2010-12-17,6040.913
2010-12-20,5946.724
2010-12-21,6018.783
2010-12-22,5937.862
2010-12-23,5859.853
2010-12-24,5785.527
2010-12-27,5627.583
2010-12-28,5548.019
2010-12-29,5626.873
2010-12-30,5637.96
2010-12-31,5766.548
2011-01-04,5828.277
2011-01-05,5799.227
2011-01-06,5811.532
2011-01-07,5854.631
2011-01-10,5755.552
2011-01-11,5774.9
2011-01-12,5807.58
2011-01-13,5820.712
2011-01-14,5770.208
2011-01-17,5564.007
2011-01-18,5575.063
2011-01-19,5682.391
2011-01-20,5536.351
2011-01-21,5577.075
2011-01-24,5510.614
2011-01-25,5511.869
2011-01-26,5548.014
2011-01-27,5618.831
2011-01-28,5651.409
2011-01-31,5714.728
2011-02-01,5709.438
2011-02-09,5664.606
2011-02-10,5802.156
2011-02-11,5835.036
2011-02-14,5965.116
2011-02-15,5954.86
2011-02-16,6018.858
2011-02-17,6016.157
2011-02-18,5980.254
2011-02-21,6074.928
2011-02-22,5897.286
2011-02-23,5952.368
2011-02-24,5984.529
2011-02-25,5983.825
2011-02-28,6076.353
2011-03-01,6088.005
2011-03-02,6096.952
2011-03-03,6083.497
2011-03-04,6161.75
2011-03-07,6239.359
2011-03-08,6274.397
2011-03-09,6266.063
2011-03-10,6202.119
2011-03-11,6168.756
2011-03-14,6194.324
2011-03-15,6104.489
2011-03-16,6163.003
2011-03-17,6066.982
2011-03-18,6091.136
2011-03-21,6079.48
2011-03-22,6112.761
2011-03-23,6178.65
2011-03-24,6166.432
2011-03-25,6262.255
2011-03-28,6238.265
2011-03-29,6130.969
2011-03-30,6135.876
2011-03-31,6066.816
2011-04-01,6124.209
2011-04-06,6149.592
2011-04-07,6160.211
2011-04-08,6214.016
2011-04-11,6168.793
2011-04-12,6198.202
2011-04-13,6265.533
2011-04-14,6244.235
2011-04-15,6237.671
2011-04-18,6271.959
2011-04-19,6189.277
2011-04-20,6225.125
2011-04-21,6263.944
2011-04-22,6250.427
2011-04-25,6194.05
2011-04-26,6114.17
2011-04-27,6093.23
2011-04-28,5958.381
2011-04-29,6050.195
2011-05-03,6119.335
2011-05-04,6007.736
2011-05-05,6034.961
2011-05-06,6012.222
2011-05-09,6025.673
2011-05-10,6050.672
2011-05-11,6061.722
2011-05-12,5984.53
2011-05-13,6033.845
2011-05-16,5996.329
2011-05-17,5975.354
2011-05-18,6028.099
2011-05-19,6010.496
2011-05-20,6015.061
2011-05-23,5807.312
2011-05-24,5820.65
2011-05-25,5767.961
2011-05-26,5744.092
2011-05-27,5673.593
2011-05-30,5635.648
2011-05-31,5721.2
2011-06-01,5758.451
2011-06-02,5665.028
2011-06-03,5745.401
2011-06-07,5751.978
2011-06-08,5745.276
2011-06-09,5614.676
2011-06-10,5611.521
2011-06-13,5588.288
2011-06-14,5649.772
2011-06-15,5587.043
2011-06-16,5471.883
2011-06-17,5404.587
2011-06-20,5388.78
2011-06-21,5460.956
2011-06-22,5429.589
2011-06-23,5513.775
2011-06-24,5648.105
2011-06-27,5671.914
2011-06-28,5661.016
2011-06-29,5612.292
2011-06-30,5679.685
2011-07-01,5703.05
2011-07-04,5827.761
2011-07-05,5835.445
2011-07-06,5836.644
2011-07-07,5817.729
2011-07-08,5824.21
2011-07-11,5858.868
2011-07-12,5773.816
2011-07-13,5872.587
2011-07-14,5895.539
2011-07-15,5923.187
2011-07-18,5933.723
2011-07-19,5865.982
2011-07-20,5865.556
2011-07-21,5821.742
2011-07-22,5851.816
2011-07-25,5695.288
2011-07-26,5714.147
2011-07-27,5766.21
2011-07-28,5733.904
2011-07-29,5722.324
2011-08-01,5728.152
2011-08-02,5689.625
2011-08-03,5689.531
2011-08-04,5702.638
2011-08-05,5613.947
2011-08-08,5403.44
2011-08-09,5389.665
2011-08-10,5444.602
2011-08-11,5549.825
2011-08-12,5602.485
2011-08-15,5673.751
2011-08-16,5629.864
2011-08-17,5619.36
2011-08-18,5526.881
2011-08-19,5491.663
2011-08-22,5436.408
2011-08-23,5499.19
2011-08-24,5489.772
2011-08-25,5622.758
2011-08-26,5595.66
2011-08-29,5531.208
2011-08-30,5493.758
2011-08-31,5476.323
2011-09-01,5441.187
2011-09-02,5379.586
2011-09-05,5283.312
2011-09-06,5246.634
2011-09-07,5345.307
2011-09-08,5327.857
2011-09-09,5309.639
2011-09-13,5266.68
2011-09-14,5290.829
2011-09-15,5278.309
2011-09-16,5278.742
2011-09-19,5188.342
2011-09-20,5220.511
2011-09-21,5356.225
2011-09-22,5221.478
2011-09-23,5171.974
2011-09-26,5106.722
2011-09-27,5153.16
2011-09-28,5105.7
2011-09-29,5042.182
2011-09-30,5039.605
2011-10-10,5024.112
2011-10-11,5010.286
2011-10-12,5157.262
2011-10-13,5194.34
2011-10-14,5174.167
2011-10-17,5208.901
2011-10-18,5101.071
2011-10-19,5060.428
2011-10-20,4935.649
2011-10-21,4920.343
2011-10-24,5025.063
2011-10-25,5129.706
2011-10-26,5175.835
2011-10-27,5187.52
2011-10-28,5277.027
2011-10-31,5264.772
2011-11-01,5276.583
2011-11-02,5341.799
2011-11-03,5355.233
2011-11-04,5376.023
2011-11-07,5369.729
2011-11-08,5342.8
2011-11-09,5381.479
2011-11-10,5312.825
2011-11-11,5290.502
2011-11-14,5407.174
2011-11-15,5399.632
2011-11-16,5298.436
2011-11-17,5306.017
2011-11-18,5234.933
2011-11-21,5260.424
2011-11-22,5250.022
2011-11-23,5232.192
2011-11-24,5257.434
2011-11-25,5211.983
2011-11-28,5248.881
2011-11-29,5303.512
2011-11-30,5154.135
2011-12-01,5251.381
2011-12-02,5194.707
2011-12-05,5108.034
2011-12-06,5098.195
2011-12-07,5104.314
2011-12-08,5095.276
2011-12-09,5055.793
2011-12-12,5017.043
2011-12-13,4926.415
2011-12-14,4877.209
2011-12-15,4807.623
2011-12-16,4906.439
2011-12-19,4898.027
2011-12-20,4885.143
2011-12-21,4829.621
2011-12-22,4804.658
2011-12-23,4833.08
2011-12-26,4811.233
2011-12-27,4738.548
2011-12-28,4710.679
2011-12-29,4714.11
2011-12-30,4778.01
2012-01-04,4684.219
2012-01-05,4616.013
2012-01-06,4645.644
2012-01-09,4794.464
2012-01-10,4935.262
2012-01-11,4900.006
2012-01-12,4895.951
2012-01-13,4797.605
2012-01-16,4720.099
2012-01-17,4915.421
2012-01-18,4823.784
2012-01-19,4895.224
2012-01-20,4965.107
2012-01-30,4882.623
2012-01-31,4883.335
2012-02-01,4839.659
2012-02-02,4927.371
2012-02-03,4967.314
2012-02-06,4971.79
2012-02-07,4884.658
2012-02-08,4999.667
2012-02-09,5024.236
2012-02-10,5026.693
2012-02-13,5023.783
2012-02-14,5015.523
2012-02-15,5069.382
2012-02-16,5048.551
2012-02-17,5044.673
2012-02-20,5041.777
2012-02-21,5073.214
2012-02-22,5154.3
2012-02-23,5182.615
2012-02-24,5275.09
2012-02-27,5282.415
2012-02-28,5303.612
2012-02-29,5225.052
2012-03-01,5241.362
2012-03-02,5338.144
2012-03-05,5337.447
2012-03-06,5266.03
2012-03-07,5235.284
2012-03-08,5285.22
2012-03-09,5339.271
2012-03-12,5327.458
2012-03-13,5384.97
2012-03-14,5215.038
2012-03-15,5172.806
2012-03-16,5272.545
2012-03-19,5293.585
2012-03-20,5204.319
2012-03-21,5204.1
2012-03-22,5213.845
2012-03-23,5133.745
2012-03-26,5141.382
2012-03-27,5111.072
2012-03-28,4978.373
2012-03-29,4927.409
2012-03-30,4955.305
2012-04-05,5071.447
2012-04-06,5083.278
2012-04-09,5034.751
2012-04-10,5071.578
2012-04-11,5079.248
2012-04-12,5179.91
2012-04-13,5183.319
2012-04-16,5177.03
2012-04-17,5111.086
2012-04-18,5215.44
2012-04-19,5190.521
2012-04-20,5243.281
2012-04-23,5215.723
2012-04-24,5223.402
2012-04-25,5298.548
2012-04-26,5264.006
2012-04-27,5259.677
2012-05-02,5340.654
2012-05-03,5328.312
2012-05-04,5373.178
2012-05-07,5383.983
2012-05-08,5348.456
2012-05-09,5247.117
2012-05-10,5241.285
2012-05-11,5218.282
2012-05-14,5192.825
2012-05-15,5196.317
2012-05-16,5120.31
2012-05-17,5191.766
2012-05-18,5135.156
2012-05-21,5133.929
2012-05-22,5206.339
2012-05-23,5200.457
2012-05-24,5140.15
2012-05-25,5105.156
2012-05-28,5184.052
2012-05-29,5232.68
2012-05-30,5234.671
2012-05-31,5216.122
2012-06-01,5224.837
2012-06-04,5072.949
2012-06-05,5093.141
2012-06-06,5064.848
2012-06-07,5051.197
2012-06-08,5042.394
2012-06-11,5115.268
2012-06-12,5095.067
2012-06-13,5164.014
2012-06-14,5132.649
2012-06-15,5148.832
2012-06-18,5183.788
2012-06-19,5139.869
2012-06-20,5134.301
2012-06-21,5075.37
2012-06-25,4973.504
2012-06-26,4980.287
2012-06-27,4963.607
2012-06-28,4920.042
2012-06-29,4968.538
2012-07-02,5000.257
2012-07-03,5011.424
2012-07-04,5001.894
2012-07-05,4936.206
2012-07-06,5013.977
2012-07-09,4903.605
2012-07-10,4868.894
2012-07-11,4910.977
2012-07-12,4952.773
2012-07-13,4945.778
2012-07-16,4822.584
2012-07-17,4856.257
2012-07-18,4870.298
2012-07-19,4906.131
2012-07-20,4865.006
2012-07-23,4802.593
2012-07-24,4829.51
2012-07-25,4781.59
2012-07-26,4746.888
2012-07-27,4734.871
2012-07-30,4707.885
2012-07-31,4697.602
2012-08-01,4756.484
2012-08-02,4704.262
2012-08-03,4749.582
2012-08-06,4812.394
2012-08-07,4818.911
2012-08-08,4804.318
2012-08-09,4849.033
2012-08-10,4832.89
2012-08-13,4735.271
2012-08-14,4748.463
2012-08-15,4697.051
2012-08-16,4680.033
2012-08-17,4673.286
2012-08-20,4650.776
2012-08-21,4686.15
2012-08-22,4650.787
2012-08-23,4653.654
2012-08-24,4593.245
2012-08-27,4512.135
2012-08-28,4546.854
2012-08-29,4509.844
2012-08-30,4495.024
2012-08-31,4492.897
2012-09-03,4540.074
2012-09-04,4488.136
2012-09-05,4489.997
2012-09-06,4525.05
2012-09-07,4691.344
2012-09-10,4706.829
2012-09-11,4678.551
2012-09-12,4688.237
2012-09-13,4644.066
2012-09-14,4658.165
2012-09-17,4539.079
2012-09-18,4512.546
2012-09-19,4528.243
2012-09-20,4417.521
2012-09-21,4413.946
2012-09-24,4425.563
2012-09-25,4430.736
2012-09-26,4376.501
2012-09-27,4487.992
2012-09-28,4556.239
2012-10-08,4526.24
2012-10-09,4612.897
2012-10-10,4627.566
2012-10-11,4578.336
2012-10-12,4583.071
2012-10-15,4585.072
2012-10-16,4590.558
2012-10-17,4584.175
2012-10-18,4643.698
2012-10-19,4632.775
2012-10-22,4648.595
2012-10-23,4635.117
2012-10-24,4646.492
2012-10-25,4613.332
2012-10-26,4551.489
2012-10-29,4558.268
2012-10-30,4569.36
2012-10-31,4568.616
2012-11-01,4644.405
2012-11-02,4680.918
2012-11-05,4657.382
2012-11-06,4633.739
2012-11-07,4619.143
2012-11-08,4533.5
2012-11-09,4525.164
2012-11-12,4552.787
2012-11-13,4460.372
2012-11-14,4482.873
2012-11-15,4416.447
2012-11-16,4403.068
2012-11-19,4419.542
2012-11-20,4398.781
2012-11-21,4450.538
2012-11-22,4403.942
2012-11-23,4434.814
2012-11-26,4405.361
2012-11-27,4335.045
2012-11-28,4281.35
2012-11-29,4244.723
2012-11-30,4292.1
2012-12-03,4216.199
2012-12-04,4255.882
2012-12-05,4388.697
2012-12-06,4380.207
2012-12-07,4466.039
2012-12-10,4508.806
2012-12-11,4496.641
2012-12-12,4506.225
2012-12-13,4482.034
2012-12-14,4671.144
2012-12-17,4694.244
2012-12-18,4681.489
2012-12-19,4690.815
2012-12-20,4705.938
2012-12-21,4686.432
2012-12-24,4704.47
2012-12-25,4839.217
2012-12-26,4862.887
2012-12-27,4822.567
2012-12-28,4889.859
2012-12-31,4968.02
2013-01-04,4969.394
2013-01-07,5013.385
2013-01-08,5004.292
2013-01-09,4995.994
2013-01-10,5002.196
2013-01-11,4916.819
2013-01-14,5082.155
2013-01-15,5130.518
2013-01-16,5078.83
2013-01-17,5042.919
2013-01-18,5119.216
2013-01-21,5156.786
2013-01-22,5122.826
2013-01-23,5140.92
2013-01-24,5104.086
2013-01-25,5087.572
2013-01-28,5227.707
2013-01-29,5246.398
2013-01-30,5295.29
2013-01-31,5293.354
2013-02-01,5387.487
2013-02-04,5416.167
2013-02-05,5478.511
2013-02-06,5462.945
2013-02-07,5419.751
2013-02-08,5446.408
2013-02-18,5435.171
2013-02-19,5377.547
2013-02-20,5409.168
2013-02-21,5247.768
2013-02-22,5201.506
2013-02-25,5268.982
2013-02-26,5194.2
2013-02-27,5225.482
2013-02-28,5353.824
2013-03-01,5379.447
2013-03-04,5223.877
2013-03-05,5393.175
2013-03-06,5472.17
2013-03-07,5396.119
2013-03-08,5411.251
2013-03-11,5384.807
2013-03-12,5280.391
2013-03-13,5215.424
2013-03-14,5227.948
2013-03-15,5253.057
2013-03-18,5227.099
2013-03-19,5280.359
2013-03-20,5437.901
2013-03-21,5519.142
2013-03-22,5541.328
2013-03-25,5579.607
2013-03-26,5505.734
2013-03-27,5506.62
2013-03-28,5324.026
2013-03-29,5347.53
2013-04-01,5394.628
2013-04-02,5364.348
2013-04-03,5341.563
2013-04-08,5354.13
2013-04-09,5379.906
2013-04-10,5363.264
2013-04-11,5341.006
2013-04-12,5296.44
2013-04-15,5238.538
2013-04-16,5260.652
2013-04-17,5254.252
2013-04-18,5302.06
2013-04-19,5461.945
2013-04-22,5463.246
2013-04-23,5282.458
2013-04-24,5405.127
2013-04-25,5324.767
2013-04-26,5265.333
2013-05-02,5305.631
2013-05-03,5386.483
2013-05-06,5433.023
2013-05-07,5469.93
2013-05-08,5491.641
2013-05-09,5512.104
2013-05-10,5558.001
2013-05-13,5555.121
2013-05-14,5460.366
2013-05-15,5496.024
2013-05-16,5564.022
2013-05-17,5612.617
2013-05-20,5668.279
2013-05-21,5712.689
2013-05-22,5662.818
2013-05-23,5586.611
2013-05-24,5615.841
2013-05-27,5646.304
2013-05-28,5718.917
2013-05-29,5721.838
2013-05-30,5722.435
2013-05-31,5698.79
2013-06-03,5683.835
2013-06-04,5593.618
2013-06-05,5580.742
2013-06-06,5487.358
2013-06-07,5403.059
2013-06-13,5243.062
2013-06-14,5274.996
2013-06-17,5266.997
2013-06-18,5323.708
2013-06-19,5272.944
2013-06-20,5110.297
2013-06-21,5096.807
2013-06-24,4794.634
2013-06-25,4766.883
2013-06-26,4783.896
2013-06-27,4770.936
2013-06-28,4813.201
2013-07-01,4850.126
2013-07-02,4870.021
2013-07-03,4831.361
2013-07-04,4875.981
2013-07-05,4888.98
2013-07-08,4758.795
2013-07-09,4776.817
2013-07-10,4900.159
2013-07-11,5103.235
2013-07-12,5008.639
2013-07-15,5061.446
2013-07-16,5082.254
2013-07-17,5014.183
2013-07-18,4944.853
2013-07-19,4813.452
2013-07-22,4871.374
2013-07-23,4975.793
2013-07-24,4976.936
2013-07-25,4938.792
2013-07-26,4920.369
2013-07-29,4817.977
2013-07-30,4864.181
2013-07-31,4869.148
2013-08-01,4979.104
2013-08-02,4964.553
2013-08-05,5012.296
2013-08-06,5054.307
2013-08-07,5015.268
2013-08-08,5012.247
2013-08-09,5007.726
2013-08-12,5150.058
2013-08-13,5170.12
2013-08-14,5161.025
2013-08-15,5131.653
2013-08-16,5097.465
2013-08-19,5169.983
2013-08-20,5153.401
2013-08-21,5149.788
2013-08-22,5134.322
2013-08-23,5097.446
2013-08-26,5207.015
2013-08-27,5223.917
2013-08-28,5211.728
2013-08-29,5218.92
2013-08-30,5232.063
2013-09-02,5202.362
2013-09-03,5266.466
2013-09-04,5264.81
2013-09-05,5222.29
2013-09-06,5282.623
2013-09-09,5446.601
2013-09-10,5534.922
2013-09-11,5526.201
2013-09-12,5626.547
2013-09-13,5575.884
2013-09-16,5571.033
2013-09-17,5454.295
2013-09-18,5486.3
2013-09-23,5566.208
2013-09-24,5563.9
2013-09-25,5555.427
2013-09-26,5397.534
2013-09-27,5415.41
2013-09-30,5477.541
2013-10-08,5550.647
2013-10-09,5609.26
2013-10-10,5538.06
2013-10-11,5680.603
2013-10-14,5752.06
2013-10-15,5764.405
2013-10-16,5660.4
2013-10-17,5652.35
2013-10-18,5652.566
2013-10-21,5834.413
2013-10-22,5764.536
2013-10-23,5689.579
2013-10-24,5642.288
2013-10-25,5596.203
2013-10-28,5594.497
2013-10-29,5543.555
2013-10-30,5643.96
2013-10-31,5586.299
2013-11-01,5599.673
2013-11-04,5629.135
2013-11-05,5656.509
2013-11-06,5588.13
2013-11-07,5558.361
2013-11-08,5500.95
2013-11-11,5508.961
2013-11-12,5542.593
2013-11-13,5398.996
2013-11-14,5416.661
2013-11-15,5499.967
2013-11-18,5680.4
2013-11-19,5690.677
2013-11-20,5732.162
2013-11-21,5728.929
2013-11-22,5713.588
2013-11-25,5675.716
2013-11-26,5673.331
2013-11-27,5727.995
2013-11-28,5776.996
2013-11-29,5788.765
2013-12-02,5708.577
2013-12-03,5800.578
2013-12-04,5915.611
2013-12-05,5913.75
2013-12-06,5879.5142
2013-12-09,5912.1904
2013-12-10,5938.5906
2013-12-11,5872.6979
2013-12-12,5865.9701
2013-12-13,5873.3989
2013-12-16,5794.0199
2013-12-17,5760.5805
2013-12-18,5758.3301
2013-12-19,5707.8019
2013-12-20,5559.2077
2013-12-23,5602.5786
2013-12-24,5620.4787
2013-12-25,5659.1578
2013-12-26,5557.9333
2013-12-27,5651.3266
2013-12-30,5635.1373
2013-12-31,5691.4653
2014-01-02,5667.4289
2014-01-03,5592.5724
2014-01-06,5487.0389
2014-01-07,5482.9304
2014-01-08,5486.5102
2014-01-09,5444.8284
2014-01-10,5393.7137
2014-01-13,5383.6539
2014-01-14,5443.4406
2014-01-15,5425.6569
2014-01-16,5435.2048
2014-01-17,5361.9047
2014-01-20,5364.1185
2014-01-21,5413.7596
2014-01-22,5532.7952
2014-01-23,5512.9377
2014-01-24,5542.5513
2014-01-27,5505.5392
2014-01-28,5524.1058
2014-01-29,5568.4443
2014-01-30,5537.46
2014-02-07,5588.5262
2014-02-10,5705.0964
2014-02-11,5736.6809
2014-02-12,5751.1441
2014-02-13,5713.366
2014-02-14,5766.3766
2014-02-17,5836.2318
2014-02-18,5819.0081
2014-02-19,5880.727
2014-02-20,5849.4785
2014-02-21,5779.3505
2014-02-24,5699.8954
2014-02-25,5562.1078
2014-02-26,5568.7631
2014-02-27,5571.386
2014-02-28,5594.5603
2014-03-03,5659.2917
2014-03-04,5643.192
2014-03-05,5614.7606
2014-03-06,5618.5009
2014-03-07,5605.0605
2014-03-10,5434.6949
2014-03-11,5450.5524
2014-03-12,5437.6138
2014-03-13,5558.1311
2014-03-14,5555.6428
2014-03-17,5604.3329
2014-03-18,5623.3691
2014-03-19,5604.4237
2014-03-20,5502.5163
2014-03-21,5645.0567
2014-03-24,5676.3523
2014-03-25,5695.2478
2014-03-26,5689.3556
2014-03-27,5657.4458
2014-03-28,5639.3512
2014-03-31,5631.7673
2014-04-01,5714.6953
2014-04-02,5746.8412
2014-04-03,5685.9131
2014-04-04,5713.5171
2014-04-08,5804.47
2014-04-09,5817.1229
2014-04-10,5901.163
2014-04-11,5926.5786
2014-04-14,5931.3295
2014-04-15,5828.3485
2014-04-16,5840.3794
2014-04-17,5820.8058
2014-04-18,5818.9202
2014-04-21,5709.2292
2014-04-22,5710.9995
2014-04-23,5702.8387
2014-04-24,5694.9568
2014-04-25,5615.5762
2014-04-28,5548.4146
2014-04-29,5608.0116
2014-04-30,5627.1012
2014-05-05,5625.2302
2014-05-06,5626.9205
2014-05-07,5570.5291
2014-05-08,5576.5642
2014-05-09,5553.8762
2014-05-12,5677.942
2014-05-13,5671.1801
2014-05-14,5665.6505
2014-05-15,5610.1111
2014-05-16,5611.6616
2014-05-19,5556.0719
2014-05-20,5555.3558
2014-05-21,5598.4565
2014-05-22,5589.3796
2014-05-23,5626.7342
2014-05-26,5653.7294
2014-05-27,5632.2668
2014-05-28,5672.5517
2014-05-29,5636.2194
2014-05-30,5614.7531
2014-06-03,5610.1043
2014-06-04,5556.6121
2014-06-05,5613.2501
2014-06-06,5588.4337
2014-06-09,5580.1981
2014-06-10,5642.9686
2014-06-11,5657.1114
2014-06-12,5622.6247
2014-06-13,5683.7786
2014-06-16,5733.4205
2014-06-17,5690.9742
2014-06-18,5648.2679
2014-06-19,5556.8917
2014-06-20,5581.8268
2014-06-23,5581.647
2014-06-24,5613.9001
2014-06-25,5590.3609
2014-06-26,5640.814
2014-06-27,5661.1406
2014-06-30,5699.9531
2014-07-01,5697.6145
2014-07-02,5739.3305
2014-07-03,5777.3593
2014-07-04,5769.4029
2014-07-07,5769.4197
2014-07-08,5791.2657
2014-07-09,5714.4573
2014-07-10,5710.0113
2014-07-11,5746.1751
2014-07-14,5827.8002
2014-07-15,5830.5959
2014-07-16,5834.4809
2014-07-17,5808.127
2014-07-18,5835.0946
2014-07-21,5823.2348
2014-07-22,5874.5502
2014-07-23,5896.4569
2014-07-24,5967.7533
2014-07-25,6031.9623
2014-07-28,6164.5889
2014-07-29,6180.3494
2014-07-30,6131.3899
2014-07-31,6201.5431
2014-08-01,6175.2229
2014-08-04,6261.2966
2014-08-05,6255.0312
2014-08-06,6257.5433
2014-08-07,6184.5602
2014-08-08,6209.2196
2014-08-11,6286.1354
2014-08-12,6283.6361
2014-08-13,6295.697
2014-08-14,6259.9724
2014-08-15,6311.5773
2014-08-18,6347.1144
2014-08-19,6345.1326
2014-08-20,6332.7359
2014-08-21,6311.1285
2014-08-22,6344.214
2014-08-25,6305.2932
2014-08-26,6252.5542
2014-08-27,6249.3931
2014-08-28,6198.5223
2014-08-29,6281.4257
2014-09-01,6329.7153
2014-09-02,6429.7014
2014-09-03,6472.5242
2014-09-04,6526.0669
2014-09-05,6593.8999
2014-09-09,6602.432
2014-09-10,6574.0841
2014-09-11,6529.5127
2014-09-12,6570.5565
2014-09-15,6587.1194
2014-09-16,6458.9837
2014-09-17,6504.7
2014-09-18,6518.2987
2014-09-19,6561.3714
2014-09-22,6450.6355
2014-09-23,6508.3617
2014-09-24,6598.8672
2014-09-25,6629.311
2014-09-26,6632.3277
2014-09-29,6660.2815
2014-09-30,6675.7175
2014-10-08,6721.3194
2014-10-09,6731.5512
2014-10-10,6667.1083
2014-10-13,6631.7704
2014-10-14,6625.3756
2014-10-15,6667.6471
2014-10-16,6633.8074
2014-10-17,6580.9292
2014-10-20,6623.2508
2014-10-21,6595.2583
2014-10-22,6563.5714
2014-10-23,6478.5297
2014-10-24,6465.0386
2014-10-27,6432.4634
2014-10-28,6570.1184
2014-10-29,6695.0846
2014-10-30,6769.2875
2014-10-31,6875.0455
2014-11-03,6904.4439
2014-11-04,6900.7545
2014-11-05,6849.2733
2014-11-06,6871.8942
2014-11-07,6843.1714
2014-11-10,7013.1042
2014-11-11,6964.8972
2014-11-12,7060.885
2014-11-13,7012.5661
2014-11-14,7005.6022
2014-11-17,6991.4835
2014-11-18,6914.8503
2014-11-19,6886.533
2014-11-20,6897.4257
2014-11-21,6985.9932
2014-11-24,7087.7643
2014-11-25,7201.9665
2014-11-26,7249.257
2014-11-27,7272.8978
2014-11-28,7440.0937
2014-12-01,7437.2188
2014-12-02,7643.2407
2014-12-03,7687.997
2014-12-04,7967.9877
2014-12-05,7973.8672
2014-12-08,8163.4407
2014-12-09,7793.0277
2014-12-10,8122.9816
2014-12-11,8152.4371
2014-12-12,8143.3061
2014-12-15,8198.923
2014-12-16,8344.0707
2014-12-17,8476.1551
2014-12-18,8433.6111
2014-12-19,8649.1469
2014-12-22,8817.9418
2014-12-23,8526.4278
2014-12-24,8373.8575
2014-12-25,8645.0249
2014-12-26,8830.4672
2014-12-29,8832.8258
2014-12-30,8780.306
2014-12-31,8980.2462
2015-01-05,9333.3177
2015-01-06,9357.9513
2015-01-07,9318.4458
2015-01-08,9093.0972
2015-01-09,9047.7794
2015-01-12,8866.926
2015-01-13,8916.9038
2015-01-14,8890.9993
2015-01-15,9150.6711
2015-01-16,9222.5821
2015-01-19,8459.3524
2015-01-20,8635.9351
2015-01-21,8981.8407
2015-01-22,8975.0091
2015-01-23,8967.2402
2015-01-26,9040.6393
2015-01-27,8971.7105
2015-01-28,8904.3389
2015-01-29,8863.7201
2015-01-30,8747.0935
2015-02-02,8509.4959
2015-02-03,8690.733
2015-02-04,8608.2386
2015-02-05,8506.4569
2015-02-06,8276.0544
2015-02-09,8263.1591
2015-02-10,8449.6478
2015-02-11,8457.4071
2015-02-12,8492.7743
2015-02-13,8576.2481
2015-02-16,8603.2399
2015-02-17,8670.191
2015-02-25,8663.0981
2015-02-26,8872.1676
2015-02-27,8883.0322
2015-03-02,8950.7583
2015-03-03,8768.3542
2015-03-04,8810.2389
2015-03-05,8677.2116
2015-03-06,8640.3733
2015-03-09,8861.6756
2015-03-10,8842.6503
2015-03-11,8866.2719
2015-03-12,9057.1673
2015-03-13,9113.1762
2015-03-16,9281.8601
2015-03-17,9401.2188
2015-03-18,9594.2135
2015-03-19,9639.863
2015-03-20,9710.7823
2015-03-23,9888.3623
2015-03-24,9903.0872
2015-03-25,9780.425
2015-03-26,9820.8048
2015-03-27,9883.1796
2015-03-30,10197.7552
2015-03-31,10056.4748
2015-04-01,10203.8472
2015-04-02,10255.7787
2015-04-03,10350.9228
2015-04-07,10578.4051
2015-04-08,10595.3674
2015-04-09,10452.3641
2015-04-10,10684.8852
2015-04-13,10960.0782
2015-04-14,11104.9248
2015-04-15,10970.3945
2015-04-16,11284.6339
2015-04-17,11429.6192
2015-04-20,11203.893
2015-04-21,11394.44
2015-04-22,11720.7856
2015-04-23,11717.7196
2015-04-24,11586.2135
2015-04-27,11894.0613
2015-04-28,11792.7761
2015-04-29,11803.7289
2015-04-30,11864.8207
2015-05-04,12186.3545
2015-05-05,11558.2329
2015-05-06,11357.594
2015-05-07,11048.8003
2015-05-08,11325.0886
2015-05-11,11708.6674
2015-05-12,11936.0221
2015-05-13,11830.8681
2015-05-14,11865.9233
2015-05-15,11687.7751
2015-05-18,11599.9933
2015-05-19,11926.3886
2015-05-20,12037.5678
2015-05-21,12242.1524
2015-05-22,12621.0951
2015-05-25,13124.4818
2015-05-26,13423.8434
2015-05-27,13520.8345
2015-05-28,12725.535
2015-05-29,12808.5738
2015-06-01,13548.6051
2015-06-02,13785.8386
2015-06-03,13835.8803
2015-06-04,13959.2286
2015-06-05,14106.2758
2015-06-08,14268.2573
2015-06-09,14241.9284
2015-06-10,14220.0088
2015-06-11,14165.1678
2015-06-12,14395.4753
2015-06-15,14219.2639
2015-06-16,13693.0657
2015-06-17,14018.7575
2015-06-18,13508.4901
2015-06-19,12649.8577
2015-06-23,12907.3499
2015-06-24,13281.7123
2015-06-25,12862.9407
2015-06-26,11949.7096
2015-06-29,11741.4782
2015-06-30,12434.9703
2015-07-01,11829.0467
2015-07-02,11298.7734
2015-07-03,10535.3271
2015-07-06,10887.605
2015-07-07,10747.6454
2015-07-08,10091.141
2015-07-09,10772.1725
2015-07-10,11342.3335
2015-07-13,11687.4123
2015-07-14,11503.8289
2015-07-15,11065.9176
2015-07-16,11151.1749
2015-07-17,11541.9385
2015-07-20,11558.5338
2015-07-21,11542.8996
2015-07-22,11535.7698
2015-07-23,11760.7763
2015-07-24,11596.116
2015-07-27,10584.0954
2015-07-28,10498.1476
2015-07-29,10889.3542
2015-07-30,10631.7787
2015-07-31,10639.3075
2015-08-03,10710.2312
2015-08-04,11025.6775
2015-08-05,10786.8905
2015-08-06,10699.7854
2015-08-07,10891.5761
2015-08-10,11368.234
2015-08-11,11317.6046
2015-08-12,11195.6861
2015-08-13,11412.7215
2015-08-14,11378.653
2015-08-17,11470.1919
2015-08-18,10695.7535
2015-08-19,10862.6603
2015-08-20,10537.2933
2015-08-21,10143.8936
2015-08-24,9253.3304
2015-08-25,8564.2823
2015-08-26,8590.8457
2015-08-27,9090.1026
2015-08-28,9480.4467
2015-08-31,9499.8533
2015-09-01,9512.3214
2015-09-02,9587.7472
2015-09-07,9251.4559
2015-09-08,9486.3031
2015-09-09,9656.6528
2015-09-10,9523.4088
2015-09-11,9495.5694
2015-09-14,9259.0268
2015-09-15,8951.4717
2015-09-16,9357.3022
2015-09-17,9183.4665
2015-09-18,9199.7457
2015-09-21,9335.3534
2015-09-22,9387.3511
2015-09-23,9186.7723
2015-09-24,9240.3208
2015-09-25,9122.8704
2015-09-28,9162.5334
2015-09-29,9003.3577
2015-09-30,9063.6749
2015-10-08,9303.5611
2015-10-09,9404.7947
2015-10-12,9704.9054
2015-10-13,9704.0946
2015-10-14,9586.6149
2015-10-15,9787.0783
2015-10-16,9891.9062
2015-10-19,9869.4119
2015-10-20,9970.4765
2015-10-21,9738.4945
2015-10-22,9855.5846
2015-10-23,9966.1755
2015-10-26,10007.7554
2015-10-27,10015.8962
2015-10-28,9892.1064
2015-10-29,9914.4614
2015-10-30,9879.2672
2015-11-02,9754.7546
2015-11-03,9723.7012
2015-11-04,10074.4476
2015-11-05,10276.8577
2015-11-06,10411.9751
2015-11-09,10609.0626
2015-11-10,10518.2652
2015-11-11,10518.657
2015-11-12,10401.652
2015-11-13,10329.5811
2015-11-16,10414.5559
2015-11-17,10472.5634
2015-11-18,10388.6308
2015-11-19,10515.418
2015-11-20,10522.4743
2015-11-23,10477.5979
2015-11-24,10441.2305
2015-11-25,10575.3479
2015-11-26,10540.7474
2015-11-27,10016.566
2015-11-30,10127.4577
2015-12-01,10159.8927
2015-12-02,10476.7496
2015-12-03,10545.9664
2015-12-04,10354.8377
2015-12-07,10391.5281
2015-12-08,10226.1542
2015-12-09,10279.6354
2015-12-10,10213.075
2015-12-11,10121.6985
2015-12-14,10315.0494
2015-12-15,10264.1629
2015-12-16,10234.4155
2015-12-17,10451.7251
2015-12-18,10484.4306
2015-12-21,10791.3228
2015-12-22,10817.8134
2015-12-23,10806.7737
2015-12-24,10690.8129
2015-12-25,10733.5245
2015-12-28,10460.07
2015-12-29,10540.6204
2015-12-30,10534.7906
2015-12-31,10422.2384
2016-01-04,9795.2232
2016-01-05,9855.9542
2016-01-06,10051.4584
2016-01-07,9464.191
2016-01-08,9691.1259
2016-01-11,9195.0677
2016-01-12,9209.014
2016-01-13,9085.4148
2016-01-14,9246.6798
2016-01-15,8962.5534
2016-01-18,8963.6321
2016-01-19,9206.8427
2016-01-20,9071.9276
2016-01-21,8839.5809
2016-01-22,8924.3896
2016-01-25,8953.4903
2016-01-26,8473.6825
2016-01-27,8442.9281
2016-01-28,8278.249
2016-01-29,8505.1762
2016-02-01,8408.2905
2016-02-02,8544.8916
2016-02-03,8492.1905
2016-02-04,8572.0583
2016-02-05,8550.3704
2016-02-15,8488.4182
2016-02-16,8720.4789
2016-02-17,8776.4017
2016-02-18,8763.1309
2016-02-19,8738.4944
2016-02-22,8918.3313
2016-02-23,8837.5494
2016-02-24,8894.0082
2016-02-25,8437.1711
2016-02-26,8530.6847
2016-02-29,8392.4536
2016-03-01,8506.8327
2016-03-02,8819.0943
2016-03-03,8831.5323
2016-03-04,8930.9278
2016-03-07,8961.3748
2016-03-08,8973.4655
2016-03-09,8911.2857
2016-03-10,8786.4042
2016-03-11,8788.9483
2016-03-14,8890.2618
2016-03-15,8928.7524
2016-03-16,8991.9959
2016-03-17,9028.6864
2016-03-18,9117.4477
2016-03-21,9209.799
2016-03-22,9180.7414
2016-03-23,9167.2573
2016-03-24,9058.4509
2016-03-25,9121.8886
2016-03-28,9082.4471
2016-03-29,9023.449
2016-03-30,9216.5661
2016-03-31,9225.5913
2016-04-01,9250.7002
2016-04-05,9345.2945
2016-04-06,9312.2809
2016-04-07,9199.5658
2016-04-08,9174.4147
2016-04-11,9282.2897
2016-04-12,9255.0406
2016-04-13,9349.7951
2016-04-14,9382.4348
2016-04-15,9371.2811
2016-04-18,9273.9283
2016-04-19,9291.878
2016-04-20,9157.145
2016-04-21,9095.8764
2016-04-22,9155.1438
2016-04-25,9156.5978
2016-04-26,9194.202
2016-04-27,9182.567
2016-04-28,9190.7177
2016-04-29,9169.2429
2016-05-03,9310.5626
2016-05-04,9292.876
2016-05-05,9299.5751
2016-05-06,9100.7939
2016-05-09,8957.0003
2016-05-10,8985.7108
2016-05-11,9048.7446
2016-05-12,9090.3766
2016-05-13,9047.4714
2016-05-16,9091.9723
2016-05-17,9057.3758
2016-05-18,8992.3136
2016-05-19,8990.956
2016-05-20,9007.6794
2016-05-23,9042.6351
2016-05-24,9004.336
2016-05-25,9008.598
2016-05-26,9021.7153
2016-05-27,9039.3316
2016-05-30,9059.0283
2016-05-31,9285.8401
2016-06-01,9266.8898
2016-06-02,9259.4801
2016-06-03,9316.1574
2016-06-06,9304.2148
2016-06-07,9298.3698
2016-06-08,9264.6263
2016-06-13,9050.8695
2016-06-14,9080.6647
2016-06-15,9176.8414
2016-06-16,9119.0993
2016-06-17,9185.1791
2016-06-20,9209.04
2016-06-21,9201.4567
2016-06-22,9253.3173
2016-06-23,9216.9891
2016-06-24,9116.0185
2016-06-27,9193.3862
2016-06-28,9225.495
2016-06-29,9263.6683
2016-06-30,9293.4972
2016-07-01,9320.3273
2016-07-04,9436.1989
2016-07-05,9424.4515
2016-07-06,9436.6033
2016-07-07,9427.0098
2016-07-08,9396.0281
2016-07-11,9431.9175
2016-07-12,9651.568
2016-07-13,9715.9958
2016-07-14,9677.7707
2016-07-15,9708.728
2016-07-18,9764.6371
2016-07-19,9691.3009
2016-07-20,9667.1672
2016-07-21,9715.8279
2016-07-22,9617.9471
2016-07-25,9669.7584
2016-07-26,9793.0316
2016-07-27,9735.9672
2016-07-28,9867.7698
2016-07-29,9860.1542
2016-08-01,9820.259
2016-08-02,9845.3906
2016-08-03,9857.6009
2016-08-04,9874.3406
2016-08-05,9897.277
2016-08-08,9994.7092
2016-08-09,10032.7482
2016-08-10,9983.7357
2016-08-11,9984.0672
2016-08-12,10208.334
2016-08-15,10471.9076
2016-08-16,10399.6548
2016-08-17,10378.6102
2016-08-18,10350.2029
2016-08-19,10356.968
2016-08-22,10300.1683
2016-08-23,10324.736
2016-08-24,10310.1917
2016-08-25,10251.6604
2016-08-26,10227.1576
2016-08-29,10198.3599
2016-08-30,10237.0589
2016-08-31,10293.6862
2016-09-01,10211.5307
2016-09-02,10256.2055
2016-09-05,10296.5084
2016-09-06,10365.0413
2016-09-07,10359.0112
2016-09-08,10374.3457
2016-09-09,10283.5191
2016-09-12,10120.2128
2016-09-13,10122.4545
2016-09-14,10022.3268
2016-09-19,10114.5508
2016-09-20,10130.0973
2016-09-21,10151.2576
2016-09-22,10251.2051
2016-09-23,10192.5097
2016-09-26,10072.0241
2016-09-27,10118.9105
2016-09-28,10118.3652
2016-09-29,10156.2333
2016-09-30,10177.7322
2016-10-10,10321.8006
2016-10-11,10340.1374
2016-10-12,10325.4971
2016-10-13,10343.5475
2016-10-14,10330.4963
2016-10-17,10246.1971
2016-10-18,10363.0699
2016-10-19,10342.5233
2016-10-20,10373.7143
2016-10-21,10454.8954
2016-10-24,10541.2967
2016-10-25,10579.7439
2016-10-26,10482.81
2016-10-27,10445.6166
2016-10-28,10409.2359
2016-10-31,10426.6815
2016-11-01,10481.6456
2016-11-02,10380.7718
2016-11-03,10436.5986
2016-11-04,10407.2211
2016-11-07,10406.6825
2016-11-08,10440.98
2016-11-09,10376.8789
2016-11-10,10494.357
2016-11-11,10509.3007
2016-11-14,10522.3765
2016-11-15,10528.5071
2016-11-16,10530.2387
2016-11-17,10582.3972
2016-11-18,10566.4724
2016-11-21,10635.2129
2016-11-22,10694.3667
2016-11-23,10761.8852
2016-11-24,10834.9676
2016-11-25,10956.4139
2016-11-28,11037.4247
2016-11-29,11134.64
2016-11-30,11021.0863
2016-12-01,11140.6174
2016-12-02,11000.0681
2016-12-05,10824.1479
2016-12-06,10804.2465
2016-12-07,10815.5886
2016-12-08,10827.0617
2016-12-09,10952.994
2016-12-12,10763.8859
2016-12-13,10747.564
2016-12-14,10662.913
2016-12-15,10506.8211
2016-12-16,10521.0623
2016-12-19,10501.8423
2016-12-20,10431.243
2016-12-21,10529.1412
2016-12-22,10538.3491
2016-12-23,10421.9578
2016-12-26,10446.9031
2016-12-27,10436.687
2016-12-28,10396.2207
2016-12-29,10382.9331
2016-12-30,10431.0069
2017-01-03,10537.6043
2017-01-04,10609.7851
2017-01-05,10612.0717
2017-01-06,10577.0707
2017-01-09,10652.6625
2017-01-10,10617.2937
2017-01-11,10533.0118
2017-01-12,10485.671
2017-01-13,10515.195
2017-01-16,10561.5859
2017-01-17,10570.8581
2017-01-18,10617.8259
2017-01-19,10603.413
2017-01-20,10683.8886
2017-01-23,10684.9975
2017-01-24,10716.9741
2017-01-25,10739.0907
2017-01-26,10764.3405
2017-02-03,10691.3596
2017-02-06,10732.1681
2017-02-07,10744.4132
2017-02-08,10772.2088
2017-02-09,10803.1379
2017-02-10,10855.9035
2017-02-13,10911.048
2017-02-14,10891.4782
2017-02-15,10900.6395
2017-02-16,10944.4532
2017-02-17,10860.1464
2017-02-20,11054.467
2017-02-21,11066.1759
2017-02-22,11126.864
2017-02-23,11077.3006
2017-02-24,11060.193
2017-02-27,10978.4554
2017-02-28,11018.8312
2017-03-01,11025.7644
2017-03-02,10972.1996
2017-03-03,10977.8696
2017-03-06,10992.7717
2017-03-07,10986.1908
2017-03-08,10981.6495
2017-03-09,10899.6323
2017-03-10,10913.4601
2017-03-13,11005.232
2017-03-14,11034.0069
2017-03-15,11066.0262
2017-03-16,11098.0344
2017-03-17,10979.3896
2017-03-20,11015.9233
2017-03-21,11108.1857
2017-03-22,11048.8418
2017-03-23,11056.7966
2017-03-24,11161.2097
2017-03-27,11159.1754
2017-03-28,11129.2185
2017-03-29,11128.8173
2017-03-30,11095.7314
2017-03-31,11182.7289
2017-04-05,11330.3713
2017-04-06,11414.8049
2017-04-07,11458.7133
2017-04-10,11514.8357
2017-04-11,11575.2658
2017-04-12,11552.9776
2017-04-13,11631.105
2017-04-14,11507.8752
2017-04-17,11444.416
2017-04-18,11430.2961
2017-04-19,11395.7931
2017-04-20,11450.9526
2017-04-21,11461.8349
2017-04-24,11368.9614
2017-04-25,11433.3864
2017-04-26,11476.5444
2017-04-27,11458.9139
2017-04-28,11422.6514
2017-05-02,11352.4732
2017-05-03,11278.9807
2017-05-04,11273.3355
2017-05-05,11234.4547
2017-05-08,11149.8264
2017-05-09,11128.0073
2017-05-10,11018.9197
2017-05-11,11110.8581
2017-05-12,11228.82
2017-05-15,11327.3526
2017-05-16,11468.6048
2017-05-17,11442.8996
2017-05-18,11396.2452
2017-05-19,11453.2069
2017-05-22,11429.9596
2017-05-23,11496.5278
2017-05-24,11508.5857
2017-05-25,11644.7289
2017-05-26,11651.6095
2017-05-31,11677.274
2017-06-01,11704.4537
2017-06-02,11703.9583
2017-06-05,11645.9066
2017-06-06,11677.4659
2017-06-07,11811.4753
2017-06-08,11933.3812
2017-06-09,12009.9117
2017-06-12,12060.6433
2017-06-13,12120.933
2017-06-14,11941.4382
2017-06-15,11882.1918
2017-06-16,11809.0154
2017-06-19,11898.414
2017-06-20,11870.6047
2017-06-21,12020.5063
2017-06-22,12057.7573
2017-06-23,12188.6655
2017-06-26,12292.2853
2017-06-27,12321.7578
2017-06-28,12214.9802
2017-06-29,12256.6446
2017-06-30,12272.3274
2017-07-03,12210.5104
2017-07-04,12102.659
2017-07-05,12229.7469
2017-07-06,12272.5786
2017-07-07,12266.9714
2017-07-10,12237.2454
2017-07-11,12300.0176
2017-07-12,12229.6252
2017-07-13,12252.0637
2017-07-14,12333.1678
2017-07-17,12223.8604
2017-07-18,12226.4472
2017-07-19,12386.8129
2017-07-20,12477.806
2017-07-21,12462.2997
2017-07-24,12553.7677
2017-07-25,12480.5033
2017-07-26,12392.4411
2017-07-27,12405.6018
2017-07-28,12421.9093
2017-07-31,12430.8621
2017-08-01,12519.5336
2017-08-02,12469.4074
2017-08-03,12328.5257
2017-08-04,12242.3429
2017-08-07,12293.0193
2017-08-08,12310.0944
2017-08-09,12308.7166
2017-08-10,12301.7482
2017-08-11,12127.1795
2017-08-14,12200.9635
2017-08-15,12239.7925
2017-08-16,12202.3181
2017-08-17,12271.7398
2017-08-18,12307.4263
2017-08-21,12322.6426
2017-08-22,12311.0246
2017-08-23,12328.9257
2017-08-24,12298.9523
2017-08-25,12442.4857
2017-08-28,12531.6403
2017-08-29,12497.0177
2017-08-30,12475.1251
2017-08-31,12407.2704
2017-09-01,12400.5403
2017-09-04,12413.4936
2017-09-05,12426.3431
2017-09-06,12387.5816
2017-09-07,12400.9723
2017-09-08,12377.13
2017-09-11,12400.1812
2017-09-12,12411.7378
2017-09-13,12439.1452
2017-09-14,12441.1324
2017-09-15,12433.5353
2017-09-18,12452.7953
2017-09-19,12442.0415
2017-09-20,12454.275
2017-09-21,12433.5501
2017-09-22,12470.9266
2017-09-25,12432.155
2017-09-26,12437.8334
2017-09-27,12444.2653
2017-09-28,12432.5645
2017-09-29,12457.533
2017-10-09,12608.5672
2017-10-10,12621.7067
2017-10-11,12668.1263
2017-10-12,12689.6714
2017-10-13,12738.4489
2017-10-16,12702.2675
2017-10-17,12695.1395
2017-10-18,12802.8997
2017-10-19,12816.2287
2017-10-20,12853.0154
2017-10-23,12884.2554
2017-10-24,12948.2482
2017-10-25,13004.0269
2017-10-26,13005.7402
2017-10-27,13074.1599
2017-10-30,13031.4816
2017-10-31,12968.8151
2017-11-01,12862.7
2017-11-02,12861.008
2017-11-03,12791.022
2017-11-06,12854.9413
2017-11-07,12941.5312
2017-11-08,12957.4592
2017-11-09,12997.9516
2017-11-10,13060.1099
2017-11-13,13108.8726
2017-11-14,13057.9207
2017-11-15,13030.3343
2017-11-16,13070.9248
2017-11-17,13132.8632
2017-11-20,13192.1668
2017-11-21,13314.4982
2017-11-22,13332.8137
2017-11-23,13007.9225
2017-11-24,13010.7139
2017-11-27,12924.087
2017-11-28,12918.4895
2017-11-29,12892.522
2017-11-30,12773.968
2017-12-01,12744.8012
2017-12-04,12777.9441
2017-12-05,12847.0764
2017-12-06,12757.143
2017-12-07,12658.7344
2017-12-08,12694.8835
2017-12-11,12811.4511
2017-12-12,12674.4366
2017-12-13,12752.8773
2017-12-14,12731.5743
2017-12-15,12615.2029
2017-12-18,12582.2642
2017-12-19,12729.2798
2017-12-20,12683.5891
2017-12-21,12792.4541
2017-12-22,12770.7665
2017-12-25,12779.0583
2017-12-26,12856.302
2017-12-27,12740.0231
2017-12-28,12816.2032
2017-12-29,12889.3718
2018-01-02,13057.1751
2018-01-03,13117.3715
2018-01-04,13167.0864
2018-01-05,13313.1905
2018-01-08,13464.2812
2018-01-09,13495.5481
2018-01-10,13533.6696
2018-01-11,13479.2522
2018-01-12,13544.3564
2018-01-15,13562.5019
2018-01-16,13784.2607
2018-01-17,13740.8134
2018-01-18,13763.8386
2018-01-19,13733.5777
2018-01-22,13859.5766
2018-01-23,13965.9523
2018-01-24,13984.6662
2018-01-25,13905.8496
2018-01-26,14025.1566
2018-01-29,13862.9512
2018-01-30,13704.5166
2018-01-31,13726.091
2018-02-01,13599.2902
2018-02-02,13678.2852
2018-02-05,13770.6628
2018-02-06,13382.0089
2018-02-07,13085.8214
2018-02-08,12983.7812
2018-02-09,12421.4047
2018-02-12,12550.3533
2018-02-13,12684.7529
2018-02-14,12731.9601
2018-02-22,13018.4569
2018-02-23,13084.1011
2018-02-26,13171.8706
2018-02-27,13027.377
2018-02-28,12936.9973
2018-03-01,12964.2688
2018-03-02,12945.183
2018-03-05,12931.3594
2018-03-06,13106.9146
2018-03-07,13054.3686
2018-03-08,13141.8008
2018-03-09,13195.0368
2018-03-12,13230.718
2018-03-13,13125.6182
2018-03-14,13090.2439
2018-03-15,13078.9331
2018-03-16,13040.694
2018-03-19,13020.1878
2018-03-20,12981.0428
2018-03-21,12949.6313
2018-03-22,12858.3848
2018-03-23,12499.3378
2018-03-26,12433.5479
2018-03-27,12505.0525
2018-03-28,12293.8898
2018-03-29,12509.126
2018-03-30,12460.8315
2018-04-02,12429.3266
2018-04-03,12334.2512
2018-04-04,12333.7795
2018-04-09,12333.2876
2018-04-10,12496.3622
2018-04-11,12541.8813
2018-04-12,12451.6155
2018-04-13,12397.8674
2018-04-16,12209.4957
2018-04-17,12067.6027
2018-04-18,12121.45
2018-04-19,12192.7943
2018-04-20,12016.3582
2018-04-23,11978.1968
2018-04-24,12237.2482
2018-04-25,12192.7393
2018-04-26,12040.0168
2018-04-27,12021.7925
2018-05-02,12098.0447
2018-05-03,12199.5449
2018-05-04,12185.2053
2018-05-07,12385.9612
2018-05-08,12509.6179
2018-05-09,12505.497
2018-05-10,12582.0689
2018-05-11,12524.0414
2018-05-14,12583.4778
2018-05-15,12634.4837
2018-05-16,12556.4268
2018-05-17,12526.1325
2018-05-18,12605.724
2018-05-21,12657.0396
2018-05-22,12646.8156
2018-05-23,12507.233
2018-05-24,12428.2295
2018-05-25,12427.6969
2018-05-28,12493.4021
2018-05-29,12465.9426
2018-05-30,12229.9971
2018-05-31,12489.9782
2018-06-01,12395.2643
2018-06-04,12509.435
2018-06-05,12625.1525
2018-06-06,12605.5907
2018-06-07,12583.8683
2018-06-08,12422.8398
2018-06-11,12396.0916
2018-06-12,12591.0101
2018-06-13,12524.6681
2018-06-14,12478.7827
2018-06-15,12432.6253
2018-06-19,11954.2921
2018-06-20,11992.9227
2018-06-21,11893.1664
2018-06-22,11923.4364
2018-06-25,11821.5146
2018-06-26,11691.1471
2018-06-27,11564.9319
2018-06-28,11391.7353
2018-06-29,11665.5576
2018-07-02,11310.4305
2018-07-03,11330.2969
2018-07-04,11214.8244
2018-07-05,11090.5519
2018-07-06,11112.312
2018-07-09,11379.9737
2018-07-10,11436.3885
2018-07-11,11252.7794
2018-07-12,11447.0454
2018-07-13,11486.3899
2018-07-16,11423.215
2018-07-17,11366.3839
2018-07-18,11322.4755
2018-07-19,11300.5381
2018-07-20,11458.2416
2018-07-23,11594.2191
2018-07-24,11772.8429
2018-07-25,11735.0445
2018-07-26,11671.7985
2018-07-27,11615.4159
2018-07-30,11577.1144
2018-07-31,11653.0129
2018-08-01,11426.7754
2018-08-02,11115.3807
2018-08-03,10975.6251
2018-08-06,10881.7256
2018-08-07,11164.4647
2018-08-08,10987.1791
2018-08-09,11209.1874
2018-08-10,11228.7501
2018-08-13,11182.6439
2018-08-14,11150.2063
2018-08-15,10934.52
2018-08-16,10858.3991
2018-08-17,10731.8039
2018-08-20,10835.4498
2018-08-21,10971.4007
2018-08-22,10898.4097
2018-08-23,10906.192
2018-08-24,10936.1513
2018-08-27,11159.6108
2018-08-28,11140.0634
2018-08-29,11091.0401
2018-08-30,11033.487
2018-08-31,11009.467
2018-09-03,10994.7581
2018-09-04,11109.1824
2018-09-05,10908.41
2018-09-06,10824.7304
2018-09-07,10863.3589
2018-09-10,10789.6273
2018-09-11,10769.937
2018-09-12,10757.6034
2018-09-13,10878.9432
2018-09-14,10905.2123
2018-09-17,10834.0271
2018-09-18,10993.7244
2018-09-19,11131.9714
2018-09-20,11092.8057
2018-09-21,11426.4441
2018-09-25,11330.8195
2018-09-26,11438.6864
2018-09-27,11380.3334
2018-09-28,11529.2197
2018-10-08,11101.6615
2018-10-09,11057.9408
2018-10-10,11056.1049
2018-10-11,10487.3923
2018-10-12,10597.04
2018-10-15,10396.9248
2018-10-16,10269.4432
2018-10-17,10340.903
2018-10-18,10164.3855
2018-10-19,10466.4806
2018-10-22,10867.29
2018-10-23,10610.8109
2018-10-24,10621.9047
2018-10-25,10688.1534
2018-10-26,10704.3109
2018-10-29,10422.6482
2018-10-30,10498.2674
2018-10-31,10582.6028
2018-11-01,10633.8326
2018-11-02,10907.9546
2018-11-05,10860.6846
2018-11-06,10814.7885
2018-11-07,10747.1398
2018-11-08,10722.1294
2018-11-09,10614.7518
2018-11-12,10759.1309
2018-11-13,10859.0994
2018-11-14,10786.692
2018-11-15,10885.7342
2018-11-16,10974.5524
2018-11-19,11086.9721
2018-11-20,10869.1912
2018-11-21,10879.9757
2018-11-22,10875.1294
2018-11-23,10633.6306
2018-11-26,10676.8641
2018-11-27,10634.4152
2018-11-28,10740.711
2018-11-29,10627.8482
2018-11-30,10713.6895
2018-12-03,10991.881
2018-12-04,11003.9147
2018-12-05,10936.3719
2018-12-06,10776.7661
2018-12-07,10814.3913
2018-12-10,10707.97
2018-12-11,10774.8606
2018-12-12,10821.2641
2018-12-13,10971.9407
2018-12-14,10827.0184
2018-12-17,10897.5241
2018-12-18,10827.7043
2018-12-19,10807.1141
2018-12-20,10763.1513
2018-12-21,10696.6424
2018-12-24,10736.5188
2018-12-25,10692.8323
2018-12-26,10723.499
2018-12-27,10725.7086
2018-12-28,10776.1722
2019-01-02,10623.5179
2019-01-03,10621.39
2019-01-04,10764.5738
2019-01-07,10816.7408
2019-01-08,10821.8317
2019-01-09,10890.7089
2019-01-10,10845.6605
2019-01-11,10897.3361
2019-01-14,10851.9857
2019-01-15,10955.1937
2019-01-16,10968.9915
2019-01-17,11002.4873
2019-01-18,11046.3207
2019-01-21,11064.0492
2019-01-22,11005.982
2019-01-23,11057.523
2019-01-24,11088.5481
2019-01-25,11148.9481
2019-01-28,11139.4064
2019-01-29,11214.7572
2019-01-30,11172.3213
2019-01-31,11214.5769
2019-02-01,11330.8519
2019-02-11,11432.1282
2019-02-12,11487.6269
2019-02-13,11616.6167
2019-02-14,11592.9225
2019-02-15,11383.3245
2019-02-18,11621.8078
2019-02-19,11609.8126
2019-02-20,11624.5751
2019-02-21,11547.764
2019-02-22,11637.6383
2019-02-25,12123.133
2019-02-26,12030.6426
2019-02-27,12061.0902
2019-02-28,12026.8463
2019-03-01,12169.0546
2019-03-04,12338.0494
2019-03-05,12464.4864
2019-03-06,12573.0191
2019-03-07,12500.1778
2019-03-08,12029.6619
2019-03-11,12228.7104
2019-03-12,12338.5801
2019-03-13,12303.2856
2019-03-14,12169.2806
2019-03-15,12365.6157
2019-03-18,12728.0925
2019-03-19,12709.8829
2019-03-20,12760.8677
2019-03-21,12767.0407
2019-03-22,12836.6562
2019-03-25,12692.0094
2019-03-26,12517.9763
2019-03-27,12678.6585
2019-03-28,12536.2481
2019-03-29,12856.1432
2019-04-01,13184.4071
2019-04-02,13162.0789
2019-04-03,13321.964
2019-04-04,13484.7735
2019-04-08,13438.95
2019-04-09,13497.9384
2019-04-10,13522.9434
2019-04-11,13347.9646
2019-04-12,13318.3139
2019-04-15,13247.4672
2019-04-16,13455.8524
2019-04-17,13501.3182
2019-04-18,13376.3209
2019-04-19,13436.1299
2019-04-22,13115.5038
2019-04-23,13018.3613
2019-04-24,13034.9642
2019-04-25,12689.8179
2019-04-26,12538.015
2019-04-29,12544.4687
2019-04-30,12685.5495
2019-05-06,12063.3739
2019-05-07,12175.4955
2019-05-08,12070.3944
2019-05-09,11899.7513
2019-05-10,12246.8918
2019-05-13,12141.9584
2019-05-14,12063.0659
2019-05-15,12258.8705
2019-05-16,12321.4208
2019-05-17,12018.6937
2019-05-20,11902.2
2019-05-21,12049.3892
2019-05-22,11990.0519
2019-05-23,11847.8923
2019-05-24,11898.8961
2019-05-27,12052.3605
2019-05-28,12117.0144
2019-05-29,12064.3553
2019-05-30,12102.5411
2019-05-31,12095.9617
2019-06-03,12090.735
2019-06-04,12005.7073
2019-06-05,12019.0456
2019-06-06,11941.9081
2019-06-10,12051.8835
2019-06-11,12303.362
2019-06-12,12216.8755
2019-06-13,12164.6532
2019-06-14,12070.4056
2019-06-17,12061.0817
2019-06-18,12057.0639
2019-06-19,12203.089
2019-06-20,12414.3985
2019-06-21,12437.4239
2019-06-24,12438.8531
2019-06-25,12326.1013
2019-06-26,12319.2373
2019-06-27,12394.9345
2019-06-28,12333.0473
2019-07-01,12569.4681
2019-07-02,12613.6439
2019-07-03,12640.5695
2019-07-04,12631.3503
2019-07-05,12655.5446
2019-07-08,12380.0307
2019-07-09,12391.5898
2019-07-10,12322.5576
2019-07-11,12311.2913
2019-07-12,12377.6875
2019-07-15,12409.9046
2019-07-16,12415.8399
2019-07-17,12413.8875
2019-07-18,12303.3933
2019-07-19,12434.339
2019-07-22,12343.147
2019-07-23,12384.2566
2019-07-24,12458.0088
2019-07-25,12509.8366
2019-07-26,12515.1711
2019-07-29,12527.1531
2019-07-30,12588.4396
2019-07-31,12487.0649
2019-08-01,12376.8297
2019-08-02,12228.9866
2019-08-05,12011.5636
2019-08-06,11844.5271
2019-08-07,11813.3947
2019-08-08,11953.2714
2019-08-09,11850.9351
2019-08-12,11985.4568
2019-08-13,11923.3938
2019-08-14,11945.6057
2019-08-15,11992.5837
2019-08-16,11986.9808
2019-08-19,12203.7773
2019-08-20,12170.6719
2019-08-21,12157.9734
2019-08-22,12168.7839
2019-08-23,12193.3435
2019-08-26,12088.158
2019-08-27,12229.8371
2019-08-28,12221.5387
2019-08-29,12139.9002
2019-08-30,12100.2774
2019-09-02,12190.6308
2019-09-03,12171.6223
2019-09-04,12291.2126
2019-09-05,12343.4205
2019-09-06,12387.9595
2019-09-09,12472.1975
2019-09-10,12404.2903
2019-09-11,12417.85
2019-09-12,12496.5797
2019-09-16,12519.4414
2019-09-17,12346.8404
2019-09-18,12412.1097
2019-09-19,12437.4195
2019-09-20,12429.9179
2019-09-23,12281.5641
2019-09-24,12341.0855
2019-09-25,12201.7834
2019-09-26,12195.6022
2019-09-27,12165.7538
2019-09-30,12105.1093
2019-10-08,12188.1537
2019-10-09,12317.6953
2019-10-10,12382.2187
2019-10-11,12455.8227
2019-10-14,12602.6733
2019-10-15,12539.1851
2019-10-16,12537.698
2019-10-17,12497.5748
2019-10-18,12344.0441
2019-10-21,12396.6199
2019-10-22,12428.3887
2019-10-23,12347.9914
2019-10-24,12373.4582
2019-10-25,12443.5334
2019-10-28,12470.6021
2019-10-29,12375.086
2019-10-30,12331.0027
2019-10-31,12266.8345
2019-11-01,12416.8012
2019-11-04,12439.9927
2019-11-05,12525.3893
2019-11-06,12460.7398
2019-11-07,12499.2936
2019-11-08,12440.2589
2019-11-11,12231.6628
2019-11-12,12239.1071
2019-11-13,12179.1046
2019-11-14,12171.2476
2019-11-15,12113.1108
2019-11-18,12200.2906
2019-11-19,12338.514
2019-11-20,12253.999
2019-11-21,12242.852
2019-11-22,12228.1995
2019-11-25,12406.7454
2019-11-26,12402.5009
2019-11-27,12356.3918
2019-11-28,12297.3534
2019-11-29,12303.4005
2019-12-02,12312.36
2019-12-03,12361.0547
2019-12-04,12323.69
2019-12-05,12354.4085
2019-12-06,12402.2324
2019-12-09,12455.6932
2019-12-10,12434.3997
2019-12-11,12459.9513
2019-12-12,12466.9903
2019-12-13,12620.4772
2019-12-16,12671.2156
2019-12-17,12768.621
2019-12-18,12734.7014
2019-12-19,12775.1496
2019-12-20,12761.3908
2019-12-23,12617.712
2019-12-24,12645.3162
2019-12-25,12621.4642
2019-12-26,12739.0722
2019-12-27,12779.1482
2019-12-30,12955.9507
2019-12-31,13032.6601
2020-01-02,13173.3916
2020-01-03,13156.5112
2020-01-06,13094.5818
2020-01-07,13174.9412
2020-01-08,12999.8269
2020-01-09,13122.9242
2020-01-10,13075.9889
2020-01-13,13114.32
2020-01-14,13120.0723
2020-01-15,13039.0388
2020-01-16,12950.1622
2020-01-17,12942.6925
2020-01-20,12936.2008
2020-01-21,12714.2712
2020-01-22,12719.9741
2020-01-23,12346.6301
2020-02-03,11318.2561
2020-02-04,11551.0577
2020-02-05,11645.2572
2020-02-06,11754.2674
2020-02-07,11682.7389
2020-02-10,11856.384
2020-02-11,11918.3791
2020-02-12,11953.0828
2020-02-13,11900.5888
2020-02-14,11992.7878
2020-02-17,12208.461
2020-02-18,12123.0279
2020-02-19,12101.3494
2020-02-20,12249.523
2020-02-21,12259.0286
2020-02-24,12118.2271
2020-02-25,11984.0984
2020-02-26,12065.5563
2020-02-27,12117.2216
2020-02-28,11829.6916
2020-03-02,12255.2494
2020-03-03,12233.4222
2020-03-04,12403.4211
2020-03-05,12555.038
2020-03-06,12364.3758
2020-03-09,12054.03
2020-03-10,12188.6879
2020-03-11,12060.6439
2020-03-12,11890.2747
2020-03-13,11702.1149
2020-03-16,11405.7142
2020-03-17,11375.0314
2020-03-18,11184.7975
2020-03-19,10988.0329
2020-03-20,11179.8477
2020-03-23,10864.0314
2020-03-24,11147.974
2020-03-25,11404.843
2020-03-26,11319.7789
2020-03-27,11387.9904
2020-03-30,11313.1475
2020-03-31,11269.6268
2020-04-01,11221.7815
2020-04-02,11330.4176
2020-04-03,11290.4603
2020-04-07,11465.1497
2020-04-08,11438.7993
2020-04-09,11456.1701
2020-04-10,11401.221
2020-04-13,11411.6696
2020-04-14,11515.3431
2020-04-15,11444.3431
2020-04-16,11427.9324
2020-04-17,11477.3546
2020-04-20,11520.9854
2020-04-21,11433.3433
2020-04-22,11439.2435
2020-04-23,11412.7493
2020-04-24,11346.2444
2020-04-27,11433.7559
2020-04-28,11436.2814
2020-04-29,11647.7898
2020-04-30,11742.6999
2020-05-06,11707.9164
2020-05-07,11729.9109
2020-05-08,11804.469
2020-05-11,11830.9525
2020-05-12,11757.8987
2020-05-13,11793.2019
2020-05-14,11643.0999
2020-05-15,11599.7181
2020-05-18,11638.7663
2020-05-19,11673.3279
2020-05-20,11611.0029
2020-05-21,11588.3408
2020-05-22,11373.4668
2020-05-25,11418.5953
2020-05-26,11447.6601
2020-05-27,11487.1999
2020-05-28,11554.1746
2020-05-29,11477.5286
2020-06-01,11689.7696
2020-06-02,11750.8904
2020-06-03,11728.3656
2020-06-04,11755.6617
2020-06-05,11743.2681
2020-06-08,11809.2666
2020-06-09,11858.128
2020-06-10,11816.8166
2020-06-11,11705.8572
2020-06-12,11717.8922
2020-06-15,11601.6496
2020-06-16,11752.3934
2020-06-17,11775.2053
2020-06-18,11837.4581
2020-06-19,11863.8504
2020-06-22,11776.0434
2020-06-23,11739.6276
2020-06-24,11800.7681
2020-06-29,11736.4531
2020-06-30,11833.0213
2020-07-01,12121.1156
2020-07-02,12471.7871
2020-07-03,12654.9847
2020-07-06,13479.1863
2020-07-07,13419.8804
2020-07-08,13512.068
2020-07-09,13654.7605
2020-07-10,13330.5749
2020-07-13,13622.3507
2020-07-14,13549.4233
2020-07-15,13320.4987
2020-07-16,12982.4304
2020-07-17,12976.1985
2020-07-20,13510.2231
2020-07-21,13470.0171
2020-07-22,13448.1334
2020-07-23,13324.7954
2020-07-24,12897.1607
2020-07-27,12844.5403
2020-07-28,12902.4125
2020-07-29,13109.5504
2020-07-30,13117.4606
2020-07-31,13232.5754
2020-08-03,13545.9639
2020-08-04,13589.6749
2020-08-05,13498.3904
2020-08-06,13481.4458
2020-08-07,13455.5318
2020-08-10,13594.825
2020-08-11,13537.8814
2020-08-12,13506.7986
2020-08-13,13585.0532
2020-08-14,13688.8903
2020-08-17,14059.0342
2020-08-18,14081.1857
2020-08-19,14004.8124
2020-08-20,13852.7241
2020-08-21,13876.705
2020-08-24,13929.091
2020-08-25,13889.2258
2020-08-26,13683.9206
2020-08-27,13685.1302
2020-08-28,13882.9235
2020-08-31,13738.7633
2020-09-01,13705.3781
2020-09-02,13655.226
2020-09-03,13577.1137
2020-09-04,13494.1057
2020-09-07,13341.9903
2020-09-08,13444.8689
2020-09-09,13208.5259
2020-09-10,13165.3708
2020-09-11,13185.7974
2020-09-14,13187.9472
2020-09-15,13226.0645
2020-09-16,13285.0436
2020-09-17,13267.4151
2020-09-18,13572.3002
2020-09-21,13495.2518
2020-09-22,13286.2715
2020-09-23,13267.6396
2020-09-24,13044.5212
2020-09-25,12980.6318
2020-09-28,13045.0492
2020-09-29,13048.3057
2020-09-30,12959.7595
2020-10-09,13186.9635
2020-10-12,13415.9096
2020-10-13,13435.8094
2020-10-14,13388.4349
2020-10-15,13368.1791
2020-10-16,13436.9705
2020-10-19,13348.1907
2020-10-20,13335.7747
2020-10-21,13357.6469
2020-10-22,13288.5203
2020-10-23,13238.6582
2020-10-26,13194.5267
2020-10-27,13168.0765
2020-10-28,13110.5016
2020-10-29,13210.4657
2020-10-30,13025.1834
2020-11-02,13148.647
2020-11-03,13295.8639
2020-11-04,13380.3233
2020-11-05,13552.15
2020-11-06,13626.8966
2020-11-09,13840.0325
2020-11-10,13784.6569
2020-11-11,13887.6555
2020-11-12,13950.045
2020-11-13,13806.1555
2020-11-16,14161.8762
2020-11-17,14205.9352
2020-11-18,14265.4799
2020-11-19,14168.6807
2020-11-20,14230.5703
2020-11-23,14466.4731
2020-11-24,14382.6796
2020-11-25,14164.9325
2020-11-26,14190.3362
2020-11-27,14299.0264
2020-11-30,14170.6059
2020-12-01,14335.492
2020-12-02,14340.5373
2020-12-03,14178.0659
2020-12-04,14142.6524
2020-12-07,13927.8844
2020-12-08,13903.3325
2020-12-09,13713.8766
2020-12-10,13699.2917
2020-12-11,13665.4008
2020-12-14,13575.2627
2020-12-15,13537.8312
2020-12-16,13486.804
2020-12-17,13567.6414
2020-12-18,13658.5302
2020-12-21,13637.3359
2020-12-22,13318.8322
2020-12-23,13314.0341
2020-12-24,13217.3363
2020-12-25,13305.5011
2020-12-28,13265.6784
2020-12-29,13203.5454
2020-12-30,13228.4338
2020-12-31,13292.0082
2021-01-04,13192.7169
2021-01-05,13180.115
2021-01-06,13295.1384
2021-01-07,13314.6031
2021-01-08,13345.4015
2021-01-11,13217.1682
2021-01-12,13218.5101
2021-01-13,13205.1806
2021-01-14,13170.9602
2021-01-15,13261.0986
2021-01-18,13365.0347
2021-01-19,13494.8615
2021-01-20,13359.0016
2021-01-21,13356.6042
2021-01-22,13126.4346
2021-01-25,12977.2661
2021-01-26,12942.6824
2021-01-27,12979.0575
2021-01-28,12836.1734
2021-01-29,12824.6273
2021-02-01,12951.3444
2021-02-02,12896.8811
2021-02-03,12845.7851
2021-02-04,12813.9079
2021-02-05,13009.7793
2021-02-08,13018.6307
2021-02-09,13073.9047
2021-02-10,13133.0225
2021-02-18,13409.6147
2021-02-19,13637.1924
2021-02-22,13753.4936
2021-02-23,13634.687
2021-02-24,13613.7728
2021-02-25,13931.6915
2021-02-26,13652.2979
2021-03-01,13857.4964
2021-03-02,13758.3821
2021-03-03,14072.5529
2021-03-04,14091.5414
2021-03-05,13888.5743
2021-03-08,13817.2782
2021-03-09,13672.4001
2021-03-10,13574.6386
2021-03-11,13921.3467
2021-03-12,14198.3163
2021-03-15,14290.0247
2021-03-16,14340.6233
2021-03-17,14248.3847
2021-03-18,14277.5847
2021-03-19,14097.6189
2021-03-22,14254.76
2021-03-23,14077.1038
2021-03-24,13898.2019
2021-03-25,13861.8531
2021-03-26,13973.6201
2021-03-29,14230.075
2021-03-30,14187.8763
2021-03-31,14185.8693
2021-04-01,14262.3403
2021-04-02,14126.533
2021-04-06,14125.8008
2021-04-07,14271.9321
2021-04-08,14240.8296
2021-04-09,14208.6749
2021-04-12,14242.8286
2021-04-13,14144.0999
2021-04-14,14207.7492
2021-04-15,14211.3137
2021-04-16,14416.8684
2021-04-19,14376.3213
2021-04-20,14349.1945
2021-04-21,14388.6421
2021-04-22,14390.0763
2021-04-23,14287.4784
2021-04-26,14227.2749
2021-04-27,14179.4796
2021-04-28,14295.8383
2021-04-29,14448.6797
2021-04-30,14334.9195
2021-05-06,14528.7001
2021-05-07,14599.8713
2021-05-10,14719.1498
2021-05-11,14632.2093
2021-05-12,14784.2137
2021-05-13,14713.9889
2021-05-14,14746.5282
2021-05-17,14814.8348
2021-05-18,14864.1849
2021-05-19,14812.0468
2021-05-20,14593.7337
2021-05-21,14630.7749
2021-05-24,14724.5167
2021-05-25,14965.444
2021-05-26,15041.3292
2021-05-27,15116.4342
2021-05-28,15203.3743
2021-05-31,15315.5005
2021-06-01,15299.7168
2021-06-02,15311.0865
2021-06-03,15272.9565
2021-06-04,15232.7167
2021-06-07,15076.1144
2021-06-08,15068.4121
2021-06-09,15092.0929
2021-06-10,15086.4477
2021-06-11,15028.1147
2021-06-15,14880.8135
2021-06-16,14827.223
2021-06-17,14810.0704
2021-06-18,14728.906
2021-06-21,14709.4005
2021-06-22,14755.4078
2021-06-23,14931.5834
2021-06-24,14932.9673
2021-06-25,14996.9403
2021-06-28,14737.7105
2021-06-29,14691.7136
2021-06-30,14765.7453
2021-07-01,14868.4349
2021-07-02,14711.2491
2021-07-05,14657.4012
2021-07-06,14713.1667
2021-07-07,14671.9721
2021-07-08,14406.0293
2021-07-09,14520.3568
2021-07-12,14430.0469
2021-07-13,14509.2265
2021-07-14,14515.7338
2021-07-15,14587.6673
2021-07-16,14658.9996
2021-07-19,14683.3697
2021-07-20,14644.5579
2021-07-21,14539.4915
2021-07-22,14663.9626
2021-07-23,14584.3051
2021-07-26,14261.6208
2021-07-27,13835.4778
2021-07-28,13798.3986
2021-07-29,13819.6914
2021-07-30,13829.3486
2021-08-02,13770.3251
2021-08-03,13662.7048
2021-08-04,13767.2552
2021-08-05,13739.227
2021-08-06,13809.3569
2021-08-09,14008.4772
2021-08-10,14060.0364
2021-08-11,14367.7772
2021-08-12,14534.4764
2021-08-13,14523.2697
2021-08-16,14638.804
2021-08-17,14431.8912
2021-08-18,14499.7693
2021-08-19,14335.1384
2021-08-20,14354.3405
2021-08-23,14474.2807
2021-08-24,14555.6552
2021-08-25,14647.9263
2021-08-26,14757.4253
2021-08-27,14919.264
2021-08-30,14976.415
2021-08-31,15362.4447
2021-09-01,15369.7487
2021-09-02,15659.5769
2021-09-03,15591.8587
2021-09-06,15757.7045
2021-09-07,16095.3658
2021-09-08,16370.6012
2021-09-09,16802.6163
2021-09-10,16671.2742
2021-09-13,17155.2911
2021-09-14,16821.6466
2021-09-15,16752.6978
2021-09-16,16647.7017
2021-09-17,16301.1301
2021-09-22,16769.2909
2021-09-23,16726.9649
2021-09-24,16174.7944
2021-09-27,15782.2692
2021-09-28,16233.8908
2021-09-29,15774.9462
2021-09-30,15984.4904
2021-10-08,15851.278
2021-10-11,16002.0738
2021-10-12,15909.3795
2021-10-13,15636.2004
2021-10-14,15475.6858
2021-10-15,15568.5612
2021-10-18,15883.4176
2021-10-19,15880.0745
2021-10-20,15575.9561
2021-10-21,15775.7181
2021-10-22,15431.0952
2021-10-25,15467.7469
2021-10-26,15363.9281
2021-10-27,15059.5783
2021-10-28,14632.4207
2021-10-29,14565.6089
2021-11-01,14731.123
2021-11-02,14357.3762
2021-11-03,14646.7584
2021-11-04,14611.9754
2021-11-05,14291.2182
2021-11-08,14345.7097
2021-11-09,14294.8597
2021-11-10,14252.2024
2021-11-11,14584.0612
2021-11-12,14467.5623
2021-11-15,14435.7773
2021-11-16,14320.3188
2021-11-17,14290.1126
2021-11-18,14282.7702
2021-11-19,14494.9682
2021-11-22,14467.7891
2021-11-23,14621.1764
2021-11-24,14807.129
2021-11-25,14773.3802
2021-11-26,14576.6852
2021-11-29,14442.6561
2021-11-30,14409.0529
2021-12-01,14645.068
2021-12-02,14704.7266
2021-12-03,14946.0473
2021-12-06,14888.8098
2021-12-07,15125.0103
2021-12-08,15126.4028
2021-12-09,15190.6757
2021-12-10,15072.2871
2021-12-13,15098.1108
2021-12-14,14932.4959
2021-12-15,15064.1325
2021-12-16,15325.3048
2021-12-17,15327.9803
2021-12-20,15270.9394
2021-12-21,15538.8607
2021-12-22,15483.8149
2021-12-23,15542.2633
2021-12-24,15428.8726
2021-12-27,15502.9206
2021-12-28,15371.5936
2021-12-29,15294.7085
2021-12-30,15347.7656
2021-12-31,15463.5609
2022-01-04,15715.5403
2022-01-05,15801.1108
2022-01-06,15880.0742
2022-01-07,16052.2109
2022-01-10,16166.503
2022-01-11,16186.4626
2022-01-12,16099.7084
2022-01-13,16019.6797
2022-01-14,15730.5646
2022-01-17,15786.082
2022-01-18,15979.8369
2022-01-19,16158.3387
2022-01-20,16117.0471
2022-01-21,15968.5717
2022-01-24,15995.9911
2022-01-25,15535.4132
2022-01-26,15656.6735
2022-01-27,15506.9887
2022-01-28,15343.9062
2022-02-07,15788.8593
2022-02-08,16140.9426
2022-02-09,16223.3842
2022-02-10,16452.8338
2022-02-11,16498.4136
2022-02-14,16168.3806
2022-02-15,16035.8171
2022-02-16,16217.3561
2022-02-17,16146.8388
2022-02-18,16495.6147
2022-02-21,16538.3401
2022-02-22,16381.6242
2022-02-23,16218.9778
2022-02-24,15909.3114
2022-02-25,15888.2513
2022-02-28,15895.2227
2022-03-01,16055.2405
2022-03-02,16191.3624
2022-03-03,16426.9956
2022-03-04,16295.7299
2022-03-07,16151.1972
2022-03-08,15635.5412
2022-03-09,15477.8559
2022-03-10,15611.7064
2022-03-11,15692.0964
2022-03-14,15386.6184
2022-03-15,14494.2931
2022-03-16,14849.2936
2022-03-17,15036.4518
2022-03-18,15440.2325
2022-03-21,15376.0929
2022-03-22,15674.4362
2022-03-23,15674.6757
2022-03-24,15579.9335
2022-03-25,15613.7576
2022-03-28,15947.0218
2022-03-29,15888.5409
2022-03-30,16146.9177
2022-03-31,16330.0999
2022-04-01,16623.8865
2022-04-06,16918.0219
2022-04-07,16622.2489
2022-04-08,16837.7497
2022-04-11,16567.8691
2022-04-12,16566.8177
2022-04-13,16450.441
2022-04-14,16764.0994
2022-04-15,16682.3188
2022-04-18,16433.6804
2022-04-19,16633.8956
2022-04-20,16206.8867
2022-04-21,15914.0601
2022-04-22,16210.667
2022-04-25,15567.0867
2022-04-26,15449.3469
2022-04-27,15566.7868
2022-04-28,15904.913
2022-04-29,16180.3697
2022-05-05,16207.8187
2022-05-06,15731.6643
2022-05-09,15825.1307
2022-05-10,15979.4923
2022-05-11,15960.0228
2022-05-12,15968.4052
2022-05-13,16350.5163
2022-05-16,16429.3438
2022-05-17,16299.3687
2022-05-18,16206.6696
2022-05-19,16312.1734
2022-05-20,16389.4725
2022-05-23,16309.1812
2022-05-24,15945.7553
2022-05-25,16214.258
2022-05-26,16404.6519
2022-05-27,16489.6825
2022-05-30,16491.6123
2022-05-31,16450.6301
2022-06-01,16491.5332
2022-06-02,16322.9697
2022-06-06,16306.2908
2022-06-07,16323.0875
2022-06-08,16471.7915
2022-06-09,16504.655
2022-06-10,16561.4985
2022-06-13,16252.0871
2022-06-14,16475.963
2022-06-15,16540.8417
2022-06-16,16313.2679
2022-06-17,16266.1911
2022-06-20,16209.3791
2022-06-21,16300.2391
2022-06-22,16036.7348
2022-06-23,16173.8616
2022-06-24,16109.2553
2022-06-27,16276.1414
2022-06-28,16353.2688
2022-06-29,16493.9813
2022-06-30,16534.0072
2022-07-01,16545.5963
2022-07-04,16502.6103
2022-07-05,16553.7252
2022-07-06,16191.9119
2022-07-07,16202.6295
2022-07-08,16224.1644
2022-07-11,16156.7924
2022-07-12,16309.5639
2022-07-13,16261.0772
2022-07-14,16013.8918
2022-07-15,15745.4973
2022-07-18,16096.1576
2022-07-19,16154.2804
2022-07-20,16174.0273
2022-07-21,15875.1582
2022-07-22,15865.1646
2022-07-25,15875.3032
2022-07-26,16103.2717
2022-07-27,16040.9555
2022-07-28,16091.2472
2022-07-29,15930.2928
2022-08-01,15940.9743
2022-08-02,15558.7236
2022-08-03,15352.8162
2022-08-04,15473.1698
2022-08-05,15554.9579
2022-08-08,15708.8055
2022-08-09,15755.8494
2022-08-10,15711.051
2022-08-11,15903.6933
2022-08-12,16013.6213
2022-08-15,16009.6825
2022-08-16,16037.213
2022-08-17,16108.713
2022-08-18,15959.5318
2022-08-19,16114.081
2022-08-22,16241.3434
2022-08-23,16246.7351
2022-08-24,16080.597
2022-08-25,16470.8005
2022-08-26,16426.2844
2022-08-29,16542.5025
2022-08-30,16567.5985
2022-08-31,16478.8041
2022-09-01,16662.5516
2022-09-02,16626.4251
2022-09-05,16947.5403
2022-09-06,17134.2742
2022-09-07,17148.6694
2022-09-08,17168.418
2022-09-09,17378.3193
2022-09-13,17276.8025
2022-09-14,17148.201
2022-09-15,17232.4748
2022-09-16,16717.1481
2022-09-19,16720.285
2022-09-20,16635.395
2022-09-21,16773.3566
2022-09-22,16701.6986
2022-09-23,16557.5053
2022-09-26,16264.0766
2022-09-27,16437.294
2022-09-28,16293.0413
2022-09-29,16161.9725
2022-09-30,16231.3843
2022-10-10,16301.5755
2022-10-11,16280.8628
2022-10-12,16490.7828
2022-10-13,16335.8342
2022-10-14,16448.3838
2022-10-17,16386.5246
2022-10-18,16330.092
2022-10-19,16250.9336
2022-10-20,16125.0499
2022-10-21,16182.4101
2022-10-24,15814.3983
2022-10-25,15727.1001
2022-10-26,15607.2499
2022-10-27,15684.1151
2022-10-28,15410.1852
2022-10-31,15025.6833
2022-11-01,15170.1559
2022-11-02,15368.5688
2022-11-03,15244.2579
2022-11-04,15501.782
2022-11-07,15576.9781
2022-11-08,15581.0269
2022-11-09,15563.2385
2022-11-10,15590.6829
2022-11-11,15994.3748
2022-11-14,15946.7723
2022-11-15,16024.3696
2022-11-16,15972.1148
2022-11-17,15917.1331
2022-11-18,15826.5566
2022-11-21,15764.7661
2022-11-22,15934.3881
2022-11-23,16040.7196
2022-11-24,16113.2594
2022-11-25,16424.5693
2022-11-28,16335.591
2022-11-29,16819.3776
2022-11-30,16790.1898
2022-12-01,16677.4155
2022-12-02,16553.2049
2022-12-05,16831.76
2022-12-06,16758.6253
2022-12-07,16660.5702
2022-12-08,16716.3531
2022-12-09,16641.6563
2022-12-12,16415.7345
2022-12-13,16500.9652
2022-12-14,16437.3505
2022-12-15,16263.988
2022-12-16,16442.9372
2022-12-19,16157.218
2022-12-20,15994.0199
2022-12-21,15986.4881
2022-12-22,15895.0076
2022-12-23,15833.6301
2022-12-26,15809.5551
2022-12-27,16000.0753
2022-12-28,16011.0164
2022-12-29,15889.6506
2022-12-30,15998.0745
2023-01-03,16089.9242
2023-01-04,16206.3195
2023-01-05,16199.4885
2023-01-06,16181.9378
2023-01-09,16175.479
2023-01-10,16063.9944
2023-01-11,16125.064
2023-01-12,16100.5441
2023-01-13,16253.0407
2023-01-16,16306.8384
2023-01-17,16274.5571
2023-01-18,16335.5669
2023-01-19,16380.5508
2023-01-20,16524.3525
2023-01-30,16515.2939
2023-01-31,16547.152
2023-02-01,16629.6868
2023-02-02,16640.5349
2023-02-03,16512.1916
2023-02-06,16479.3276
2023-02-07,16547.6161
2023-02-08,16448.6437
2023-02-09,16587.6399
2023-02-10,16629.9747
2023-02-13,16691.1335
2023-02-14,16780.8299
2023-02-15,16732.6598
2023-02-16,16646.3625
2023-02-17,16592.0233
2023-02-20,16987.7222
2023-02-21,17154.717
2023-02-22,17158.9812
2023-02-23,17162.3983
2023-02-24,17121.7561
2023-02-27,17044.6809
2023-02-28,17140.1786
2023-03-01,17265.4308
2023-03-02,17372.4769
2023-03-03,17529.7327
2023-03-06,17501.2018
2023-03-07,17441.6763
2023-03-08,17439.1412
2023-03-09,17389.5044
2023-03-10,17083.0626
2023-03-13,17316.937
2023-03-14,17213.5088
2023-03-15,17511.0132
2023-03-16,17346.767
2023-03-17,17566.8171
2023-03-20,17513.4642
2023-03-21,17444.0335
2023-03-22,17558.5532
2023-03-23,17570.1337
2023-03-24,17442.669
2023-03-27,17293.7675
2023-03-28,17343.6537
2023-03-29,17249.0269
2023-03-30,17344.7252
2023-03-31,17399.5085
2023-04-03,17554.1657
2023-04-04,17661.1152
2023-04-06,17509.0135
2023-04-07,17495.6707
2023-04-10,17518.2682
2023-04-11,17710.8792
2023-04-12,17987.1101
2023-04-13,18020.4607
2023-04-14,17956.8218
2023-04-17,18211.2574
2023-04-18,18239.4419
2023-04-19,18262.8036
2023-04-20,18397.7976
2023-04-21,18127.9485
2023-04-24,18160.6096
2023-04-25,18299.7433
2023-04-26,18311.5377
2023-04-27,18372.273
2023-04-28,18691.727
2023-05-04,19193.353
2023-05-05,19240.882
2023-05-08,19800.2827
2023-05-09,19579.2556
2023-05-10,19099.0806
2023-05-11,19040.3298
2023-05-12,18840.9786
2023-05-15,18770.8185
2023-05-16,18578.4086
2023-05-17,18520.5962
2023-05-18,18709.961
2023-05-19,18412.1151
2023-05-22,18385.4145
2023-05-23,18115.9116
2023-05-24,17863.146
2023-05-25,17765.535
2023-05-26,18016.9178
2023-05-29,18113.4232
2023-05-30,18184.6109
2023-05-31,18053.9212
2023-06-01,18137.7335
2023-06-02,18154.9777
2023-06-05,18356.6365
2023-06-06,18226.0096
2023-06-07,18394.0216
2023-06-08,18529.5508
2023-06-09,18543.0976
2023-06-12,18403.8001
2023-06-13,18385.426
2023-06-14,18268.6649
2023-06-15,18298.7038
2023-06-16,18257.0576
2023-06-19,17994.0599
2023-06-20,17821.3576
2023-06-21,17672.5729
2023-06-26,17358.8382
2023-06-27,17704.3585
2023-06-28,17789.9588
2023-06-29,17743.5983
2023-06-30,17820.8903
2023-07-03,18068.7383
2023-07-04,17992.7137
2023-07-05,17961.3416
2023-07-06,17922.9799
2023-07-07,17967.9108
2023-07-10,18030.9408
2023-07-11,18071.1764
2023-07-12,18005.5534
2023-07-13,18275.351
2023-07-14,18319.2958
2023-07-17,18190.0841
2023-07-18,18157.2409
2023-07-19,18302.3125
2023-07-20,18198.2085
2023-07-21,18184.5947
2023-07-24,18199.3404
2023-07-25,18541.7941
2023-07-26,18503.987
2023-07-27,18538.4833
2023-07-28,18829.3197
2023-07-31,18996.8991
2023-08-01,19038.2007
2023-08-02,18784.6703
2023-08-03,18811.698
2023-08-04,18846.2801
2023-08-07,18725.4413
2023-08-08,18714.0619
2023-08-09,18588.0172
2023-08-10,18618.6486
2023-08-11,18328.7627
2023-08-14,18337.1445
2023-08-15,18432.6927
2023-08-16,18368.0181
2023-08-17,18349.6306
2023-08-18,18271.399
2023-08-21,18155.0336
2023-08-22,18386.9054
2023-08-23,18365.4346
2023-08-24,18260.8748
2023-08-25,18264.4395
2023-08-28,18510.7469
2023-08-29,18493.8315
2023-08-30,18340.3777
2023-08-31,18206.3461
2023-09-01,18342.5912
2023-09-04,18705.1148
2023-09-05,18502.3255
2023-09-06,18465.6658
2023-09-07,18405.7547
2023-09-08,18288.4007
2023-09-11,18444.2643
2023-09-12,18409.9674
2023-09-13,18460.5007
2023-09-14,18606.3887
2023-09-15,18605.7953
2023-09-18,18586.5288
2023-09-19,18709.537
2023-09-20,18770.098
2023-09-21,18621.2094
2023-09-22,18763.67
2023-09-25,18723.2185
2023-09-26,18681.9978
2023-09-27,18631.65
2023-09-28,18620.7411
2023-10-09,18553.3905
2023-10-10,18361.1861
2023-10-11,18317.1425
2023-10-12,18548.9778
2023-10-13,18516.5533
2023-10-16,18610.8624
2023-10-17,18702.9682
2023-10-18,18606.481
2023-10-19,18254.3757
2023-10-20,18137.2458
2023-10-23,17872.8983
2023-10-24,18015.0398
2023-10-25,18202.8622
2023-10-26,18288.44
2023-10-27,18340.1067
2023-10-30,18025.3259
2023-10-31,18053.4488
2023-11-01,18056.7562
2023-11-02,18109.2144
2023-11-03,18015.6747
2023-11-06,17989.3568
2023-11-07,17999.1579
2023-11-08,18008.4467
2023-11-09,18058.5049
2023-11-10,17932.3391
2023-11-13,18017.1076
2023-11-14,18017.4558
2023-11-15,18151.7158
2023-11-16,18153.4114
2023-11-17,18110.1352
2023-11-20,18144.6058
2023-11-21,18218.8181
2023-11-22,18190.2086
2023-11-23,18259.707
2023-11-24,18254.694
2023-11-27,18168.2088
2023-11-28,18154.42
2023-11-29,17987.139
2023-11-30,18057.0926
2023-12-01,18145.6267
2023-12-04,18181.5054
2023-12-05,17889.7435
2023-12-06,17865.4097
2023-12-07,17897.9464
2023-12-08,17837.4937
2023-12-11,18076.3093
2023-12-12,18185.3089
2023-12-13,18038.8871
2023-12-14,18014.1901
2023-12-15,17900.8127
2023-12-18,17887.2315
2023-12-19,17876.8689
2023-12-20,17843.1519
2023-12-21,17796.7052
2023-12-22,17802.694
2023-12-25,17810.1268
2023-12-26,17792.016
2023-12-27,17918.3894
2023-12-28,17849.5524
2023-12-29,17954.8391
2024-01-02,18146.6366
2024-01-03,18375.2575
2024-01-04,18524.5206
2024-01-05,18587.5625
2024-01-08,18416.4612
2024-01-09,18528.067
2024-01-10,18396.9017
2024-01-11,18280.7079
2024-01-12,18352.8957
2024-01-15,18486.6229
2024-01-16,18583.8188
2024-01-17,18341.881
2024-01-18,18210.2966
2024-01-19,18101.3443
2024-01-22,17586.1213
2024-01-23,17754.5282
2024-01-24,18178.865
2024-01-25,18726.5629
2024-01-26,18990.1699
2024-01-29,19035.6652
2024-01-30,18798.6769
2024-01-31,18783.7404
2024-02-01,18561.7957
2024-02-02,18573.4667
2024-02-05,18553.2806
2024-02-06,18864.2269
2024-02-07,19127.5215
2024-02-08,19085.6492
2024-02-19,19556.2958
2024-02-20,19734.6925
2024-02-21,19822.2602
2024-02-22,20114.1822
2024-02-23,20107.5273
2024-02-26,19630.5061
2024-02-27,19742.9924
2024-02-28,19569.1162
2024-02-29,19759.9477
2024-03-01,19760.7383
2024-03-04,19867.8564
2024-03-05,20011.227
2024-03-06,20006.8891
2024-03-07,20086.9488
2024-03-08,20213.2515
2024-03-11,20076.0626
2024-03-12,19576.4981
2024-03-13,19518.3572
2024-03-14,19581.3338
2024-03-15,19636.98
2024-03-18,19630.0245
2024-03-19,19543.4973
2024-03-20,19662.7654
2024-03-21,19747.7173
2024-03-22,19673.5211
2024-03-25,19710.9355
2024-03-26,19728.0239
2024-03-27,19695.2775
2024-03-28,19644.4461
2024-03-29,19933.0727
2024-04-01,19985.9319
2024-04-02,20108.5738
2024-04-03,20280.1636
2024-04-08,20369.9767
2024-04-09,20249.1414
2024-04-10,20300.6906
2024-04-11,20486.9583
2024-04-12,20464.0385
2024-04-15,20882.4899
2024-04-16,20862.8968
2024-04-17,21285.4168
2024-04-18,21375.9089
2024-04-19,21394.2334
2024-04-22,20956.202
2024-04-23,20639.5999
2024-04-24,20594.0037
2024-04-25,20746.4453
2024-04-26,20506.9718
2024-04-29,20445.6762
2024-04-30,20533.1053
2024-05-06,20670.8338
2024-05-07,20693.0484
2024-05-08,20781.135
2024-05-09,20924.6637
2024-05-10,21041.1348
2024-05-13,21185.6527
2024-05-14,21092.0262
2024-05-15,21057.9833
2024-05-16,21088.3959
2024-05-17,21250.7749
2024-05-20,21465.8812
2024-05-21,21523.9666
2024-05-22,21476.9973
2024-05-23,21258.5728
2024-05-24,21241.1995
2024-05-27,21607.2314
2024-05-28,21536.1998
2024-05-29,21545.1703
2024-05-30,21385.2407
2024-05-31,21384.7835
2024-06-03,21193.6175
2024-06-04,21243.283
2024-06-05,20946.7181
2024-06-06,21009.0996
2024-06-07,21217.3446
2024-06-11,20821.8798
2024-06-12,21056.6035
2024-06-13,20826.8077
2024-06-14,20854.1767
2024-06-17,20634.936
2024-06-18,20717.9661
2024-06-19,20724.9522
2024-06-20,20721.3493
2024-06-21,20711.8888
2024-06-24,20474.4161
2024-06-25,20553.699
2024-06-26,20665.1219
2024-06-27,20657.927
2024-06-28,20859.3698
2024-07-01,21260.7776
2024-07-02,21312.628
2024-07-03,21115.9771
2024-07-04,21038.5034
2024-07-05,20897.2672
2024-07-08,20787.1838
2024-07-09,21031.2141
2024-07-10,20656.1671
2024-07-11,20691.6312
2024-07-12,20690.9759
2024-07-15,20889.8338
2024-07-16,20823.0508
2024-07-17,20698.8184
2024-07-18,20787.664
2024-07-19,20623.047
2024-07-22,20434.4469
2024-07-23,20332.8044
2024-07-24,20360.5157
2024-07-25,20235.2963
2024-07-26,20100.8638
2024-07-29,20197.3911
2024-07-30,20043.085
2024-07-31,20234.6113
2024-08-01,20245.262
2024-08-02,20224.3691
2024-08-05,19993.0775
2024-08-06,19911.2955
2024-08-07,20000.5971
2024-08-08,20021.7664
2024-08-09,20029.3797
2024-08-12,20094.545
2024-08-13,20167.4917
2024-08-14,20138.1609
2024-08-15,20342.2231
2024-08-16,20415.5744
2024-08-19,20711.7776
2024-08-20,20509.5358
2024-08-21,20354.6367
2024-08-22,20413.5221
2024-08-23,20379.8849
2024-08-26,20385.8015
2024-08-27,20504.6247
2024-08-28,20376.8395
2024-08-29,19948.6937
2024-08-30,19830.5882
2024-09-02,19936.0457
2024-09-03,19697.1172
2024-09-04,19631.7452
2024-09-05,19584.2207
2024-09-06,19458.3168
2024-09-09,19130.0035
2024-09-10,19158.566
2024-09-11,18692.8595
2024-09-12,18786.5444
2024-09-13,18731.3903
2024-09-18,18991.5282
2024-09-19,19023.0636
2024-09-20,19002.4041
2024-09-23,19230.7999
2024-09-24,20080.239
2024-09-25,20396.817
2024-09-26,21017.7329
2024-09-27,21062.9536
2024-09-30,22292.032
2024-10-08,22565.9937
2024-10-09,20952.6698
2024-10-10,21813.1602
2024-10-11,21386.9515
2024-10-14,22059.4258
2024-10-15,21583.0166
2024-10-16,21953.533
2024-10-17,21667.8742
2024-10-18,21798.4652
2024-10-21,21648.3347
2024-10-22,21755.1352
2024-10-23,21723.2713
2024-10-24,21612.818
2024-10-25,21538.6799
2024-10-28,21617.4707
2024-10-29,21310.4893
2024-10-30,21151.4783
2024-10-31,21116.6856
2024-11-01,21329.2605
2024-11-04,21536.3044
2024-11-05,21798.5698
2024-11-06,21733.6401
2024-11-07,22091.0723
2024-11-08,21778.3942
2024-11-11,21617.5451
2024-11-12,21427.1898
2024-11-13,21549.1175
2024-11-14,21398.2936
2024-11-15,21349.9752
2024-11-18,21705.3037
2024-11-19,21756.4211
2024-11-20,21797.7594
2024-11-21,21741.5784
2024-11-22,21198.728
2024-11-25,21236.9943
2024-11-26,21293.984
2024-11-27,21553.7839
2024-11-28,21476.6278
2024-11-29,21536.5298
2024-12-02,21562.6644
2024-12-03,21829.4629
2024-12-04,21886.6972
2024-12-05,21875.3762
2024-12-06,22149.4632
2024-12-09,22225.7553
2024-12-10,22235.7912
2024-12-11,22256.5509
2024-12-12,22319.6111
2024-12-13,21907.2556
2024-12-16,22247.3034
2024-12-17,22227.6953
2024-12-18,22398.6095
2024-12-19,22161.8249
2024-12-20,21998.0932
2024-12-23,22066.6237
2024-12-24,22300.9935
2024-12-25,22448.9425
2024-12-26,22354.0645
2024-12-27,22405.5358
2024-12-30,22586.2246
2024-12-31,22411.529
2025-01-02,21923.4282
2025-01-03,21678.0051
2025-01-06,21730.2648
2025-01-07,21779.2798
2025-01-08,21881.178
2025-01-09,21609.8832
2025-01-10,21378.9027
2025-01-13,21171.5239
2025-01-14,21476.0596
2025-01-15,21509.5285
2025-01-16,21703.0253
2025-01-17,21672.041
2025-01-20,21668.8615
2025-01-21,21517.1915
2025-01-22,21199.7368
2025-01-23,21534.9956
2025-01-24,21611.0721
2025-01-27,21922.3523
2025-02-05,21530.9499
2025-02-06,21540.5826
2025-02-07,21565.1198
2025-02-10,21542.323
2025-02-11,21772.0627
2025-02-12,21835.7555
2025-02-13,21860.9542
2025-02-14,21883.6762
2025-02-17,21860.7691
2025-02-18,21859.344
2025-02-19,21859.2437
2025-02-20,21820.461
2025-02-21,21613.9331
2025-02-24,21598.4409
2025-02-25,21407.8782
2025-02-26,21565.4544
2025-02-27,21752.944
2025-02-28,21647.5734
2025-03-03,21674.5207
2025-03-04,21670.8619
2025-03-05,21858.0294
2025-03-06,21750.1049
2025-03-07,21715.5754
2025-03-10,21609.9986
2025-03-11,21753.3542
2025-03-12,21722.3858
2025-03-13,21833.4239
2025-03-14,22018.6486
2025-03-17,22087.6722
2025-03-18,22065.5004
2025-03-19,22207.7708
2025-03-20,22111.0034
2025-03-21,22042.2705
2025-03-24,22189.2649
2025-03-25,22341.4482
2025-03-26,22270.3095
2025-03-27,22318.2487
2025-03-28,22247.1899
2025-03-31,22260.4128
2025-04-01,22314.1996
2025-04-02,22479.5574
2025-04-03,22530.1156
2025-04-07,21324.6175
2025-04-08,21788.5181
2025-04-09,21730.6225
2025-04-10,21855.5189
2025-04-11,21750.8488
2025-04-14,21927.3655
2025-04-15,22174.9896
2025-04-16,22366.8493
2025-04-17,22392.6962
2025-04-18,22454.469
2025-04-21,22309.6335
2025-04-22,22436.6143
2025-04-23,22331.2371
2025-04-24,22563.1847
2025-04-25,22531.2639
2025-04-28,22643.6004
2025-04-29,22579.0675
2025-04-30,22188.1458
2025-05-06,22225.1916
2025-05-07,22420.4481
2025-05-08,22538.7898
2025-05-09,22712.3832
2025-05-12,22723.155
2025-05-13,22957.8914
2025-05-14,23093.1423
2025-05-15,22997.5729
2025-05-16,22855.9192
2025-05-19,22904.5022
2025-05-20,22986.1097
2025-05-21,23130.1442
2025-05-22,23235.8594
2025-05-23,23053.957
2025-05-26,22966.2132
2025-05-27,23010.5139
2025-05-28,23122.2847
2025-05-29,23097.7246
2025-05-30,23176.3579
2025-06-03,23417.6343
2025-06-04,23525.3182
2025-06-05,23348.8542
2025-06-06,23402.1035
2025-06-09,23413.4837
2025-06-10,23451.2952
2025-06-11,23494.6628
2025-06-12,23582.7907
2025-06-13,23416.5272
2025-06-16,23549.4121
2025-06-17,23494.8524
2025-06-18,23632.3623
2025-06-19,23568.7635
2025-06-20,23686.5179
2025-06-23,23828.8968
2025-06-24,23887.0931
2025-06-25,24071.9223
2025-06-26,24180.0275
2025-06-27,23813.1616
2025-06-30,23769.6371
2025-07-01,24015.5024
2025-07-02,24069.1845
2025-07-03,24074.0495
2025-07-04,24302.1391
2025-07-07,24426.1127
2025-07-08,24374.272
2025-07-09,24506.082
2025-07-10,24637.8272
2025-07-11,24414.189
2025-07-14,24589.1409
2025-07-15,24362.0105
2025-07-16,24272.7441
2025-07-17,24228.6597
2025-07-18,24350.2876
2025-07-21,24354.2431
2025-07-22,24401.3658
2025-07-23,24431.8989
2025-07-24,24241.2564
2025-07-25,24078.4943
2025-07-28,23995.7074
2025-07-29,23854.5749
2025-07-30,23953.8111
2025-07-31,23667.0027
2025-08-01,23662.3714
2025-08-04,23805.4869
2025-08-05,24105.9582
2025-08-06,24138.6594
2025-08-07,24216.2469
2025-08-08,24257.0094
2025-08-11,24101.3319
2025-08-12,24186.2044
2025-08-13,24064.5279
2025-08-14,24052.9782
2025-08-15,23987.2342
2025-08-18,24052.8286
2025-08-19,24067.1176
2025-08-20,24261.2482
2025-08-21,24383.6017
2025-08-22,24316.6168
2025-08-25,24538.6327
2025-08-26,24479.2384
2025-08-27,24039.2379
2025-08-28,24084.8925
2025-08-29,23973.5135
2025-09-01,23941.2563
2025-09-02,24141.3722
2025-09-03,23873.2376
2025-09-04,23935.6473
2025-09-05,23827.4356
2025-09-08,23856.6329
2025-09-09,23956.7716
2025-09-10,23914.1142
2025-09-11,23996.8645
2025-09-12,23821.9219
2025-09-15,23638.1814
2025-09-16,23552.9198
2025-09-17,23636.2152
2025-09-18,23167.549
2025-09-19,23315.6876
2025-09-22,23143.046
2025-09-23,23308.9464
2025-09-24,23288.2239
2025-09-25,23097.2608
2025-09-26,23106.7765
2025-09-29,23103.0553
2025-09-30,22927.1985
2025-10-09,22980.3592
2025-10-10,23150.9948
2025-10-13,23292.912
2025-10-14,23705.5798
2025-10-15,23828.5599
2025-10-16,23964.2609
2025-10-17,23881.1023
2025-10-20,23896.192
2025-10-21,23980.8938
2025-10-22,24129.785
2025-10-23,24258.4245
2025-10-24,24116.3869
2025-10-27,24129.7658
2025-10-28,24092.8384
2025-10-29,23899.9185
2025-10-30,23921.0357
2025-10-31,23909.1574
2025-11-03,24227.4607
2025-11-04,24481.856
2025-11-05,24489.2391
2025-11-06,24494.8294
2025-11-07,24498.2025
2025-11-10,24720.0255
2025-11-11,24786.6789
2025-11-12,24974.0324
2025-11-13,24950.1173
2025-11-14,24866.3389
2025-11-17,24673.4831
2025-11-18,24493.0842
2025-11-19,24533.8578
2025-11-20,24647.3579
2025-11-21,24330.3566
2025-11-24,24181.7974
2025-11-25,24333.8327
2025-11-26,24184.6241
2025-11-27,24228.211
2025-11-28,24193.8221
2025-12-01,24386.5767
2025-12-02,24364.5058
2025-12-03,24249.5216
2025-12-04,24137.5297
2025-12-05,24008.4128
2025-12-08,23952.31
2025-12-09,23787.1965
2025-12-10,23662.0905
2025-12-11,23558.4886
2025-12-12,23567.1113
2025-12-15,23643.2187
2025-12-16,23537.6435
2025-12-17,23561.7402
2025-12-18,23793.1146
2025-12-19,23758.2528
2025-12-22,23617.0482
2025-12-23,23661.0869
2025-12-24,23684.0593
2025-12-25,23719.933
2025-12-26,23678.9778
2025-12-29,23685.5476
2025-12-30,23657.762
2025-12-31,23660.9495
2026-01-05,23650.8138
2026-01-06,23678.537
2026-01-07,23558.8435
2026-01-08,23412.7898
2026-01-09,23425.4307
2026-01-12,23469.6756
2026-01-13,23529.1288
2026-01-14,23295.3253
2026-01-15,23241.7649
2026-01-16,23050.4948
2026-01-19,23090.3829
2026-01-20,23430.6809
2026-01-21,23239.3595
2026-01-22,23281.6822
2026-01-23,23220.5596
2026-01-26,23341.931
2026-01-27,23214.7058
2026-01-28,23268.2202
2026-01-29,23604.8077
2026-01-30,23587.7865
2026-02-02,23287.6041
2026-02-03,23245.4832
2026-02-04,23597.221
2026-02-05,23864.0747
2026-02-06,23785.9165
2026-02-09,23906.1149
2026-02-10,23965.7813
2026-02-11,24031.3276
2026-02-12,23808.9786
2026-02-13,23556.548
2026-02-24,23708.59
2026-02-25,23672.4181
2026-02-26,23625.7305
2026-02-27,23698.6332
2026-03-02,23930.9431
2026-03-03,24148.2532
2026-03-04,23844.4644
2026-03-05,23905.5639
2026-03-06,24028.0024
2026-03-09,24039.7405
2026-03-10,23970.4201
2026-03-11,24231.9775
2026-03-12,24363.5259
2026-03-13,24413.4098
2026-03-16,24407.5602
2026-03-17,24463.8137
2026-03-18,24374.8523
2026-03-19,24278.6423
2026-03-20,24200.7074
2026-03-23,23366.1341
2026-03-24,23838.1554
2026-03-25,24009.4046
2026-03-26,23994.4777
2026-03-27,23907.1903
2026-03-30,24138.2521
2026-03-31,24217.5533
2026-04-01,24235.5936
2026-04-02,24340.4464
2026-04-03,23998.6128
2026-04-07,23868.5541
2026-04-08,24097.4322
2026-04-09,23918.8594
2026-04-10,23900.4585
2026-04-13,23822.9663
2026-04-14,23926.4187
2026-04-15,24072.8015
2026-04-16,24069.0964
2026-04-17,24013.9856
2026-04-20,24104.101
2026-04-21,24235.4248
2026-04-22,24135.443
2026-04-23,24283.0568
2026-04-24,24247.2585
2026-04-27,24003.4327
2026-04-28,24087.3155
2026-04-29,24159.9273
2026-04-30,23959.9088
2026-05-06,23841.4313
2026-05-07,23759.487
2026-05-08,23746.9397
2026-05-11,23746.4854
2026-05-12,23730.9816
2026-05-13,23748.437
2026-05-14,23698.3201
2026-05-15,23538.1528
2026-05-18,23396.7527
2026-05-19,23550.8109
2026-05-20,23469.4937
2026-05-21,23344.844
2026-05-22,23278.9525
2026-05-25,23244.5812
2026-05-26,23308.1566
2026-05-27,23153.7642
2026-05-28,23046.7027
2026-05-29,23517.1001
2026-06-01,23856.9291
2026-06-02,23818.9292
2026-06-03,23621.2373
2026-06-04,23325.7541
2026-06-05,23395.1024
2026-06-08,23472.9215
2026-06-09,23480.2744
2026-06-10,23628.5475
2026-06-11,23432.4508
2026-06-12,23664.6676
2026-06-15,23431.1877
2026-06-16,23081.0152
2026-06-17,22966.708
2026-06-18,22409.9299
2026-06-22,22451.0259
2026-06-23,22570.3056
2026-06-24,22130.6053
2026-06-25,21871.4187
2026-06-26,21758.959
2026-06-29,21903.1009
2026-06-30,21476.5237
2026-07-01,21700.1547
2026-07-02,21875.4436
2026-07-03,21943.0777
2026-07-06,22398.6504
2026-07-07,22265.9388
2026-07-08,22501.9209
2026-07-09,22268.5438
2026-07-10,22344.2956
2026-07-13,22726.9183
2026-07-14,22925.5263
2026-07-15,23217.772
2026-07-16,23018.4261
2026-07-17,23075.6676
2026-07-20,23694.1458
2026-07-21,23382.6334
2026-07-22,23520.2921
2026-07-23,23624.6679
2026-07-24,23414.061
2026-07-27,23508.6247
2026-07-28,23703.6733
2026-07-29,23922.3365
2026-07-30,24318.9463
2026-07-31,24227.6182
