date,close
2005-01-04,353.7376238918305
2005-01-05,353.1582398452759
2005-01-06,348.8544876289368
2005-01-07,346.2887612628937
2005-01-10,347.1991813144684
2005-01-11,349.35105742263795
2005-01-12,352.5788873710633
2005-01-13,352.5788873710633
2005-01-14,350.26147747421265
2005-01-17,350.26147747421265
2005-01-18,350.26147747421265
2005-01-19,349.7648761081696
2005-01-20,349.68212500000004
2005-01-21,353.7376238918305
2005-01-24,353.98590878868106
2005-01-25,349.59937389183045
2005-01-26,353.32377363395693
2005-01-27,352.74442115974426
2005-01-28,353.32377363395693
2005-01-31,349.4338401031494
2005-02-01,348.44063737106325
2005-02-02,348.9372387371063
2005-02-03,344.96452252578734
2005-02-04,343.22646510314945
2005-02-16,351.9167837886811
2005-02-17,353.65484121131897
2005-02-18,353.820375
2005-02-21,353.820375
2005-02-22,360.60710247421264
2005-02-23,359.3656148452759
2005-02-24,358.62076015472417
2005-02-25,360.02775
2005-02-28,360.2760348968506
2005-03-01,357.7103401031494
2005-03-02,357.95862500000004
2005-03-03,355.6412151031494
2005-03-04,359.03457884025573
2005-03-07,359.77946510314945
2005-03-08,364.41428489685063
2005-03-09,364.33153378868104
2005-03-10,365.8213063144684
2005-03-11,367.72489752578736
2005-03-14,364.41428489685063
2005-03-15,364.66260136604313
2005-03-16,366.7317263660431
2005-03-17,362.6762274742127
2005-03-18,363.2555799484253
2005-03-21,356.6343862628937
2005-03-22,352.99273762893677
2005-03-23,351.0891148452759
2005-03-24,350.8408299484253
2005-03-25,350.8408299484253
2005-03-28,352.08231757736206
2005-03-29,352.2478513660431
2005-03-30,352.66167005157473
2005-03-31,354.3997274742127
2005-04-01,352.74442115974426
2005-04-04,350.9236126289368
2005-04-05,351.3374313144684
2005-04-06,352.8272038402558
2005-04-07,352.33060247421264
2005-04-08,353.32377363395693
2005-04-11,354.0686598968506
2005-04-12,354.56526126289367
2005-04-13,355.0618626289368
2005-04-14,350.1787263660431
2005-04-15,350.9236126289368
2005-04-18,353.32377363395693
2005-04-19,358.2069098968506
2005-04-20,359.2001126289368
2005-04-21,357.4620236339569
2005-04-22,359.1173299484253
2005-04-25,359.53114863395695
2005-04-26,361.1864549484253
2005-04-27,357.5448063144684
2005-04-28,355.8895
2005-04-29,358.78626237106323
2005-05-09,352.16506868553165
2005-05-10,352.9099549484253
2005-05-11,353.32377363395693
2005-05-12,348.9372387371063
2005-05-13,347.1991813144684
2005-05-16,346.61982884025576
2005-05-17,346.4542950515747
2005-05-18,348.0268186855316
2005-05-19,347.447466211319
2005-05-20,344.71623762893677
2005-05-23,344.46792115974426
2005-05-24,345.37834121131897
2005-05-25,346.5370461597443
2005-05-26,345.04727363395693
2005-05-27,346.61982884025576
2005-05-30,346.61982884025576
2005-05-31,344.71623762893677
2005-06-01,343.7230348968506
2005-06-02,348.44063737106325
2005-06-03,349.0199898452759
2005-06-06,351.585716211319
2005-06-07,350.75807884025573
2005-06-08,350.4270112628937
2005-06-09,349.84765878868103
2005-06-10,352.74442115974426
2005-06-13,354.0686598968506
2005-06-14,352.5788873710633
2005-06-15,353.7376238918305
2005-06-16,359.69668242263793
2005-06-17,361.1037038402558
2005-06-20,361.35198873710635
2005-06-21,362.5934763660431
2005-06-22,361.84859010314943
2005-06-23,364.33153378868104
2005-06-24,363.3383626289368
2005-06-27,363.42111373710634
2005-06-28,359.6139313144684
2005-06-29,361.1037038402558
2005-06-30,359.53114863395695
2005-07-01,353.4065563144684
2005-07-04,353.4065563144684
2005-07-05,349.9304098968506
2005-07-06,349.68212500000004
2005-07-07,350.59254505157475
2005-07-08,349.7648761081696
2005-07-11,352.08231757736206
2005-07-12,352.9099549484253
2005-07-13,350.50976237106323
2005-07-14,346.7853626289368
2005-07-15,348.0268186855316
2005-07-18,347.6957511081696
2005-07-19,346.7025799484253
2005-07-20,349.2683063144684
2005-07-21,351.42018242263794
2005-07-22,344.3162011882782
2005-07-25,344.74333338813784
2005-07-26,342.64327499999996
2005-07-27,344.30722085876465
2005-07-28,346.617
2005-07-29,347.08178952636723
2005-08-01,349.5514066566467
2005-08-02,349.5720430541992
2005-08-03,352.8149931060791
2005-08-04,353.9259384727478
2005-08-05,353.3213076347351
2005-08-08,351.52513762664796
2005-08-09,351.35738123703
2005-08-10,353.83564236907955
2005-08-11,360.0538961799621
2005-08-12,360.28003359222413
2005-08-15,357.32503164863584
2005-08-16,360.8639038200378
2005-08-17,355.6578257640839
2005-08-18,355.0536958328247
2005-08-19,353.3649076332092
2005-08-22,354.21472618408205
2005-08-23,354.5084984024048
2005-08-24,353.1007962360382
2005-08-25,354.22174229202267
2005-08-26,353.08836994171145
2005-08-29,352.71657552947994
2005-08-30,348.2648594089508
2005-08-31,351.531332359314
2005-09-01,357.95648788146974
2005-09-02,358.137375
2005-09-05,358.071
2005-09-06,358.2018547039032
2005-09-07,358.74053981781003
2005-09-08,361.0146876487732
2005-09-09,363.0067052352905
2005-09-12,363.267831060791
2005-09-13,360.66865111541745
2005-09-14,363.7803445922852
2005-09-15,367.40236518859865
2005-09-16,370.5509195320129
2005-09-19,374.1995
2005-09-20,373.9544662971497
2005-09-21,380.767177111435
2005-09-22,374.9643209365845
2005-09-23,374.45147012329096
2005-09-26,376.8863505302429
2005-09-27,374.25500000000005
2005-09-28,378.79451382484433
2005-09-29,381.18028765106203
2005-09-30,377.89640617370605
2005-10-10,383.31803135681156
2005-10-11,383.2855760635376
2005-10-12,378.99306265640257
2005-10-13,380.32127370262145
2005-10-14,378.59327382812506
2005-10-17,382.2246884250641
2005-10-18,380.277
2005-10-19,375.0018172348022
2005-10-20,372.00118629646306
2005-10-21,376.370063703537
2005-10-24,375.36931906127927
2005-10-25,380.7201171100616
2005-10-26,379.50883346786503
2005-10-27,381.5069184677124
2005-10-28,381.72648986816404
2005-10-31,375.120812335968
2005-11-01,369.77277629852296
2005-11-02,372.9656716358185
2005-11-03,371.5452285987854
2005-11-04,367.97564242858886
2005-11-07,370.17403270225526
2005-11-08,371.2603957660675
2005-11-09,376.4702031040191
2005-11-10,375.77685229911805
2005-11-11,378.3639538318634
2005-11-14,376.95066336364744
2005-11-15,377.2227687664032
2005-11-16,386.2296201324463
2005-11-17,391.9365562992096
2005-11-18,391.7118645996094
2005-11-21,396.0008805675506
2005-11-22,398.6979455329895
2005-11-23,397.210652331543
2005-11-24,397.210652331543
2005-11-25,399.38771520233155
2005-11-28,402.0235635662079
2005-11-29,402.36407383575437
2005-11-30,396.74762767028807
2005-12-01,405.36355120544437
2005-12-02,406.6157895339966
2005-12-05,410.3430141357422
2005-12-06,411.08941506958007
2005-12-07,414.51676953506467
2005-12-08,419.2482123260498
2005-12-09,423.208612323761
2005-12-12,424.52713109207156
2005-12-13,417.0789273216248
2005-12-14,406.4553976821899
2005-12-15,405.63777355194094
2005-12-16,404.4016162319183
2005-12-19,405.42606985473634
2005-12-20,395.94896739196776
2005-12-21,398.73679637336727
2005-12-22,405.0058450698853
2005-12-23,404.7791353736877
2005-12-26,404.7791353736877
2005-12-27,408.78633107299805
2005-12-28,415.49158485412596
2005-12-29,415.40923285217286
2005-12-30,416.26093077697755
2006-01-04,430.141653842926
2006-01-05,422.2686532310486
2006-01-06,433.3216458465576
2006-01-09,440.4308876914978
2006-01-10,435.77767107009885
2006-01-11,439.958936151123
2006-01-12,439.1684574623108
2006-01-13,447.3897009178162
2006-01-16,447.3897009178162
2006-01-17,445.8155624588013
2006-01-18,436.2637925376892
2006-01-19,448.5390342311859
2006-01-20,444.8899261489868
2006-01-23,449.7571686916352
2006-01-24,449.3231213092804
2006-01-25,452.6568150787354
2006-02-06,456.9363298339843
2006-02-07,439.89034770660396
2006-02-08,441.62824974823
2006-02-09,452.57484645843505
2006-02-10,441.14717137146
2006-02-13,432.2955938232422
2006-02-14,438.51918650779726
2006-02-15,432.66584249153135
2006-02-16,438.85329168472293
2006-02-17,442.3895206306458
2006-02-20,442.3895206306458
2006-02-21,443.63331140327455
2006-02-22,445.47039922828674
2006-02-23,439.7263230880738
2006-02-24,447.52364309082037
2006-02-27,444.0792498168945
2006-02-28,450.88690254592893
2006-03-01,450.98788773345944
2006-03-02,456.155569493866
2006-03-03,452.3786301879883
2006-03-06,443.94978232040404
2006-03-07,441.9353811359406
2006-03-08,434.32898182373043
2006-03-09,436.5235335083008
2006-03-10,433.28845073852546
2006-03-13,437.22266605567927
2006-03-14,441.55534240455626
2006-03-15,443.0214794151306
2006-03-16,444.8505912265778
2006-03-17,442.5364234245301
2006-03-20,442.73923530578617
2006-03-21,440.1313906982422
2006-03-22,439.67535
2006-03-23,439.09878612442014
2006-03-24,447.5629906448364
2006-03-27,452.50155010223386
2006-03-28,449.6684830154419
2006-03-29,458.1579575500489
2006-03-30,470.38218775176995
2006-03-31,465.77025776748656
2006-04-03,468.9878797912598
2006-04-04,467.7716166839599
2006-04-05,469.9604547775268
2006-04-06,474.8209342224121
2006-04-07,469.48167122268677
2006-04-10,477.0383877868652
2006-04-11,472.34553156471253
2006-04-12,476.12344744491577
2006-04-13,477.47560000000004
2006-04-14,477.04125
2006-04-17,489.68522322311406
2006-04-18,495.6658877716064
2006-04-19,510.81600000000003
2006-04-20,488.3505526657104
2006-04-21,506.64280611610417
2006-04-24,494.204907231903
2006-04-25,502.86779022216797
2006-04-26,510.237507231903
2006-04-27,504.9706726570129
2006-04-28,521.7939556427002
2006-05-08,540.9529004516602
2006-05-09,557.732658442688
2006-05-10,563.2651940185547
2006-05-11,568.5099042297363
2006-05-12,569.3582939880371
2006-05-15,539.4822593078613
2006-05-16,548.9143098831178
2006-05-17,545.3363122100831
2006-05-18,540.3208626670837
2006-05-19,525.7876646804809
2006-05-22,524.0651744918823
2006-05-23,532.5999079627991
2006-05-24,513.6010304260254
2006-05-25,519.1204255142212
2006-05-26,522.3949377555847
2006-05-29,522.3949377555847
2006-05-30,522.833304901123
2006-05-31,515.2209719276428
2006-06-01,501.63111501159665
2006-06-02,509.42875000000004
2006-06-05,506.6807603294372
2006-06-06,501.15059388732914
2006-06-07,499.30497821350093
2006-06-08,487.79164277801516
2006-06-09,484.2649561119079
2006-06-12,481.14044021606446
2006-06-13,447.55011334533685
2006-06-14,444.8765614566803
2006-06-15,458.5026775588989
2006-06-16,461.4111624412537
2006-06-19,451.07726488494876
2006-06-20,458.45156389579773
2006-06-21,466.45919164276125
2006-06-22,461.62639533958435
2006-06-23,463.90261642723084
2006-06-26,466.21085023498534
2006-06-27,461.3246424407959
2006-06-28,460.14738732147214
2006-06-29,475.89216366004945
2006-06-30,489.4909853404999
2006-07-03,496.9674344390869
2006-07-04,496.9674344390869
2006-07-05,499.71875
2006-07-06,503.8133936595917
2006-07-07,500.6391765380859
2006-07-10,495.58941965789796
2006-07-11,509.91210197410584
2006-07-12,518.658849371338
2006-07-13,523.7379693832397
2006-07-14,526.5102477996826
2006-07-17,511.4081561012268
2006-07-18,503.3006522094727
2006-07-19,512.3552442321777
2006-07-20,499.8071793167114
2006-07-21,493.0443796852112
2006-07-24,488.2090091262817
2006-07-25,491.61215390625
2006-07-26,495.06379999999996
2006-07-27,501.5646121673584
2006-07-28,503.56731687011717
2006-07-31,503.32203878402714
2006-08-01,512.8233575668335
2006-08-02,516.187
2006-08-03,511.34419790344236
2006-08-04,512.8451142608643
2006-08-07,513.936
2006-08-08,509.9176737304687
2006-08-09,515.3919130973816
2006-08-10,504.03925000000004
2006-08-11,499.95546770095825
2006-08-14,497.5518
2006-08-15,496.0799865722656
2006-08-16,498.83893639869694
2006-08-17,486.31754527282715
2006-08-18,486.70855130004884
2006-08-21,497.6343010551453
2006-08-22,494.3089089221955
2006-08-23,492.7727485931397
2006-08-24,492.11045
2006-08-25,492.2451336479187
2006-08-28,486.2066
2006-08-29,485.1737990665436
2006-08-30,488.84176542663573
2006-08-31,495.4422092819214
2006-09-01,494.2180571456909
2006-09-04,494.2180571456909
2006-09-05,503.6803248519897
2006-09-06,499.54842485046385
2006-09-07,486.380125
2006-09-08,481.9970351486206
2006-09-11,465.33825
2006-09-12,463.43404557495114
2006-09-13,465.97037150955197
2006-09-14,454.44316708755497
2006-09-15,455.92247211990355
2006-09-18,462.724691362381
2006-09-19,451.7000294692993
2006-09-20,453.8656506958008
2006-09-21,459.2421660461426
2006-09-22,463.29075
2006-09-25,463.3902
2006-09-26,464.83900328254697
2006-09-27,472.6126498516083
2006-09-28,472.1317422294616
2006-09-29,470.0508896484375
2006-10-09,452.10880603027346
2006-10-10,450.87
2006-10-11,450.3075924560547
2006-10-12,454.99312028388977
2006-10-13,462.70299758911136
2006-10-16,468.1530255126953
2006-10-17,463.810077066803
2006-10-18,463.2476952064514
2006-10-19,469.9449807929993
2006-10-20,464.52657435302734
2006-10-23,456.1942427433014
2006-10-24,459.67677653045655
2006-10-25,464.2627467384338
2006-10-26,468.0886282279968
2006-10-27,468.5828520370484
2006-10-30,471.58073201293945
2006-10-31,474.60085322380064
2006-11-01,482.9891088043213
2006-11-02,487.4342255859375
2006-11-03,490.3944439945221
2006-11-06,487.38374519348145
2006-11-07,488.37888720703126
2006-11-08,480.63626580047605
2006-11-09,495.0702810001373
2006-11-10,491.39012819862364
2006-11-13,489.0745872001648
2006-11-14,484.6583283996582
2006-11-15,486.5385692005158
2006-11-16,482.58941380958555
2006-11-17,486.31361639099117
2006-11-20,486.09284160232545
2006-11-21,489.95904460182186
2006-11-22,492.06875
2006-11-23,492.06875
2006-11-24,498.57025
2006-11-27,499.57362598342894
2006-11-28,498.6430776062012
2006-11-29,494.56174680519104
2006-11-30,504.43125521850584
2006-12-01,502.38022151947024
2006-12-04,501.89290949859617
2006-12-05,499.10268774147033
2006-12-06,490.38624525756836
2006-12-07,490.7116944190979
2006-12-08,485.4481690311432
2006-12-11,490.1733776092529
2006-12-12,489.42531958351134
2006-12-13,488.99971641731264
2006-12-14,485.95853964424134
2006-12-15,477.41650000000004
2006-12-18,477.2839751586914
2006-12-19,483.54173403053284
2006-12-20,481.609587651825
2006-12-21,479.74608834838864
2006-12-22,481.8132569252014
2006-12-25,481.8132569252014
2006-12-26,484.6773984203338
2006-12-27,486.6537395477295
2006-12-28,491.3496519195557
2006-12-29,493.29715385513305
2007-01-04,481.4248619155884
2007-01-05,469.6087847091675
2007-01-08,472.5120924236298
2007-01-09,474.9646630897522
2007-01-10,473.05642619133
2007-01-11,472.58054332542423
2007-01-12,484.82651372070313
2007-01-15,484.82651372070313
2007-01-16,482.74630950927735
2007-01-17,487.03852325439453
2007-01-18,483.7913169574738
2007-01-19,489.8376
2007-01-22,487.70445749206544
2007-01-23,499.42681410217284
2007-01-24,499.8762792282105
2007-01-25,497.7782110290527
2007-01-26,498.908901763916
2007-01-29,495.68421355819703
2007-01-30,499.3105094909668
2007-01-31,503.8198762298584
2007-02-01,505.94415946960453
2007-02-02,498.5235305328369
2007-02-05,499.05844305419924
2007-02-06,502.54364210128784
2007-02-07,500.71444072113036
2007-02-08,507.67514198913574
2007-02-09,512.271333279419
2007-02-12,509.40217579650874
2007-02-13,511.1290595703125
2007-02-14,514.7989263038635
2007-02-15,514.9763733978272
2007-02-16,513.798940725708
2007-02-26,527.7749881744385
2007-02-27,506.37808435058594
2007-02-28,514.6217059860229
2007-03-01,509.67716763687133
2007-03-02,493.40208790969854
2007-03-05,487.17259736251833
2007-03-06,496.8610068183899
2007-03-07,497.87492362976076
2007-03-08,499.07522598266604
2007-03-09,497.58412500000003
2007-03-12,498.5714192733765
2007-03-13,493.25652944946285
2007-03-14,494.7037693748474
2007-03-15,495.39713645553593
2007-03-16,499.38338122558594
2007-03-19,500.7962534751892
2007-03-20,504.66761404418946
2007-03-21,509.11769763946535
2007-03-22,508.2327525100708
2007-03-23,503.5443617935181
2007-03-26,509.5752356567383
2007-03-27,508.0843563995361
2007-03-28,510.68541359558105
2007-03-29,507.3432117919922
2007-03-30,507.7231515014649
2007-04-02,508.9941482055664
2007-04-03,508.6486751480103
2007-04-04,516.7419261169433
2007-04-05,516.4935047149658
2007-04-06,516.4801327148438
2007-04-09,514.2103605651855
2007-04-10,519.1736923095704
2007-04-11,518.6424501571655
2007-04-12,517.4307434997559
2007-04-13,523.8740197204589
2007-04-16,528.61573179245
2007-04-17,525.5584
2007-04-18,527.9482827941895
2007-04-19,520.8251155853271
2007-04-20,530.0204764556885
2007-04-23,527.513296508789
2007-04-24,523.8577109642029
2007-04-25,524.1311622879028
2007-04-26,516.9051212310791
2007-04-27,521.1510651672363
2007-04-30,517.1967817687988
2007-05-08,522.3433668647766
2007-05-09,518.9670215194702
2007-05-10,507.7776
2007-05-11,510.56855155181887
2007-05-14,508.4935226348877
2007-05-15,511.9454590438843
2007-05-16,504.00478827667234
2007-05-17,499.20536126708987
2007-05-18,502.1190462738037
2007-05-21,503.3999379638672
2007-05-22,499.17117663574214
2007-05-23,501.3154670028687
2007-05-24,495.499375
2007-05-25,496.9663566833496
2007-05-28,496.9663566833496
2007-05-29,497.876595664978
2007-05-30,494.8685453338623
2007-05-31,501.485871005249
2007-06-01,508.15307067260744
2007-06-04,509.0509690040588
2007-06-05,507.0469099830628
2007-06-06,507.21968497009277
2007-06-07,499.4021663475037
2007-06-08,492.3490613586426
2007-06-11,496.1195765991211
2007-06-12,490.0829483337402
2007-06-13,492.8156006774902
2007-06-14,493.67318833923343
2007-06-15,494.4488133659363
2007-06-18,494.8735117477417
2007-06-19,498.7939255714416
2007-06-20,492.9607730255127
2007-06-21,491.99882939453124
2007-06-22,493.7531506958008
2007-06-25,490.8728433250427
2007-06-26,484.64442786331176
2007-06-27,485.2290560455323
2007-06-28,489.6483642776489
2007-06-29,489.2232144470215
2007-07-02,494.5095844688416
2007-07-03,491.6873357757569
2007-07-04,491.6873357757569
2007-07-05,489.59198608398435
2007-07-06,493.69599304199215
2007-07-09,497.24756911087036
2007-07-10,497.68465962982174
2007-07-11,495.1190584716797
2007-07-12,499.7053545913696
2007-07-13,499.9131207580566
2007-07-16,497.99411769104
2007-07-17,497.405325
2007-07-18,504.01363077926635
2007-07-19,506.46159614562987
2007-07-20,511.76307986602785
2007-07-23,510.42405323486327
2007-07-24,510.4780292358398
2007-07-25,505.73725153503415
2007-07-26,496.83921154785156
2007-07-27,494.76126770019533
2007-07-30,497.8788745880127
2007-07-31,498.1618869323731
2007-08-01,498.89231230926515
2007-08-02,499.00473237762446
2007-08-03,504.6432484741211
2007-08-06,502.94439061889653
2007-08-07,503.25362541198734
2007-08-08,505.7693705718994
2007-08-09,495.28999107284545
2007-08-10,503.9215836898804
2007-08-13,502.48272620010374
2007-08-14,502.34562693786626
2007-08-15,501.5960291671753
2007-08-16,492.73871032485965
2007-08-17,493.81597622680664
2007-08-20,493.9352208328247
2007-08-21,494.14157768249515
2007-08-22,496.6279915870667
2007-08-23,495.48735847778323
2007-08-24,500.2543746185303
2007-08-27,498.8352173797607
2007-08-28,495.4340373382568
2007-08-29,498.76242769622803
2007-08-30,496.2636230163574
2007-08-31,501.9731986679077
2007-09-03,501.9731986679077
2007-09-04,509.2394584350586
2007-09-05,510.3482215576172
2007-09-06,518.7223845977784
2007-09-07,522.9924253997802
2007-09-10,523.7860906639099
2007-09-11,530.4514147491456
2007-09-12,529.9296531143189
2007-09-13,526.3708937530517
2007-09-14,526.1148139419556
2007-09-17,533.6234391784668
2007-09-18,539.3273770446777
2007-09-19,536.6893072929382
2007-09-20,545.7999691619873
2007-09-21,542.5499725341797
2007-09-24,542.6420908355714
2007-09-25,543.4876337585449
2007-09-26,541.152
2007-09-27,546.2314270706177
2007-09-28,550.7957440063476
2007-10-08,544.6857848327637
2007-10-09,548.8693274993897
2007-10-10,550.7502045822143
2007-10-11,554.9163074951172
2007-10-12,560.0962825012207
2007-10-15,564.5268154144287
2007-10-16,564.2714126312255
2007-10-17,559.9122
2007-10-18,571.1248
2007-10-19,568.3555770874024
2007-10-22,560.0594885444641
2007-10-23,564.3754851837158
2007-10-24,565.833574848175
2007-10-25,568.7043908691406
2007-10-26,582.4885623046875
2007-10-29,583.7751565246582
2007-10-30,577.9591885986329
2007-10-31,587.1499045120239
2007-11-01,581.217528276062
2007-11-02,595.3721536560058
2007-11-05,594.53625
2007-11-06,606.7756472740174
2007-11-07,612.0300641021729
2007-11-08,610.2370779121399
2007-11-09,609.6934222640991
2007-11-12,580.9077226409912
2007-11-13,587.6954684013367
2007-11-14,596.0789909362793
2007-11-15,578.7787273406982
2007-11-16,577.2937499999999
2007-11-19,573.9935961250305
2007-11-20,589.866084060669
2007-11-21,588.5337645263672
2007-11-22,588.5337645263672
2007-11-23,601.891875
2007-11-26,601.3761225738525
2007-11-27,591.6586387290954
2007-11-28,588.0620827445985
2007-11-29,577.7063909912109
2007-11-30,571.0081977462769
2007-12-03,579.3502709655761
2007-12-04,587.9570112991333
2007-12-05,581.0756797027587
2007-12-06,588.290460357666
2007-12-07,582.190188697815
2007-12-10,591.1999999999999
2007-12-11,581.7603329772949
2007-12-12,593.5332442474365
2007-12-13,578.545
2007-12-14,579.0849752426147
2007-12-17,576.6384447288513
2007-12-18,584.397425
2007-12-19,584.1414162521363
2007-12-20,579.5540095108032
2007-12-21,590.1767887573243
2007-12-24,588.828645515442
2007-12-25,588.828645515442
2007-12-26,598.7643753433227
2007-12-27,596.0323061584472
2007-12-28,606.232
2008-01-02,619.0197604522705
2008-01-03,622.5645327796936
2008-01-04,618.8525150337219
2008-01-07,616.3202605934143
2008-01-08,630.6302511291505
2008-01-09,628.5693971633912
2008-01-10,641.5775
2008-01-11,643.2236832962036
2008-01-14,649.3978106399536
2008-01-15,636.5636395454407
2008-01-16,627.7079779052734
2008-01-17,624.91925
2008-01-18,633.1305947387696
2008-01-21,633.1305947387696
2008-01-22,638.8445387329101
2008-01-23,636.3235955810547
2008-01-24,650.6298372253418
2008-01-25,651.1984720077514
2008-01-28,660.14125
2008-01-29,655.9609859809876
2008-01-30,662.0218544433594
2008-01-31,656.4165309585571
2008-02-01,641.935064037323
2008-02-04,640.7626390266418
2008-02-05,629.8492821922302
2008-02-13,643.7265295715332
2008-02-14,644.8354734191894
2008-02-15,639.9187109527588
2008-02-18,639.9187109527588
2008-02-19,654.6596430892945
2008-02-20,665.9666847419738
2008-02-21,665.758375
2008-02-22,666.8045956420898
2008-02-25,663.2950127212524
2008-02-26,670.7761734466553
2008-02-27,676.7291912841797
2008-02-28,682.4888848114014
2008-02-29,683.9840721702576
2008-03-03,690.7443248252869
2008-03-04,676.3490821685791
2008-03-05,694.5449086761474
2008-03-06,685.71935
2008-03-07,683.2959639587402
2008-03-10,681.2522395172119
2008-03-11,681.7881578269958
2008-03-12,688.8680251693726
2008-03-13,697.2305740356445
2008-03-14,699.7551835098267
2008-03-17,702.4210970306397
2008-03-18,683.1717500000001
2008-03-19,657.4206464691162
2008-03-20,634.0453458251952
2008-03-21,634.0003908233642
2008-03-24,635.6554892349243
2008-03-25,653.1901436462402
2008-03-26,659.3202214508057
2008-03-27,655.2013235816956
2008-03-28,644.2625407409668
2008-03-31,633.9549456787109
2008-04-01,609.027580279541
2008-04-02,626.5414714393617
2008-04-03,627.2812871551513
2008-04-07,638.2811571807862
2008-04-08,632.522269317627
2008-04-09,646.1868994102477
2008-04-10,641.5640465316773
2008-04-11,639.6478213806153
2008-04-14,637.6788942718506
2008-04-15,641.115895614624
2008-04-16,652.1438165283203
2008-04-17,646.4390229492187
2008-04-18,634.929049243927
2008-04-21,631.7139
2008-04-22,630.8970065383911
2008-04-23,623.6031985321044
2008-04-24,610.1475185394287
2008-04-25,611.719041469574
2008-04-28,614.0053970947265
2008-04-29,599.339927947998
2008-04-30,605.423560661316
2008-05-05,602.2939815635681
2008-05-06,605.1971608123779
2008-05-07,599.5385178680419
2008-05-08,610.6799850463867
2008-05-09,610.8559792053222
2008-05-12,607.8948040718079
2008-05-13,596.7821667343139
2008-05-14,596.314778640747
2008-05-15,608.5041
2008-05-16,622.6307893371583
2008-05-19,623.0482957458496
2008-05-20,633.8002606391907
2008-05-21,639.9680256286621
2008-05-22,631.583183303833
2008-05-23,633.2456993011475
2008-05-26,633.2456993011475
2008-05-27,620.6052042388916
2008-05-28,618.7029077636719
2008-05-29,600.1804418205262
2008-05-30,606.9029788208009
2008-06-02,609.7826936531067
2008-06-03,602.4345889549255
2008-06-04,603.3699556251526
2008-06-05,600.4816788024903
2008-06-06,616.5623630981445
2008-06-10,592.4166611328126
2008-06-11,601.2646668052673
2008-06-12,591.2391894607543
2008-06-13,592.604664642334
2008-06-16,599.5946257209778
2008-06-17,601.62365
2008-06-18,607.551779598999
2008-06-19,608.0643274078369
2008-06-20,611.9403990051269
2008-06-23,598.6566348266601
2008-06-24,600.9101613861085
2008-06-25,600.1645134292603
2008-06-26,621.8564341888429
2008-06-27,627.6488543762207
2008-06-30,626.921750466156
2008-07-01,635.7217531250001
2008-07-02,638.6058014495849
2008-07-03,630.8779572692871
2008-07-04,630.8779572692871
2008-07-07,625.5367640174866
2008-07-08,622.4818641815185
2008-07-09,627.9828
2008-07-10,640.0257816467285
2008-07-11,650.3044330261231
2008-07-14,656.5039750671386
2008-07-15,655.9851745101929
2008-07-16,643.1741926269531
2008-07-17,642.4767663238525
2008-07-18,641.9380435180664
2008-07-21,649.3937707511901
2008-07-22,635.1158713378906
2008-07-23,618.4029009162903
2008-07-24,623.7108485046386
2008-07-25,625.2249576477051
2008-07-28,626.8094589385986
2008-07-29,618.4035510009766
2008-07-30,611.170921081543
2008-07-31,616.0391165222168
2008-08-01,612.8648089118957
2008-08-04,603.5033898208618
2008-08-05,589.6566205429077
2008-08-06,593.3280438201905
2008-08-07,590.1899698944092
2008-08-08,579.2235740936279
2008-08-11,556.3651821647644
2008-08-12,552.8422449516296
2008-08-13,559.509739251709
2008-08-14,544.3409895324708
2008-08-15,532.922168144989
2008-08-18,541.395420967102
2008-08-19,551.7417590934754
2008-08-20,548.6431572692871
2008-08-21,562.9731708755493
2008-08-22,554.0439765121461
2008-08-25,554.2086420898437
2008-08-26,550.7394227600098
2008-08-27,553.8175241546631
2008-08-28,562.1522920875549
2008-08-29,557.6870857513428
2008-09-01,557.6870857513428
2008-09-02,540.2627791824341
2008-09-03,539.8363768234253
2008-09-04,537.0498858184815
2008-09-05,540.2232229614258
2008-09-08,539.702072177124
2008-09-09,523.0462543922424
2008-09-10,507.29370834350584
2008-09-11,500.3422325363159
2008-09-12,512.3045706939697
2008-09-16,525.1744952613831
2008-09-17,583.6063337478638
2008-09-18,566.145020866394
2008-09-19,587.7163129463196
2008-09-22,609.1529100845337
2008-09-23,601.5828459213257
2008-09-24,591.6483367530823
2008-09-25,589.1567292022705
2008-09-26,592.8861798233032
2008-10-06,576.6437516479492
2008-10-07,594.928294115448
2008-10-08,609.5850695175171
2008-10-09,613.1359904067994
2008-10-10,568.8669623443603
2008-10-13,560.4590283973694
2008-10-14,561.7465591445923
2008-10-15,569.4238333129882
2008-10-16,541.8044342559814
2008-10-17,527.5913657440185
2008-10-20,536.14715
2008-10-21,519.5662026580811
2008-10-22,490.0733047431946
2008-10-23,482.92102042999267
2008-10-24,494.1474657348633
2008-10-27,494.58458009109495
2008-10-28,504.61292126083373
2008-10-29,506.086
2008-10-30,497.39456173706054
2008-10-31,487.87996695556643
2008-11-03,486.13201956710816
2008-11-04,515.9813029479981
2008-11-05,497.1148208389282
2008-11-06,492.86539833068844
2008-11-07,494.84875
2008-11-10,502.308598500061
2008-11-11,491.86375583343505
2008-11-12,478.051
2008-11-13,492.71957542037967
2008-11-14,500.1699008239746
2008-11-17,495.93797041625976
2008-11-18,494.8010035774231
2008-11-19,493.499684589386
2008-11-20,501.9572791442871
2008-11-21,538.5612595779419
2008-11-24,552.2026839935303
2008-11-25,551.6951587371826
2008-11-26,548.8506972457885
2008-11-27,548.8506972457885
2008-11-28,548.1478573364258
2008-12-01,520.7897405044556
2008-12-02,529.3082490081787
2008-12-03,523.7070300979615
2008-12-04,519.56835
2008-12-05,512.7870009002685
2008-12-08,524.0273790130615
2008-12-09,524.6161025848389
2008-12-10,547.404
2008-12-11,552.5573554542542
2008-12-12,552.9020032958985
2008-12-15,565.6447895507812
2008-12-16,578.1118017333985
2008-12-17,583.9140520858765
2008-12-18,573.1759857704163
2008-12-19,565.5197012023926
2008-12-22,571.7844537277222
2008-12-23,565.8502211914063
2008-12-24,570.4908237419128
2008-12-25,570.4908237419128
2008-12-26,585.5810295616151
2008-12-29,591.0398345558166
2008-12-30,586.65406042099
2008-12-31,590.2826770973205
2009-01-05,576.9984229278565
2009-01-06,581.9486612243653
2009-01-07,565.43075
2009-01-08,577.216525743103
2009-01-09,573.5931874847412
2009-01-12,552.0915266036988
2009-01-13,552.7419892295837
2009-01-14,545.3407192573547
2009-01-15,549.5701528274536
2009-01-16,565.4799927406311
2009-01-19,565.4799927406311
2009-01-20,578.1421330375672
2009-01-21,575.518690435791
2009-01-22,578.2734725189209
2009-01-23,605.4743676513672
2009-02-02,608.2874549255372
2009-02-03,605.1259613494873
2009-02-04,609.4115320854187
2009-02-05,616.0152787742614
2009-02-06,612.240116973877
2009-02-09,604.0381419128418
2009-02-10,615.6020547523498
2009-02-11,630.6360342559814
2009-02-12,636.7703524856568
2009-02-13,632.967980871582
2009-02-16,632.967980871582
2009-02-17,652.4484541397095
2009-02-18,662.6512230407715
2009-02-19,654.5687730560303
2009-02-20,668.6292808639527
2009-02-23,668.0334379463195
2009-02-24,647.6500869506837
2009-02-25,636.8572454322815
2009-02-26,636.1674493103027
2009-02-27,633.5428662147522
2009-03-02,622.306736088562
2009-03-03,615.9906582633972
2009-03-04,608.9763533813477
2009-03-05,629.2667793869019
2009-03-06,631.2174612617492
2009-03-09,619.4806839126587
2009-03-10,602.965735824585
2009-03-11,610.2558863494874
2009-03-12,622.9691195655823
2009-03-13,624.3094208679199
2009-03-16,620.8995008682251
2009-03-17,615.5944822593689
2009-03-18,636.2421979705811
2009-03-19,643.8443895874024
2009-03-20,639.0044179962158
2009-03-23,629.2286925125122
2009-03-24,621.1339091583252
2009-03-25,628.2602149291993
2009-03-26,628.065762084961
2009-03-27,619.5034066772462
2009-03-30,615.103302947998
2009-03-31,616.8742036590577
2009-04-01,622.0899086578369
2009-04-02,606.8592208557128
2009-04-03,598.6163119720459
2009-04-07,592.9632993965149
2009-04-08,591.9793541717529
2009-04-09,589.8425233154296
2009-04-10,589.7821063171388
2009-04-13,600.6334172279358
2009-04-14,596.9118587646484
2009-04-15,597.8087499999999
2009-04-16,586.2195793212891
2009-04-17,582.265658340454
2009-04-20,594.1380241470337
2009-04-21,593.0590018341064
2009-04-22,596.7704292419434
2009-04-23,606.1932208328247
2009-04-24,612.3390083312988
2009-04-27,607.6712845840455
2009-04-28,599.03415
2009-04-29,602.7904314956666
2009-04-30,595.0068371124268
2009-05-04,604.7286678359985
2009-05-05,601.732625
2009-05-06,610.4479102416992
2009-05-07,610.1149766540527
2009-05-08,613.6636228942872
2009-05-11,611.9548866577148
2009-05-12,618.66467918396
2009-05-13,621.4159550170898
2009-05-14,621.2615356689453
2009-05-15,624.5998958206177
2009-05-18,616.842544166565
2009-05-19,620.7565137519836
2009-05-20,629.5878
2009-05-21,640.4793145866394
2009-05-22,642.357215410614
2009-05-25,642.357215410614
2009-05-26,640.6245905960084
2009-05-27,638.0018191650391
2009-06-01,653.4912949157714
2009-06-02,658.1869841690063
2009-06-03,644.7259150085449
2009-06-04,657.5492359382629
2009-06-05,640.3110527442933
2009-06-08,639.6790593078614
2009-06-09,641.3562115158081
2009-06-10,641.3453841705323
2009-06-11,640.5144391387939
2009-06-12,630.000371484375
2009-06-15,622.7686995689393
2009-06-16,628.2312360855103
2009-06-17,631.3415295684815
2009-06-18,626.0993881713866
2009-06-19,628.2284104309082
2009-06-22,618.7503662567138
2009-06-23,621.4018194854737
2009-06-24,624.6674941543579
2009-06-25,630.8834473144531
2009-06-26,630.6175762557983
2009-06-29,628.9461422561645
2009-06-30,622.7776380844116
2009-07-01,631.3101048294068
2009-07-02,623.347
2009-07-03,623.42
2009-07-06,620.2720065994263
2009-07-07,619.7851397445679
2009-07-08,609.9193980644226
2009-07-09,611.5054815940856
2009-07-10,612.0553625106811
2009-07-13,616.2322106811523
2009-07-14,620.5047133178712
2009-07-15,630.1375454063416
2009-07-16,628.3154029312134
2009-07-17,627.9646390846252
2009-07-20,637.1303756622315
2009-07-21,636.0778812408447
2009-07-22,638.2419366760254
2009-07-23,637.040422592163
2009-07-24,638.1117580169678
2009-07-27,640.1517457458496
2009-07-28,629.1849921691894
2009-07-29,623.0236591522217
2009-07-30,625.9570207649231
2009-07-31,637.7578545753479
2009-08-03,641.2072147613526
2009-08-04,646.6833380844116
2009-08-05,647.4137376617432
2009-08-06,646.231509576416
2009-08-07,640.4625
2009-08-10,635.0929150856018
2009-08-11,634.2103772575379
2009-08-12,635.3039341415406
2009-08-13,640.4450003417968
2009-08-14,635.5713000000001
2009-08-17,626.2276421722412
2009-08-18,629.1104053161621
2009-08-19,632.3500116577148
2009-08-20,630.3609360664367
2009-08-21,639.7512554237366
2009-08-24,630.7560469848632
2009-08-25,633.7177825942994
2009-08-26,633.8392172538757
2009-08-27,636.6368206787109
2009-08-28,641.1321187591553
2009-08-31,637.9126704216004
2009-09-01,641.29006042099
2009-09-02,657.0065736755371
2009-09-03,665.6323017471314
2009-09-04,666.0616206634521
2009-09-07,666.0616206634521
2009-09-08,665.154612083435
2009-09-09,662.92050050354
2009-09-10,667.2030491592408
2009-09-11,674.4698316650391
2009-09-14,668.8904657485962
2009-09-15,675.3782204200745
2009-09-16,681.8558019927979
2009-09-17,678.114683001709
2009-09-18,673.6200774993896
2009-09-21,671.6709361679077
2009-09-22,680.4271434997559
2009-09-23,674.5542944976806
2009-09-24,665.9055858322143
2009-09-25,662.2481
2009-09-28,662.5118458328247
2009-09-29,665.1838410835267
2009-09-30,674.7698595840454
2009-10-09,701.862407006836
2009-10-12,706.7762713378906
2009-10-13,711.7204785827636
2009-10-14,711.1431000831604
2009-10-15,702.2252241668701
2009-10-16,704.3685900833129
2009-10-19,711.5365409164428
2009-10-20,705.8828555023193
2009-10-21,708.322
2009-10-22,709.6384914962769
2009-10-23,706.6297054138184
2009-10-26,695.4797121673583
2009-10-27,695.5540095794678
2009-10-28,687.6837329177856
2009-10-29,701.0543776672364
2009-10-30,699.9107836669922
2009-11-02,709.6458391662599
2009-11-03,726.8875817489624
2009-11-04,731.1181395835877
2009-11-05,730.34178491745
2009-11-06,733.381640083313
2009-11-09,738.5157756652833
2009-11-10,739.8159408340454
2009-11-11,748.0747895851135
2009-11-12,738.7172007499695
2009-11-13,749.0852254180908
2009-11-16,762.019850251007
2009-11-17,764.3072283325195
2009-11-18,766.319525
2009-11-19,766.8181108383178
2009-11-20,771.1204546691895
2009-11-23,780.6007062530517
2009-11-24,783.5141389251709
2009-11-25,796.1880827514649
2009-11-26,796.1880827514649
2009-11-27,785.5376153320312
2009-11-30,789.4164558334351
2009-12-01,801.3532412490845
2009-12-02,813.5226820831299
2009-12-03,810.3530091659546
2009-12-04,776.468875
2009-12-07,772.4055721679688
2009-12-08,757.5111041641235
2009-12-09,756.7600749969482
2009-12-10,756.501645916748
2009-12-11,746.3167059165954
2009-12-14,752.7297294136048
2009-12-15,752.4036637496948
2009-12-16,761.9253359954834
2009-12-17,732.9818989929199
2009-12-18,743.9105791625977
2009-12-21,730.297359161377
2009-12-22,724.981832496643
2009-12-23,727.5447308380127
2009-12-24,739.7845601669311
2009-12-25,739.7845601669311
2009-12-28,741.3856658432007
2009-12-29,733.9018913360595
2009-12-30,729.7330940826416
2009-12-31,732.487312335205
2010-01-04,749.6375608352662
2010-01-05,748.7902391693116
2010-01-06,761.3010865844727
2010-01-07,756.6789579162598
2010-01-08,760.3675567520141
2010-01-11,770.3479445838929
2010-01-12,754.2820684165954
2010-01-13,761.7624362525941
2010-01-14,764.7727866668702
2010-01-15,756.8301381668091
2010-01-18,756.8301381668091
2010-01-19,761.3247130828858
2010-01-20,743.6026686645508
2010-01-21,732.9935347503663
2010-01-22,731.6495774993897
2010-01-25,733.7444869171143
2010-01-26,734.2368113342285
2010-01-27,727.258995666504
2010-01-28,726.9070389167786
2010-01-29,723.367721749878
2010-02-01,739.5970895843506
2010-02-02,745.0304912490844
2010-02-03,741.9861791687011
2010-02-04,712.6383787536621
2010-02-05,714.7027020835876
2010-02-08,710.2290662498474
2010-02-09,719.602472000122
2010-02-10,717.7593787536622
2010-02-11,731.9978452331543
2010-02-12,731.3615102554321
2010-02-22,744.555445916748
2010-02-23,736.532658833313
2010-02-24,732.9359881668091
2010-02-25,739.3998603332519
2010-02-26,746.9472960830689
2010-03-01,747.0020110832214
2010-03-02,757.8780070838928
2010-03-03,761.9640352523804
2010-03-04,756.5034264984131
2010-03-05,756.3890433349609
2010-03-08,750.0518492515564
2010-03-09,748.9816443328857
2010-03-10,740.4053813323975
2010-03-11,741.368749583435
2010-03-12,736.8019091705322
2010-03-15,739.6545281661987
2010-03-16,753.5572904151917
2010-03-17,748.0503560028076
2010-03-18,753.1918490020752
2010-03-19,739.1734116668702
2010-03-22,735.56615
2010-03-23,739.4248139167786
2010-03-24,725.6676008331299
2010-03-25,728.9870516662597
2010-03-26,741.3330459991455
2010-03-29,742.371
2010-03-30,736.9816343322753
2010-03-31,743.6708891693115
2010-04-01,752.66785258255
2010-04-02,752.5796445808411
2010-04-06,757.7797416687011
2010-04-07,767.7892314193725
2010-04-08,768.7236104125976
2010-04-09,775.3543518356323
2010-04-12,771.3158665802001
2010-04-13,769.1656116638184
2010-04-14,771.5201656677247
2010-04-15,775.7749104156494
2010-04-16,759.2463574195863
2010-04-19,758.7321404159546
2010-04-20,760.7479317512513
2010-04-21,766.7965083312988
2010-04-22,763.4533670013427
2010-04-23,772.7481466674805
2010-04-26,769.69915
2010-04-27,782.4185092529297
2010-04-28,780.108578338623
2010-04-29,780.0638436676026
2010-04-30,787.2973961654664
2010-05-04,784.1026387481689
2010-05-05,785.6388420013427
2010-05-06,808.8719704170227
2010-05-07,807.2400350875855
2010-05-10,802.5680889167785
2010-05-11,823.9268350067139
2010-05-12,828.7978104171752
2010-05-13,823.1595513305664
2010-05-14,821.6817497489928
2010-05-17,814.9184681671143
2010-05-18,815.7940624153138
2010-05-19,796.2213282493592
2010-05-20,790.9207429962158
2010-05-21,786.5147723327636
2010-05-24,797.8535989929198
2010-05-25,801.6861641693116
2010-05-26,809.0553323364257
2010-05-27,810.6052406738281
2010-05-28,812.0098212394714
2010-05-31,812.0098212394714
2010-06-01,818.6855500030517
2010-06-02,818.049479663086
2010-06-03,805.4662617485046
2010-06-04,813.6863086669922
2010-06-07,830.0439634048462
2010-06-08,826.3574
2010-06-09,823.2439433288574
2010-06-10,812.6245933380127
2010-06-11,819.9083345947265
2010-06-17,832.455110420227
2010-06-18,838.523573500061
2010-06-21,818.2667478515625
2010-06-22,827.4023942092896
2010-06-23,823.9597592102051
2010-06-24,824.8521507522582
2010-06-25,833.6754505073548
2010-06-28,822.9276151123047
2010-06-29,824.3570561805725
2010-06-30,825.1729220695496
2010-07-01,793.6131342079163
2010-07-02,802.2839265357971
2010-07-05,802.2839265357971
2010-07-06,789.9494654838562
2010-07-07,797.856232749939
2010-07-08,794.250116796112
2010-07-09,801.5339241333008
2010-07-12,794.4973812042236
2010-07-13,801.5339241333008
2010-07-14,801.0566406646728
2010-07-15,801.2920247512817
2010-07-16,790.4392375946045
2010-07-19,784.4179627532958
2010-07-20,790.6653753425599
2010-07-21,785.1038546592713
2010-07-22,792.2523741378784
2010-07-23,787.1250021697998
2010-07-26,783.0869532440186
2010-07-27,769.3821454795838
2010-07-28,771.2008317260742
2010-07-29,774.4290462036132
2010-07-30,782.271500530243
2010-08-02,782.6679662017822
2010-08-03,785.5770575317383
2010-08-04,790.4278482666016
2010-08-05,792.0131127281189
2010-08-06,797.5410952148437
2010-08-09,794.4458103256226
2010-08-10,797.2675827331543
2010-08-11,794.91980519104
2010-08-12,805.7712882255554
2010-08-13,806.9214034828186
2010-08-16,814.6189968399048
2010-08-17,813.342
2010-08-18,816.426050289917
2010-08-19,817.411978855896
2010-08-20,814.5963082885743
2010-08-23,814.4441016998292
2010-08-24,818.0387801483154
2010-08-25,825.1873241500855
2010-08-26,822.5038017745972
2010-08-27,822.5896915214538
2010-08-30,822.5386639129639
2010-08-31,830.9863644638061
2010-09-01,828.7332546264648
2010-09-02,832.4280362319947
2010-09-03,828.8186081512451
2010-09-06,828.8186081512451
2010-09-07,833.2065992767334
2010-09-08,833.6917337799072
2010-09-09,824.4199034423829
2010-09-10,823.9903927230835
2010-09-13,822.0904085655212
2010-09-14,836.2668373641968
2010-09-15,835.1077364501954
2010-09-16,838.1367315292358
2010-09-17,837.2824261550903
2010-09-20,838.3147634391785
2010-09-21,845.0104733253479
2010-09-27,847.8962001678466
2010-09-28,855.3676297912598
2010-09-29,855.5888345932007
2010-09-30,855.7818795013428
2010-10-08,878.3038844299317
2010-10-11,882.5065452117921
2010-10-12,880.60871280365
2010-10-13,893.3620868041993
2010-10-14,896.1548750000001
2010-10-15,887.5950473693848
2010-10-18,892.1563118896485
2010-10-19,864.5028880554199
2010-10-20,873.5144247192383
2010-10-21,861.00140211792
2010-10-22,863.7812305526733
2010-10-25,871.1862556365967
2010-10-26,871.9880325317382
2010-10-27,865.2583885421753
2010-10-28,877.5625447311402
2010-10-29,884.6682014282227
2010-11-01,882.439251751709
2010-11-02,884.702011680603
2010-11-03,878.3350548950195
2010-11-04,906.0822188690186
2010-11-05,907.6089324951172
2010-11-08,920.2463898468018
2010-11-09,900.6429916748048
2010-11-10,910.3815764389037
2010-11-11,913.1676342926025
2010-11-12,887.273808203125
2010-11-15,879.507143838501
2010-11-16,869.3526741027832
2010-11-17,865.9188024291992
2010-11-18,876.1529457092286
2010-11-19,877.7815397369385
2010-11-22,886.4940436248779
2010-11-23,892.9259773284912
2010-11-24,892.686073272705
2010-11-25,892.686073272705
2010-11-26,887.5109290695191
2010-11-29,889.1765634155273
2010-11-30,902.8451277923584
2010-12-01,902.0369725341798
2010-12-02,900.5536596725464
2010-12-03,919.9328447998047
2010-12-06,924.8450170578003
2010-12-07,907.11075
2010-12-08,897.9170192749024
2010-12-09,900.8737805053711
2010-12-10,901.1535743713379
2010-12-13,906.8004803405761
2010-12-14,906.4548852478027
2010-12-15,896.3072496932983
2010-12-16,891.6429187316894
2010-12-17,893.0338796920776
2010-12-20,901.7916990737915
2010-12-21,900.9606087646484
2010-12-22,897.4072702789306
2010-12-23,894.8157243347167
2010-12-24,894.8157243347167
2010-12-27,895.2636403289795
2010-12-28,909.0413420867919
2010-12-29,911.6402444458008
2010-12-30,904.3979919433593
2010-12-31,915.5520080566406
2011-01-04,890.225875
2011-01-05,884.8264178466796
2011-01-06,886.7575921325684
2011-01-07,885.314820135498
2011-01-10,890.0739355957031
2011-01-11,892.9018592376709
2011-01-12,894.5372463363648
2011-01-13,885.3198401550293
2011-01-14,874.1086600830079
2011-01-17,874.1086600830079
2011-01-18,878.3429557861327
2011-01-19,880.1851640350342
2011-01-20,863.9782199035645
2011-01-21,862.5835849639892
2011-01-24,857.8861280166626
2011-01-25,856.3702801757812
2011-01-26,863.2164481018067
2011-01-27,841.9585040084839
2011-01-28,857.4899239654541
2011-01-31,857.3627467651368
2011-02-01,862.4559801223755
2011-02-09,877.1176462768555
2011-02-10,875.0032802001954
2011-02-11,872.2137922790528
2011-02-14,877.0046548690796
2011-02-15,882.6479560424805
2011-02-16,883.5044802124023
2011-02-17,889.2383557891845
2011-02-18,890.0634950714111
2011-02-21,890.0634950714111
2011-02-22,896.7200108261109
2011-02-23,904.0044548873901
2011-02-24,896.9465319213867
2011-02-25,903.259794104004
2011-02-28,904.6051820648194
2011-03-01,919.9970919799805
2011-03-02,919.5962039657593
2011-03-03,907.4860289337158
2011-03-04,915.1114900817871
2011-03-07,915.7248880004884
2011-03-08,915.3722280090332
2011-03-09,914.2508040161133
2011-03-10,905.576015083313
2011-03-11,908.6859320251465
2011-03-14,912.2546600097656
2011-03-15,895.7027380828858
2011-03-16,895.273948097229
2011-03-17,900.4818790252685
2011-03-18,908.938660925293
2011-03-21,913.2453859939576
2011-03-22,910.9165699920654
2011-03-23,920.5040699798584
2011-03-24,913.004768005371
2011-03-25,913.0999319824218
2011-03-28,909.4180779281617
2011-03-29,906.6576440429687
2011-03-30,909.0927739959716
2011-03-31,915.8452419967651
2011-04-01,911.4398200180053
2011-04-06,931.7347519531249
2011-04-07,932.3003840637207
2011-04-08,938.8181239318848
2011-04-11,932.5945800094604
2011-04-12,926.1577259918213
2011-04-13,927.0752301239013
2011-04-14,939.2230940551757
2011-04-15,947.4231049331664
2011-04-18,952.7185501831054
2011-04-19,952.9666311706544
2011-04-20,955.9711000000001
2011-04-21,952.6361156616211
2011-04-22,954.7931937423707
2011-04-25,958.7232671264649
2011-04-26,955.4222918701172
2011-04-27,971.4710201293944
2011-04-28,973.9798676147461
2011-04-29,988.881268310547
2011-05-03,973.5455717163086
2011-05-04,959.1369972610473
2011-05-05,931.5650649261474
2011-05-06,943.3602698135376
2011-05-09,957.0415377075195
2011-05-10,960.0928103790284
2011-05-11,951.2643664169312
2011-05-12,952.629750201416
2011-05-13,946.2600827270508
2011-05-16,945.9661692260742
2011-05-17,941.6350537368775
2011-05-18,946.8222796905518
2011-05-19,947.3366903015136
2011-05-20,957.4608686599731
2011-05-23,961.6341619110108
2011-05-24,965.6863861999511
2011-05-25,964.7299518890381
2011-05-26,962.1404939239502
2011-05-27,971.8523801879883
2011-05-30,971.8523801879883
2011-05-31,969.4577000457764
2011-06-01,971.1170037231445
2011-06-02,969.1188000000001
2011-06-03,973.3655199096679
2011-06-07,974.8720081329345
2011-06-08,970.0796581909179
2011-06-09,974.9813761901855
2011-06-10,967.0901595962524
2011-06-13,957.9929376983642
2011-06-14,963.2923861358643
2011-06-15,966.5958083496095
2011-06-16,964.5211699035644
2011-06-17,970.1118157958985
2011-06-20,970.9941520996094
2011-06-21,974.6633644866943
2011-06-22,975.8182075012206
2011-06-23,959.4037603149415
2011-06-24,946.8433264389038
2011-06-27,944.5489673080443
2011-06-28,946.1582115402222
2011-06-29,951.268446661377
2011-06-30,943.6709999999999
2011-07-01,936.8999376525879
2011-07-04,936.8999376525879
2011-07-05,954.5756115722656
2011-07-06,963.0009936828612
2011-07-07,964.3292855377197
2011-07-08,971.291125
2011-07-11,980.3476653167725
2011-07-12,988.7274676513673
2011-07-13,996.9004460525513
2011-07-14,998.1738166351317
2011-07-15,1002.7471802825928
2011-07-18,1012.8200633789062
2011-07-19,999.5830696685791
2011-07-20,1007.59278959198
2011-07-21,999.1954168167114
2011-07-22,1006.4119365234375
2011-07-25,1014.0562763977051
2011-07-26,1016.212374519348
2011-07-27,1012.7437477294922
2011-07-28,1013.4240231811523
2011-07-29,1018.7543967895508
2011-08-01,1014.7231718536377
2011-08-02,1039.8496355056764
2011-08-03,1039.0266953430175
2011-08-04,1034.1521240707398
2011-08-05,1041.686175
2011-08-08,1075.2834725830078
2011-08-09,1084.2297479248045
2011-08-10,1120.3147877502442
2011-08-11,1091.690125
2011-08-12,1085.9723317993164
2011-08-15,1097.836379501343
2011-08-16,1109.922644314575
2011-08-17,1113.47982631073
2011-08-18,1135.150963796997
2011-08-19,1150.0604304962158
2011-08-22,1181.4498125610353
2011-08-23,1136.6438132858277
2011-08-24,1096.5001610107422
2011-08-25,1101.3804039001463
2011-08-26,1133.3234277954102
2011-08-29,1109.5746971054077
2011-08-30,1142.6938589416504
2011-08-31,1133.4626237854004
2011-09-01,1135.0240128417968
2011-09-02,1169.4560390579225
2011-09-05,1169.4560390579225
2011-09-06,1168.749250997925
2011-09-07,1132.2495317077637
2011-09-08,1160.5477574157715
2011-09-09,1154.311580505371
2011-09-13,1142.1203370513917
2011-09-14,1132.5491529083251
2011-09-15,1114.4857209960937
2011-09-16,1123.6522912078858
2011-09-19,1106.8269684082031
2011-09-20,1122.1267782073976
2011-09-21,1107.6951256317138
2011-09-22,1079.8745144943236
2011-09-23,1020.7544794937133
2011-09-26,1008.1180617141723
2011-09-27,1027.630456237793
2011-09-28,998.7613338043213
2011-09-29,1008.7122604797363
2011-09-30,1008.1066644287109
2011-10-10,1040.7646422348023
2011-10-11,1033.3064889068603
2011-10-12,1038.007045074463
2011-10-13,1035.7986194763182
2011-10-14,1042.1651610717774
2011-10-17,1035.8080588989258
2011-10-18,1032.6039126342773
2011-10-19,1019.4749718627929
2011-10-20,1006.967052268982
2011-10-21,1018.1045232681274
2011-10-24,1026.405915234375
2011-10-25,1053.2351717071533
2011-10-26,1063.5591212219238
2011-10-27,1078.168469406128
2011-10-28,1078.274308959961
2011-10-31,1063.3954747283935
2011-11-01,1063.6497170288087
2011-11-02,1074.3762844848634
2011-11-03,1090.6452437530518
2011-11-04,1083.1890386962891
2011-11-07,1110.7905108779908
2011-11-08,1101.2560782531737
2011-11-09,1090.9410534362792
2011-11-10,1085.9517521270752
2011-11-11,1103.8458266021728
2011-11-14,1100.4435006103515
2011-11-15,1100.2119078735352
2011-11-16,1088.1451601486206
2011-11-17,1061.168588760376
2011-11-18,1065.4764989624023
2011-11-21,1039.90905
2011-11-22,1051.4542394714356
2011-11-23,1047.9232196411133
2011-11-24,1047.9232196411133
2011-11-25,1042.5246410583497
2011-11-28,1063.7492881713868
2011-11-29,1064.177103137207
2011-11-30,1084.8339761352538
2011-12-01,1079.779796081543
2011-12-02,1079.9873185791016
2011-12-05,1064.6404746032715
2011-12-06,1070.3815633850097
2011-12-07,1078.095441156006
2011-12-08,1055.931536819458
2011-12-09,1058.986201156616
2011-12-12,1030.3212309387206
2011-12-13,1008.5025405761719
2011-12-14,974.0621861114503
2011-12-15,970.8448006698609
2011-12-16,985.3844898788452
2011-12-19,981.5040810546875
2011-12-20,996.1793548873902
2011-12-21,996.1743992126464
2011-12-22,989.1687254394532
2011-12-23,990.4426685302735
2011-12-26,990.4426685302735
2011-12-27,979.1861331481933
2011-12-28,954.6757252838136
2011-12-29,949.9533348602295
2011-12-30,956.6098955734253
2012-01-04,986.3484532577515
2012-01-05,994.2191063079835
2012-01-06,991.7433407470703
2012-01-09,988.18795
2012-01-10,1001.6688201461792
2012-01-11,1008.3000714370727
2012-01-12,1013.2327568481446
2012-01-13,1004.3731553573608
2012-01-16,1004.3731553573608
2012-01-17,1013.3328
2012-01-18,1019.8414785186768
2012-01-19,1018.2977717102051
2012-01-20,1026.3893563842773
2012-01-30,1063.7979222717286
2012-01-31,1068.0074645996094
2012-02-01,1069.516640600586
2012-02-02,1077.9058042312622
2012-02-03,1056.5846241531372
2012-02-06,1055.2401137695313
2012-02-07,1069.8906007598875
2012-02-08,1060.5053
2012-02-09,1057.6355208938598
2012-02-10,1052.8315701553345
2012-02-13,1054.8439374084473
2012-02-14,1052.7724092407227
2012-02-15,1059.0593818450927
2012-02-16,1058.6352
2012-02-17,1054.0540134429932
2012-02-20,1054.0540134429932
2012-02-21,1076.7419468994142
2012-02-22,1088.8302553710937
2012-02-23,1089.679986907959
2012-02-24,1084.63562109375
2012-02-27,1081.9160207702637
2012-02-28,1092.796195600891
2012-02-29,1033.959072746277
2012-03-01,1049.6596648452758
2012-03-02,1047.6425649353027
2012-03-05,1044.6882515075683
2012-03-06,1026.3441207489013
2012-03-07,1032.456241809082
2012-03-08,1043.891944290161
2012-03-09,1050.0075728149413
2012-03-12,1044.199852331543
2012-03-13,1026.807199307251
2012-03-14,1010.3175013732911
2012-03-15,1019.3464675872802
2012-03-16,1019.7708792938232
2012-03-19,1021.1033458587646
2012-03-20,1012.0696698608398
2012-03-21,1012.9437884490967
2012-03-22,1005.1314761352539
2012-03-23,1017.9782053070069
2012-03-26,1038.0051214630128
2012-03-27,1029.4077986404418
2012-03-28,1018.2236093688965
2012-03-29,1016.9832883026123
2012-03-30,1020.9506692504883
2012-04-05,999.3001975891112
2012-04-06,998.1761966064454
2012-04-09,1005.624669189453
2012-04-10,1016.6215885162354
2012-04-11,1015.9651781982421
2012-04-12,1026.1326107528687
2012-04-13,1013.7089084655762
2012-04-16,1013.3049423980714
2012-04-17,1009.815375
2012-04-18,1004.067190612793
2012-04-19,1004.8713008361817
2012-04-20,1006.3782776489257
2012-04-23,1003.4772342041015
2012-04-24,1004.752909248352
2012-04-25,1006.2284872192382
2012-04-26,1015.3585543029785
2012-04-27,1018.194864807129
2012-05-02,1012.8411069030763
2012-05-03,1002.3376516967774
2012-05-04,1005.6018806976318
2012-05-07,1003.3812035491944
2012-05-08,983.9856
2012-05-09,974.6439197021484
2012-05-10,977.2178069763183
2012-05-11,968.917516595459
2012-05-14,956.5569415740966
2012-05-15,945.9974587036132
2012-05-16,944.9907844497681
2012-05-17,966.4141793014527
2012-05-18,977.4514943008422
2012-05-21,978.5787663787842
2012-05-22,961.4953955764771
2012-05-23,960.4065350708007
2012-05-24,960.6813322357177
2012-05-25,968.5866055358886
2012-05-28,968.5866055358886
2012-05-29,958.6447831207275
2012-05-30,965.7526572814942
2012-05-31,965.5767769042969
2012-06-01,1003.149
2012-06-04,1001.2002586120605
2012-06-05,1000.5103761138917
2012-06-06,1000.3901567230225
2012-06-07,983.1453
2012-06-08,985.6300727844239
2012-06-11,989.4878438873291
2012-06-12,996.6971807693482
2012-06-13,1000.6186889038086
2012-06-14,1004.89905
2012-06-15,1004.63579269104
2012-06-18,1003.4713804626465
2012-06-19,998.6260952697753
2012-06-20,991.9224167633057
2012-06-21,967.5161151916503
2012-06-25,978.3902210464478
2012-06-26,971.0599809326171
2012-06-27,971.4027746383666
2012-06-28,960.2248694000244
2012-06-29,985.9220855102539
2012-07-02,984.6198597503662
2012-07-03,1000.170216645813
2012-07-04,1000.170216645813
2012-07-05,989.4553294494629
2012-07-06,978.2104827270508
2012-07-09,981.3733932266235
2012-07-10,968.4955711486816
2012-07-11,974.2709529815673
2012-07-12,972.4865646606445
2012-07-13,983.2436421066284
2012-07-16,983.6131068237305
2012-07-17,977.9875827789306
2012-07-18,974.7754694366455
2012-07-19,977.3987431152343
2012-07-20,979.4003663299561
2012-07-23,977.1883602050782
2012-07-24,980.3326912826539
2012-07-25,994.4043813034058
2012-07-26,1000.8040302749633
2012-07-27,1005.2154351608276
2012-07-30,1004.2774092773437
2012-07-31,995.4329249420166
2012-08-01,987.9315161132813
2012-08-02,981.3611540893554
2012-08-03,991.1801744461059
2012-08-06,996.224959451294
2012-08-07,994.9409842285156
2012-08-08,995.369252822876
2012-08-09,998.1267559249877
2012-08-10,999.6490354187011
2012-08-13,992.268023942566
2012-08-14,986.4096490478515
2012-08-15,990.1025280639649
2012-08-16,996.6452884582519
2012-08-17,996.4257677612304
2012-08-20,1000.0477570678712
2012-08-21,1009.5076086380005
2012-08-22,1019.6697673568725
2012-08-23,1028.5681111221313
2012-08-24,1029.1897817565916
2012-08-27,1025.5718918792725
2012-08-28,1026.8180961227417
2012-08-29,1019.9552437408447
2012-08-30,1019.2057151275635
2012-08-31,1042.5342557495117
2012-09-03,1042.5342557495117
2012-09-04,1043.8722928848267
2012-09-05,1043.187743499756
2012-09-06,1045.864288128662
2012-09-07,1068.3812474853517
2012-09-10,1060.2003324508667
2012-09-11,1063.6296713348388
2012-09-12,1062.278700416565
2012-09-13,1084.2894985473633
2012-09-14,1084.8311192703247
2012-09-17,1076.416761444092
2012-09-18,1085.0471717132568
2012-09-19,1083.5248686569214
2012-09-20,1080.8782996948244
2012-09-21,1084.225038331604
2012-09-24,1079.1544692535401
2012-09-25,1076.8244159408569
2012-09-26,1070.0576996154784
2012-09-27,1086.1038909210206
2012-09-28,1080.2942681640625
2012-10-08,1081.162219177246
2012-10-09,1075.1338575393677
2012-10-10,1073.4047809906006
2012-10-11,1075.290025970459
2012-10-12,1065.766004699707
2012-10-15,1055.554538269043
2012-10-16,1061.1960425308228
2012-10-17,1060.3031180114745
2012-10-18,1054.9543370376587
2012-10-19,1044.113508633423
2012-10-22,1048.0956054519652
2012-10-23,1033.5735082397462
2012-10-24,1030.0123118133545
2012-10-25,1036.2304586669923
2012-10-26,1036.7305942382814
2012-10-29,1035.137666308594
2012-10-30,1035.3367822998048
2012-10-31,1040.5520874206543
2012-11-01,1036.160596697998
2012-11-02,1014.8028980926514
2012-11-05,1019.4039693176269
2012-11-06,1038.6100390594484
2012-11-07,1039.4803492965698
2012-11-08,1048.7112072921752
2012-11-09,1048.035945739746
2012-11-12,1045.7252309417725
2012-11-13,1040.3646380004882
2012-11-14,1040.4464962005616
2012-11-15,1035.2223381744384
2012-11-16,1034.328182446289
2012-11-19,1046.551910559082
2012-11-20,1043.241432196045
2012-11-21,1043.8987847900391
2012-11-22,1043.8987847900391
2012-11-23,1056.2462788009643
2012-11-26,1054.752533404541
2012-11-27,1049.7305327743532
2012-11-28,1037.1568340042113
2012-11-29,1041.2137123840332
2012-11-30,1033.91034400177
2012-12-03,1034.6078314086913
2012-12-04,1023.5802566009521
2012-12-05,1021.6633816040039
2012-12-06,1024.5389
2012-12-07,1028.9303068145753
2012-12-10,1032.8676990112303
2012-12-11,1034.6498618774415
2012-12-12,1036.0956807037355
2012-12-13,1024.2880615722656
2012-12-14,1024.3353604736328
2012-12-17,1025.4478552246094
2012-12-18,1010.114987411499
2012-12-19,1007.215532208252
2012-12-20,995.0699543838501
2012-12-21,998.599383404541
2012-12-24,1001.2247395629884
2012-12-25,1001.2247395629884
2012-12-26,1002.479370388794
2012-12-27,1004.9615508361817
2012-12-28,1000.4049681625365
2012-12-31,1009.4008286178589
2013-01-04,999.5893472106933
2013-01-07,993.1531963745117
2013-01-08,999.2451448059081
2013-01-09,999.2107742004395
2013-01-10,1008.0015134124756
2013-01-11,1001.0845208251953
2013-01-14,1004.61721824646
2013-01-15,1010.0502888305664
2013-01-16,1011.0323620605469
2013-01-17,1015.3509679382324
2013-01-18,1013.6369452392579
2013-01-21,1013.6369452392579
2013-01-22,1017.9619206115723
2013-01-23,1014.8071797454835
2013-01-24,1003.693406614685
2013-01-25,999.2911570343017
2013-01-28,997.6449182128906
2013-01-29,1002.3076751998901
2013-01-30,1008.8866911865234
2013-01-31,1002.4383010223389
2013-02-01,1005.2684059982299
2013-02-04,1009.6812
2013-02-05,1008.8812738220214
2013-02-06,1011.9332811965942
2013-02-07,1008.6354091766358
2013-02-08,1006.9527566467286
2013-02-18,970.7430137649537
2013-02-19,969.8494654327393
2013-02-20,944.5464392272949
2013-02-21,952.3945555297852
2013-02-22,953.7067696105958
2013-02-25,962.1092351715088
2013-02-26,973.1412536041261
2013-02-27,962.5228926086426
2013-02-28,951.8589000000001
2013-03-01,948.5731591918945
2013-03-04,948.0065989959717
2013-03-05,947.925534375
2013-03-06,952.6768524368285
2013-03-07,949.7318151855468
2013-03-08,949.0163367233276
2013-03-11,951.2765551559448
2013-03-12,958.4450551757812
2013-03-13,954.797164755249
2013-03-14,955.0443144836426
2013-03-15,956.8482
2013-03-18,965.7799583496094
2013-03-19,970.0996433807372
2013-03-20,965.1117986694337
2013-03-21,970.953125
2013-03-22,966.2766189575195
2013-03-25,964.1180541152953
2013-03-26,960.934983581543
2013-03-27,965.3759717926025
2013-03-28,959.7986160354614
2013-03-29,959.2580410461426
2013-04-01,960.1604146331787
2013-04-02,944.9440105957032
2013-04-03,933.9531995269775
2013-04-08,943.8637187164306
2013-04-09,951.0453252868652
2013-04-10,933.7153500000001
2013-04-11,935.9209239089967
2013-04-12,891.2520111053467
2013-04-15,812.3624308959961
2013-04-16,821.0227388671875
2013-04-17,820.0736098632813
2013-04-18,830.1217488632202
2013-04-19,836.8252915405274
2013-04-22,852.5391322662354
2013-04-23,845.7815501708985
2013-04-24,854.8775038330078
2013-04-25,873.9562711303711
2013-04-26,868.6678995758057
2013-05-02,873.6595087280273
2013-05-03,874.6349724578857
2013-05-06,876.5679373626709
2013-05-07,863.8845120483398
2013-05-08,874.8469012298584
2013-05-09,863.2497710327149
2013-05-10,857.3534374847412
2013-05-13,850.8599499816894
2013-05-14,846.5116910034179
2013-05-15,827.355232006836
2013-05-16,824.4791604827881
2013-05-17,804.9009149780273
2013-05-20,829.4476020263672
2013-05-21,815.2586939575195
2013-05-22,808.9109609680175
2013-05-23,825.6573607437134
2013-05-24,820.0959023208618
2013-05-27,820.0959023208618
2013-05-28,817.1323706253052
2013-05-29,826.0225232177735
2013-05-30,838.0666712905884
2013-05-31,821.4652687683106
2013-06-03,836.9700783203125
2013-06-04,828.7570288162232
2013-06-05,830.4123781799317
2013-06-06,837.7344195098877
2013-06-07,817.4462165130616
2013-06-13,820.3745676956177
2013-06-14,824.1365130981445
2013-06-17,819.3145221679687
2013-06-18,809.7323089233399
2013-06-19,800.0465535644531
2013-06-20,757.3837106498718
2013-06-21,766.9066587158203
2013-06-24,761.4383148750305
2013-06-25,758.6984635009766
2013-06-26,727.0434964965821
2013-06-27,712.8918870117187
2013-06-28,731.0257177459717
2013-07-01,742.8297081565858
2013-07-02,736.2306537155151
2013-07-03,740.1482609046935
2013-07-04,740.1482609046935
2013-07-05,724.1750935424805
2013-07-08,733.0385001029969
2013-07-09,739.3161828346252
2013-07-10,741.8589012817383
2013-07-11,762.212386894226
2013-07-12,761.8230321434021
2013-07-15,762.1299158729553
2013-07-16,766.1377012557983
2013-07-17,756.5805301277161
2013-07-18,761.5206211181641
2013-07-19,767.8876507461548
2013-07-22,791.1291135131836
2013-07-23,796.0173402023315
2013-07-24,782.1918045974732
2013-07-25,789.3389707672119
2013-07-26,789.6274405151366
2013-07-29,787.8165884857177
2013-07-30,785.5677500610351
2013-07-31,784.1900583892823
2013-08-01,776.1446257415772
2013-08-02,774.4983517410278
2013-08-05,769.8496313095093
2013-08-06,758.8823624725342
2013-08-07,759.673859336853
2013-08-08,776.4720057357788
2013-08-09,776.5988657363891
2013-08-12,790.5080638916016
2013-08-13,781.9859449226379
2013-08-14,789.3639000000001
2013-08-15,804.9288019226075
2013-08-16,810.6604211959839
2013-08-19,808.2575933670043
2013-08-20,811.13702631073
2013-08-21,808.651447845459
2013-08-22,812.8768710571288
2013-08-23,825.5879626464844
2013-08-26,828.9810713226318
2013-08-27,837.0741
2013-08-28,836.69258309021
2013-08-29,831.5651311157227
2013-08-30,823.7801361206054
2013-09-02,823.7801361206054
2013-09-03,834.9449567932129
2013-09-04,824.1057564117432
2013-09-05,808.9846613250733
2013-09-06,821.0247926452636
2013-09-09,819.6497414154053
2013-09-10,806.1829636154175
2013-09-11,805.7800913284301
2013-09-12,781.0595147979736
2013-09-13,782.0794501327514
2013-09-16,773.8486913238524
2013-09-17,774.3444499999999
2013-09-18,808.0331763763428
2013-09-23,780.618773677063
2013-09-24,781.381350415039
2013-09-25,788.0659689178467
2013-09-26,781.998131602478
2013-09-27,789.0255704681396
2013-09-30,784.4615551757813
2013-10-08,779.7644493392944
2013-10-09,771.9067027359008
2013-10-10,759.9855914703369
2013-10-11,750.3610306610108
2013-10-14,751.7687432067871
2013-10-15,755.0747184860229
2013-10-16,753.5445895843505
2013-10-17,777.0071488342285
2013-10-18,773.3537006973266
2013-10-21,773.6129724517822
2013-10-22,788.0039276885987
2013-10-23,782.8598918518067
2013-10-24,789.9868128814697
2013-10-25,793.6925888458252
2013-10-28,794.4967531433106
2013-10-29,790.2603950180053
2013-10-30,789.7305971923829
2013-10-31,778.4858689811706
2013-11-01,774.3061163864136
2013-11-04,773.2873651123047
2013-11-05,771.5856811157227
2013-11-06,774.9659814071656
2013-11-07,768.3901183044434
2013-11-08,756.9024765655518
2013-11-11,754.4054777275086
2013-11-12,745.9286464096069
2013-11-13,748.4759007034302
2013-11-14,757.0528195495605
2013-11-15,757.3574381408691
2013-11-18,748.6822292953491
2013-11-19,749.0605614074707
2013-11-20,731.8311167335511
2013-11-21,730.6025308715821
2013-11-22,730.7325088424682
2013-11-25,733.7941304229736
2013-11-26,730.0033481407166
2013-11-27,727.7742064224243
2013-11-28,727.7742064224243
2013-11-29,735.3285214080811
2013-12-02,716.3796771560669
2013-12-03,718.5415384231568
2013-12-04,730.7123424232483
2013-12-05,720.4825085861206
2013-12-06,720.9618435592652
2013-12-09,726.01800340271
2013-12-10,739.5083081474304
2013-12-11,733.7652357055664
2013-12-12,718.1385955581665
2013-12-13,724.7559633255005
2013-12-16,726.6739118225098
2013-12-17,720.2885642631531
2013-12-18,714.0455967056274
2013-12-19,697.0837001472473
2013-12-20,703.8833488220215
2013-12-23,701.4752271476746
2013-12-24,704.866310736084
2013-12-25,704.866310736084
2013-12-26,709.1254430236817
2013-12-27,710.7310246673584
2013-12-30,699.459559300232
2013-12-31,702.9556606269837
2014-01-02,713.9472
2014-01-03,721.7641505393982
2014-01-06,723.2618
2014-01-07,718.9441721534729
2014-01-08,714.7441366195679
2014-01-09,717.1568344573975
2014-01-10,727.8015069282532
2014-01-13,731.3480437133788
2014-01-14,724.1595743133545
2014-01-15,723.452416140747
2014-01-16,725.3883505439759
2014-01-17,731.6265018463134
2014-01-20,731.6265018463134
2014-01-21,724.2208915359497
2014-01-22,721.194866772461
2014-01-23,737.0121905403137
2014-01-24,739.6832995376587
2014-01-27,731.5418824630736
2014-01-28,731.8200515350342
2014-01-29,741.6048453918456
2014-01-30,725.8061796569824
2014-02-07,740.7044818984986
2014-02-10,744.7845609054565
2014-02-11,753.6340396987915
2014-02-12,754.2200038497924
2014-02-13,760.8584060478211
2014-02-14,771.368199256897
2014-02-17,771.368199256897
2014-02-18,772.9485492576599
2014-02-19,767.2417536026
2014-02-20,776.2163107177734
2014-02-21,777.1153071533203
2014-02-24,786.6068514984131
2014-02-25,791.3208441177368
2014-02-26,784.584076737976
2014-02-27,785.5967612991334
2014-02-28,784.1993928771973
2014-03-03,800.7622987365722
2014-03-04,790.4811950073242
2014-03-05,789.8379162597656
2014-03-06,796.419099797058
2014-03-07,790.7794995666504
2014-03-10,792.6387089721679
2014-03-11,797.3014457473755
2014-03-12,809.6388142456054
2014-03-13,811.2273801956177
2014-03-14,818.5650375366212
2014-03-17,813.2587522293092
2014-03-18,808.7728857666016
2014-03-19,793.3125833190917
2014-03-20,796.2225818008422
2014-03-21,799.7000635986328
2014-03-24,781.760809890747
2014-03-25,783.8684327087402
2014-03-26,778.5954667358399
2014-03-27,773.9904342498779
2014-03-28,773.7293368347168
2014-03-31,768.4092077941895
2014-04-01,765.8076922119141
2014-04-02,771.4553261062622
2014-04-03,769.5679726287842
2014-04-04,780.0157241043091
2014-04-08,781.329271307373
2014-04-09,783.2218941078187
2014-04-10,789.0242362709046
2014-04-11,788.3749248954773
2014-04-14,795.0480005111694
2014-04-15,780.7360217094421
2014-04-16,780.9090216949462
2014-04-17,775.7953
2014-04-18,776.4440000000001
2014-04-21,773.6300426979064
2014-04-22,772.0529863861084
2014-04-23,771.9406373245239
2014-04-24,778.3006887451172
2014-04-25,784.3639639083863
2014-04-28,780.7497428283691
2014-04-29,781.348911819458
2014-04-30,777.505409640503
2014-05-05,788.2817736236573
2014-05-06,784.2885108985902
2014-05-07,774.1875215835571
2014-05-08,773.2314125976562
2014-05-09,772.7706904983521
2014-05-12,779.1758312255859
2014-05-13,776.0461704963684
2014-05-14,783.5698267944337
2014-05-15,777.2047860893249
2014-05-16,775.9711500000001
2014-05-19,776.9805554199219
2014-05-20,777.7788282287598
2014-05-21,775.3850611953736
2014-05-22,777.2925045837402
2014-05-23,776.481726322174
2014-05-26,776.481726322174
2014-05-27,761.2091254676818
2014-05-28,757.9241809158325
2014-05-29,754.3632652282714
2014-05-30,752.3382549064636
2014-06-03,750.4945493591308
2014-06-04,748.4281573501587
2014-06-05,754.7041909057617
2014-06-06,753.7883818145751
2014-06-09,752.8198145210266
2014-06-10,755.5313562011719
2014-06-11,756.1050798065185
2014-06-12,762.5141962051392
2014-06-13,763.4586343154907
2014-06-16,762.0644886016845
2014-06-17,761.3519563995361
2014-06-18,764.3444915908814
2014-06-19,790.671193206787
2014-06-20,787.336
2014-06-23,789.6412405014038
2014-06-24,791.1870049163819
2014-06-25,791.6937436820984
2014-06-26,788.7041758918762
2014-06-27,787.5719027709961
2014-06-30,794.3089023498535
2014-07-01,791.6761310806274
2014-07-02,793.0297510482787
2014-07-03,789.8543627471923
2014-07-04,789.8543627471923
2014-07-07,787.9812511749267
2014-07-08,787.9610681076049
2014-07-09,792.5312732971191
2014-07-10,797.2436003585816
2014-07-11,798.8738444274902
2014-07-14,780.2057555755615
2014-07-15,773.0199674224853
2014-07-16,775.2514025726318
2014-07-17,788.3773742828369
2014-07-18,782.951957950592
2014-07-21,784.4197692626954
2014-07-22,779.9023367500305
2014-07-23,778.6179010238648
2014-07-24,770.2736305480956
2014-07-25,778.8036326683044
2014-07-28,776.9634713287354
2014-07-29,773.7359811401367
2014-07-30,770.3509072998047
2014-07-31,761.7728392318726
2014-08-01,768.5813170280456
2014-08-04,766.0102068023682
2014-08-05,764.3398519477844
2014-08-06,774.4413637161255
2014-08-07,777.4959258804322
2014-08-08,776.7877980285645
2014-08-11,775.0066823669433
2014-08-12,775.7834118461609
2014-08-13,776.521201222229
2014-08-14,777.753809967041
2014-08-15,771.3255806350709
2014-08-18,767.5667943763733
2014-08-19,765.8469018745423
2014-08-20,762.6486974945068
2014-08-21,755.8348631057739
2014-08-22,757.7417050170898
2014-08-25,755.3419468536376
2014-08-26,758.8738606124878
2014-08-27,757.5547581253052
2014-08-28,761.6451999999999
2014-08-29,760.8719837493896
2014-09-01,760.8719837493896
2014-09-02,747.9042093811034
2014-09-03,750.0987293701171
2014-09-04,745.6807046058655
2014-09-05,749.4483850097656
2014-09-09,741.6825108535767
2014-09-10,737.0013970916748
2014-09-11,732.2913724822998
2014-09-12,726.1902551513672
2014-09-15,728.6275562515259
2014-09-16,730.317308253479
2014-09-17,721.5192956199645
2014-09-18,723.1691925048827
2014-09-19,718.9677045135497
2014-09-22,717.4589906311035
2014-09-23,721.6876706359864
2014-09-24,718.0549487213135
2014-09-25,720.246341255188
2014-09-26,717.1797810424805
2014-09-29,719.6759774932862
2014-09-30,713.2969743804931
2014-10-08,721.0896024932861
2014-10-09,721.121432258606
2014-10-10,720.9207495483398
2014-10-13,726.6223954193115
2014-10-14,726.3637275695801
2014-10-15,728.801837915802
2014-10-16,729.9840674743652
2014-10-17,728.6709489181519
2014-10-20,733.5713586868287
2014-10-21,734.5823894538879
2014-10-22,730.1220975952149
2014-10-23,725.2238594589234
2014-10-24,723.9232706665039
2014-10-27,722.0549450683593
2014-10-28,721.9452906723023
2014-10-29,711.3466093780517
2014-10-30,704.2716749267578
2014-10-31,688.6230063842773
2014-11-03,686.111279335022
2014-11-04,686.2253074645996
2014-11-05,671.2011705970764
2014-11-06,671.5535792137146
2014-11-07,691.6588324737548
2014-11-10,675.9047343978882
2014-11-11,685.5727656021118
2014-11-12,683.01555
2014-11-13,683.9005697860717
2014-11-14,701.5866374816894
2014-11-17,698.4650286895752
2014-11-18,704.1980586791992
2014-11-19,695.6079218673706
2014-11-20,703.2877837371826
2014-11-21,706.6945122619628
2014-11-24,706.9135357482911
2014-11-25,707.913973148346
2014-11-26,706.9211984802247
2014-11-27,706.9211984802247
2014-11-28,688.6805227493286
2014-12-01,717.141881263733
2014-12-02,707.9958562469483
2014-12-03,715.4178782608031
2014-12-04,713.1370910972595
2014-12-05,703.7101728767395
2014-12-08,714.65204246521
2014-12-09,731.0642601013184
2014-12-10,728.5563423454286
2014-12-11,728.277504107666
2014-12-12,726.3452466552734
2014-12-15,708.0740962219239
2014-12-16,711.4255311126709
2014-12-17,707.9826182014466
2014-12-18,715.5305944816589
2014-12-19,713.8234711212158
2014-12-22,700.207333985901
2014-12-23,701.8741307006836
2014-12-24,700.8429751373292
2014-12-25,700.8429751373292
2014-12-26,713.6454953796388
2014-12-29,707.2774626068115
2014-12-30,714.412781074524
2014-12-31,704.718479360962
2015-01-05,720.2875989822388
2015-01-06,727.6080170631409
2015-01-07,723.3446628959656
2015-01-08,720.4859571716308
2015-01-09,728.0087232627868
2015-01-12,735.3920968566895
2015-01-13,732.2375426940918
2015-01-14,730.9067365631104
2015-01-15,748.2557951049805
2015-01-16,760.4203591651917
2015-01-19,760.4203591651917
2015-01-20,771.7415210372925
2015-01-21,771.6173968505859
2015-01-22,777.4904758415222
2015-01-23,773.6920379066468
2015-01-26,769.1179516410828
2015-01-27,776.629209526062
2015-01-28,771.0664385604858
2015-01-29,754.3032013435363
2015-01-30,771.5007559280396
2015-02-02,766.2757365386964
2015-02-03,757.4461840957641
2015-02-04,759.5345874389649
2015-02-05,761.3823697235107
2015-02-06,740.5152841903687
2015-02-09,744.4192275619506
2015-02-10,739.3120426177978
2015-02-11,730.7743520950318
2015-02-12,732.670937133789
2015-02-13,736.1834229469299
2015-02-16,736.1834229469299
2015-02-17,725.596159361267
2015-02-25,724.1778508987427
2015-02-26,726.4124860900879
2015-02-27,728.2651429595948
2015-03-02,725.5449619140626
2015-03-03,724.4703346588135
2015-03-04,721.7512148269653
2015-03-05,720.567
2015-03-06,700.4673238220214
2015-03-09,701.324102645874
2015-03-10,697.656318534851
2015-03-11,693.438975
2015-03-12,693.2622156433106
2015-03-13,693.9424628105163
2015-03-16,693.892204711914
2015-03-17,688.7022842788696
2015-03-18,699.9415101081848
2015-03-19,695.6927006721496
2015-03-20,704.5542071067811
2015-03-23,710.1409206886291
2015-03-24,710.8610201065063
2015-03-25,712.6568888519287
2015-03-26,717.1654648475647
2015-03-27,715.0403548278808
2015-03-30,705.989375
2015-03-31,704.578362701416
2015-04-01,716.442550543213
2015-04-02,714.3670964355468
2015-04-03,713.9290324401856
2015-04-07,719.3595087814331
2015-04-08,716.1449475708008
2015-04-09,711.5273386383057
2015-04-10,719.9649615783691
2015-04-13,715.618124206543
2015-04-14,710.8211871643066
2015-04-15,716.093092893219
2015-04-16,712.5763334381104
2015-04-17,716.442550543213
2015-04-20,711.4246155700683
2015-04-21,715.4713629684447
2015-04-22,704.9150523391723
2015-04-23,710.6053726959228
2015-04-24,700.118668899536
2015-04-27,717.1796163864135
2015-04-28,721.6531663589477
2015-04-29,716.034952242279
2015-04-30,703.7182535705567
2015-05-04,708.3898405265808
2015-05-05,710.0676246368408
2015-05-06,709.0434397842407
2015-05-07,703.9185346359253
2015-05-08,707.5713555786133
2015-05-11,704.8623504211425
2015-05-12,710.8847
2015-05-13,723.111183934021
2015-05-14,726.6683358924865
2015-05-15,729.285395425415
2015-05-18,729.1058111732483
2015-05-19,719.2596922119141
2015-05-20,720.1138993591309
2015-05-21,716.7921171264649
2015-05-22,716.3963105438232
2015-05-25,716.3963105438232
2015-05-26,706.6748807189941
2015-05-27,706.243275215149
2015-05-28,706.9467831863403
2015-05-29,707.1917905426026
2015-06-01,706.629
2015-06-02,709.4230743255615
2015-06-03,704.2952602172852
2015-06-04,699.6756812927246
2015-06-05,696.1573627502441
2015-06-08,698.5306191062928
2015-06-09,700.0142521064759
2015-06-10,706.0617824249267
2015-06-11,702.9482032585145
2015-06-12,702.9431838401795
2015-06-15,706.0358608398437
2015-06-16,703.5472181053161
2015-06-17,706.8491005264282
2015-06-18,715.8488981056213
2015-06-19,714.7225370521545
2015-06-23,700.6630702117919
2015-06-24,698.7447762725831
2015-06-25,698.0725111572266
2015-06-26,698.7724648437501
2015-06-29,701.9950931053162
2015-06-30,696.6940170288086
2015-07-01,694.3656048156738
2015-07-02,693.4037572540283
2015-07-03,693.4037572540283
2015-07-06,695.7693188415527
2015-07-07,687.7863852653503
2015-07-08,689.7244602630616
2015-07-09,691.3896997894286
2015-07-10,692.2636947357178
2015-07-13,689.0370057380676
2015-07-14,687.5624987365723
2015-07-15,683.8953347351074
2015-07-16,681.5437572647095
2015-07-17,674.5535344734192
2015-07-20,656.3441310501099
2015-07-21,654.2950320549012
2015-07-22,650.7346589492797
2015-07-23,647.7954143692017
2015-07-24,654.170815525055
2015-07-27,651.0862297897339
2015-07-28,652.0061471588135
2015-07-29,652.9900016311645
2015-07-30,647.4749711547852
2015-07-31,651.58382289505
2015-08-03,646.3256605262757
2015-08-04,647.6190508422851
2015-08-05,645.3637298950196
2015-08-06,648.220140209961
2015-08-07,649.7404644737244
2015-08-10,656.457775579834
2015-08-11,671.9032455078125
2015-08-12,687.929875
2015-08-13,683.7116559051514
2015-08-14,682.8569702484131
2015-08-17,684.9570634391785
2015-08-18,684.7328119018555
2015-08-19,694.2423995178223
2015-08-20,705.4355155944825
2015-08-21,709.9762134529113
2015-08-24,707.71252918396
2015-08-25,699.9557754821777
2015-08-26,689.9816492660522
2015-08-27,690.0429905021668
2015-08-28,694.4842805023194
2015-08-31,693.8363180541993
2015-09-01,694.8395805816651
2015-09-02,690.2149454528809
2015-09-07,683.088187424469
2015-09-08,684.4400426307678
2015-09-09,676.7697664855957
2015-09-10,678.3852424850463
2015-09-11,676.6107833404541
2015-09-14,676.2390157714843
2015-09-15,674.4241597175599
2015-09-16,683.500298449707
2015-09-17,689.975468307495
2015-09-18,694.8813821746826
2015-09-21,691.0756202270509
2015-09-22,687.1612558364868
2015-09-23,690.8331997924805
2015-09-24,705.1250683670044
2015-09-25,699.895981439209
2015-09-28,690.4727583389282
2015-09-29,686.9795793571473
2015-09-30,679.1594198791504
2015-10-08,693.3555021224976
2015-10-09,703.470167427063
2015-10-12,706.2619345092774
2015-10-13,709.3825658706666
2015-10-14,722.2610065063476
2015-10-15,718.927016809845
2015-10-16,714.5702134300232
2015-10-19,712.3463606529235
2015-10-20,715.6100613098145
2015-10-21,709.3402723121643
2015-10-22,710.0915285217286
2015-10-23,707.8912
2015-10-26,707.7699329383851
2015-10-27,709.357857938385
2015-10-28,704.3503102386475
2015-10-29,697.2925517578125
2015-10-30,690.5574192810058
2015-11-02,686.071596862793
2015-11-03,675.8996612091064
2015-11-04,671.3941367340088
2015-11-05,667.4335161437988
2015-11-06,657.703790359497
2015-11-09,664.1823697074891
2015-11-10,662.6160559410094
2015-11-11,660.389960646057
2015-11-12,661.4206402816773
2015-11-13,660.0396444396972
2015-11-16,660.6326941680908
2015-11-17,652.6323906463623
2015-11-18,653.8516639480591
2015-11-19,660.9716844177246
2015-11-20,658.0749916229248
2015-11-23,653.3391536483765
2015-11-24,657.6116175964355
2015-11-25,654.483736151886
2015-11-26,654.483736151886
2015-11-27,647.443125
2015-11-30,651.0955243026733
2015-12-01,653.3953162017822
2015-12-02,643.2379425964356
2015-12-03,650.0734216468811
2015-12-04,664.5109445549011
2015-12-07,657.9196152664184
2015-12-08,659.8419845031738
2015-12-09,659.6672760772705
2015-12-10,660.0425846420288
2015-12-11,665.4513219390869
2015-12-14,657.441257913208
2015-12-15,655.819178314209
2015-12-16,665.028825
2015-12-17,651.4611
2015-12-18,661.2192059326172
2015-12-21,668.3398048866272
2015-12-22,664.6870619537353
2015-12-23,662.5902371887207
2015-12-24,667.3312097625732
2015-12-25,667.3312097625732
2015-12-28,662.4845842544556
2015-12-29,662.0311402313233
2015-12-30,658.1752201171876
2015-12-31,657.237582069397
2016-01-04,672.262678012085
2016-01-05,672.9296439903259
2016-01-06,686.153705996704
2016-01-07,699.8045000595092
2016-01-08,696.769378012085
2016-01-11,687.8799359703064
2016-01-12,684.6596939849854
2016-01-13,688.0104080200196
2016-01-14,678.8090598808288
2016-01-15,685.2627320556641
2016-01-18,685.2627320556641
2016-01-19,684.0116560829163
2016-01-20,693.1344150672912
2016-01-21,694.0608919448853
2016-01-22,690.774
2016-01-25,697.9003320465088
2016-01-26,706.1184120254517
2016-01-27,708.3094530578613
2016-01-28,700.4365820190429
2016-01-29,703.217619934082
2016-02-01,710.7313100738526
2016-02-02,711.1781309051514
2016-02-03,718.482625
2016-02-04,725.7593639968871
2016-02-05,738.0547179946899
2016-02-15,777.74356401062
2016-02-16,747.7724361282349
2016-02-17,753.7379819107056
2016-02-18,770.8131329658509
2016-02-19,766.6451279388427
2016-02-22,752.9601390724182
2016-02-23,765.0128939666748
2016-02-24,767.8756939849853
2016-02-25,770.2534280395508
2016-02-26,765.7822939910889
2016-02-29,777.3885960006714
2016-03-01,771.393478012085
2016-03-02,777.3421339988708
2016-03-03,788.5117979248047
2016-03-04,784.2814619567871
2016-03-07,789.2876660232545
2016-03-08,784.3005639099122
2016-03-09,778.5256019210816
2016-03-10,790.6005
2016-03-11,775.4485637817382
2016-03-14,765.9664258483887
2016-03-15,768.0375540390015
2016-03-16,786.1141271270752
2016-03-17,777.7816672172546
2016-03-18,774.8903797393799
2016-03-21,771.0035460662842
2016-03-22,774.0355401611328
2016-03-23,758.3731389694213
2016-03-24,757.5875039245606
2016-03-25,757.6689349258422
2016-03-28,758.4946500740051
2016-03-29,772.6882018989563
2016-03-30,757.0280701354981
2016-03-31,758.5427160644532
2016-04-01,757.4257699768066
2016-04-05,761.9661837158203
2016-04-06,757.5373358154296
2016-04-07,766.2087429428101
2016-04-08,765.38940597229
2016-04-11,775.1537321166992
2016-04-12,775.9912147262573
2016-04-13,769.2495142578125
2016-04-14,758.9899139556885
2016-04-15,763.296148147583
2016-04-18,761.9779441749573
2016-04-19,772.1400298233032
2016-04-20,769.4384828948974
2016-04-21,773.9610081329346
2016-04-22,766.3321520324707
2016-04-25,767.3127217864991
2016-04-26,770.4223301925659
2016-04-27,773.0457659454346
2016-04-28,785.1708209266662
2016-04-29,800.4853798782349
2016-05-03,798.0103940582276
2016-05-04,793.6928390541077
2016-05-05,793.8456220153809
2016-05-06,800.300461982727
2016-05-09,785.9141099395753
2016-05-10,788.1847218704223
2016-05-11,792.680937828064
2016-05-12,789.2362638549805
2016-05-13,794.5837290229798
2016-05-16,793.9411398925781
2016-05-17,796.5077479553223
2016-05-18,785.0936900253296
2016-05-19,784.4292979736327
2016-05-20,783.9209290046691
2016-05-23,782.2674389991761
2016-05-24,768.9249800048829
2016-05-25,766.6635460006713
2016-05-26,764.0653320007325
2016-05-27,758.640648021698
2016-05-30,758.640648021698
2016-05-31,763.6515719360351
2016-06-01,762.2823280517578
2016-06-02,761.2820929489136
2016-06-03,780.3045259719848
2016-06-06,780.2459999862671
2016-06-07,780.7662179946899
2016-06-08,791.0048120117187
2016-06-13,807.253267982483
2016-06-14,809.4225878677369
2016-06-15,813.6288820075989
2016-06-16,806.471943900299
2016-06-17,816.19833490448
2016-06-20,810.3275219787598
2016-06-21,796.2509878692626
2016-06-22,794.9175100326538
2016-06-23,789.6031440124511
2016-06-24,833.49
2016-06-27,842.1813100288391
2016-06-28,832.7513979721069
2016-06-29,834.9483757019043
2016-06-30,840.5069811126709
2016-07-01,854.5300513702392
2016-07-04,854.5300513702392
2016-07-05,864.4711981506347
2016-07-06,871.2386714172363
2016-07-07,866.5334966888428
2016-07-08,872.8916845733643
2016-07-11,865.169848072815
2016-07-12,850.1249102020264
2016-07-13,857.5882729492188
2016-07-14,850.5771452316285
2016-07-15,848.1156355133056
2016-07-18,851.3331581352234
2016-07-19,851.429244872284
2016-07-20,837.103635925293
2016-07-21,849.5365703659057
2016-07-22,843.5125898132325
2016-07-25,837.9263091522217
2016-07-26,840.294
2016-07-27,853.7040318603516
2016-07-28,849.4241323669434
2016-07-29,856.0531296432496
2016-08-01,858.2921701080322
2016-08-02,862.8954813003539
2016-08-03,859.8387595214843
2016-08-04,862.1809235839844
2016-08-05,848.5901703033446
2016-08-08,848.7121842590332
2016-08-09,851.3178739089965
2016-08-10,852.9313038024902
2016-08-11,846.1201458648682
2016-08-12,844.9677701202393
2016-08-15,848.47405569458
2016-08-16,850.9852880859374
2016-08-17,852.3148
2016-08-18,855.9605710464477
2016-08-19,851.1924631195069
2016-08-22,849.417541885376
2016-08-23,848.0453421798707
2016-08-24,840.9442836242675
2016-08-25,840.1869023437499
2016-08-26,840.6274703521728
2016-08-29,843.3682703781128
2016-08-30,834.9253258483888
2016-08-31,833.2309198486328
2016-09-01,835.8471831077575
2016-09-02,845.361027961731
2016-09-05,845.361027961731
2016-09-06,858.7789067962647
2016-09-07,854.2782284545899
2016-09-08,850.2597355957031
2016-09-09,846.41115
2016-09-12,845.4692675415039
2016-09-13,839.7836500000001
2016-09-14,841.7089280357361
2016-09-19,835.2577979660034
2016-09-20,836.6848162841796
2016-09-21,848.8272426109314
2016-09-22,849.9989079666138
2016-09-23,851.2978601760864
2016-09-26,850.5416853500367
2016-09-27,844.4414603172303
2016-09-28,842.266068145752
2016-09-29,840.2565479660034
2016-09-30,837.8303359298706
2016-10-10,801.2869844207763
2016-10-11,803.2564705047607
2016-10-12,804.4133056488037
2016-10-13,807.1777357910156
2016-10-14,803.0182761062622
2016-10-17,806.0448020553589
2016-10-18,811.6428296585083
2016-10-19,815.9180741119385
2016-10-20,814.2584715934753
2016-10-21,817.4632943878173
2016-10-24,816.5287514648438
2016-10-25,823.3236682739257
2016-10-26,817.8207801986695
2016-10-27,820.6777334877014
2016-10-28,823.8260924072265
2016-10-31,825.9606065368653
2016-11-01,830.0230127029419
2016-11-02,835.8805798736572
2016-11-03,840.4171806335448
2016-11-04,840.0554218780518
2016-11-07,827.4441103363038
2016-11-08,825.205755859375
2016-11-09,823.7999474548341
2016-11-10,814.144325
2016-11-11,796.1277596260071
2016-11-14,794.7381211776733
2016-11-15,802.9278908294677
2016-11-16,803.0272669143676
2016-11-17,797.785845425415
2016-11-18,793.0726055091858
2016-11-21,796.5542566192627
2016-11-22,795.8395263061524
2016-11-23,783.633375
2016-11-24,783.633375
2016-11-25,778.990940222168
2016-11-28,785.8459210739136
2016-11-29,780.8040678596496
2016-11-30,769.253475
2016-12-01,767.7298263015747
2016-12-02,771.8596157989502
2016-12-05,767.1163562965394
2016-12-06,766.5269720993042
2016-12-07,769.1667525939941
2016-12-08,767.2780449012757
2016-12-09,762.2236905349732
2016-12-12,765.1566878929137
2016-12-13,761.9282589477539
2016-12-14,751.199087638855
2016-12-15,745.0469145812988
2016-12-16,751.8119212341309
2016-12-19,754.7656285461426
2016-12-20,748.8171363601684
2016-12-21,748.3711394119263
2016-12-22,747.4599815582276
2016-12-23,749.3795781188965
2016-12-26,749.3795781188965
2016-12-27,754.3942790344238
2016-12-28,757.2192782455444
2016-12-29,766.9015213661194
2016-12-30,761.0222342376709
2017-01-03,768.5950334930419
2017-01-04,768.5036962310791
2017-01-05,775.3384726104736
2017-01-06,773.0418
2017-01-09,781.3664373016356
2017-01-10,782.7717105560303
2017-01-11,787.29275
2017-01-12,784.7260152282715
2017-01-13,787.8776786842346
2017-01-16,787.8776786842346
2017-01-17,793.8041895446778
2017-01-18,785.2513387756348
2017-01-19,788.2403369445801
2017-01-20,790.1634209594727
2017-01-23,793.323612272644
2017-01-24,790.2334619865418
2017-01-25,786.6587819000243
2017-01-26,778.8663826904298
2017-02-03,797.2324311447144
2017-02-06,807.4219790649414
2017-02-07,808.3714596992493
2017-02-08,811.9653167724609
2017-02-09,805.3131462860107
2017-02-10,808.7939895057679
2017-02-13,803.3037009887696
2017-02-14,802.7127590950012
2017-02-15,806.7053040390015
2017-02-16,809.0487485458374
2017-02-17,807.7555220947265
2017-02-20,807.7555220947265
2017-02-21,810.23775
2017-02-22,810.8081401824951
2017-02-23,816.190084753418
2017-02-24,821.6806290512085
2017-02-27,818.056618862152
2017-02-28,818.6928180503845
2017-03-01,819.0613472045899
2017-03-02,809.7499566101075
2017-03-03,810.2784687301636
2017-03-06,804.8427684173585
2017-03-07,798.8819915771485
2017-03-08,795.214161126709
2017-03-09,790.8274504333496
2017-03-10,792.1416084289551
2017-03-13,792.2796852493286
2017-03-14,788.9115789871216
2017-03-15,803.6595
2017-03-16,806.9545132064819
2017-03-17,807.2309852600098
2017-03-20,811.4065647506715
2017-03-21,815.9108263015747
2017-03-22,817.3721675949097
2017-03-23,816.9598683944702
2017-03-24,817.7924621994018
2017-03-27,821.0157026153564
2017-03-28,818.7452222969056
2017-03-29,821.9331196121216
2017-03-30,815.9028984069823
2017-03-31,817.1735124023438
2017-04-05,824.4210589294433
2017-04-06,821.8056921043396
2017-04-07,824.0111816848755
2017-04-10,824.1306416839599
2017-04-11,834.9142838195801
2017-04-12,840.5957568740845
2017-04-13,844.284889492035
2017-04-14,843.9170894966126
2017-04-17,841.0111853027344
2017-04-18,844.731393901062
2017-04-19,838.2328031158447
2017-04-20,839.0847937011719
2017-04-21,842.0431781921387
2017-04-24,836.2683431091309
2017-04-25,827.6085999999999
2017-04-26,832.8050867614746
2017-04-27,830.1853577911378
2017-04-28,832.1052768707275
2017-05-02,824.9747955207824
2017-05-03,813.6844871520996
2017-05-04,805.372167313385
2017-05-05,807.6147357444763
2017-05-08,806.042
2017-05-09,801.4413210754394
2017-05-10,800.8036503181457
2017-05-11,804.2344499999999
2017-05-12,805.7998886291504
2017-05-15,807.0945957946777
2017-05-16,809.9026105041504
2017-05-17,823.8317732963562
2017-05-18,818.3632631835937
2017-05-19,821.8302105026245
2017-05-22,825.2477305023193
2017-05-23,820.6363157958984
2017-05-24,823.9095672042847
2017-05-25,820.4930790527344
2017-05-26,826.0003562736512
2017-05-31,821.3980947036744
2017-06-01,821.2460963043213
2017-06-02,827.9816891555787
2017-06-05,828.1292128372193
2017-06-06,836.4029396324158
2017-06-07,831.8640542678833
2017-06-08,827.0983603744507
2017-06-09,819.3103862228393
2017-06-12,818.1350681488037
2017-06-13,819.0351108207702
2017-06-14,813.4340139282227
2017-06-15,812.1038499229431
2017-06-16,812.6695730621338
2017-06-19,807.4557420806884
2017-06-20,806.9921320838928
2017-06-21,809.1952770805359
2017-06-22,811.926287498474
2017-06-23,816.2443370857239
2017-06-26,809.369356173706
2017-06-27,809.0960833740234
2017-06-28,808.3297703735352
2017-06-29,802.6828779296875
2017-06-30,800.0929632423401
2017-07-03,789.2262311035156
2017-07-04,789.2262311035156
2017-07-05,792.27771717453
2017-07-06,791.8795382995606
2017-07-07,784.3535836944579
2017-07-10,785.496230303955
2017-07-11,786.3316386795044
2017-07-12,787.4375867156982
2017-07-13,785.5491479301452
2017-07-14,791.0116342597961
2017-07-17,793.9360161972046
2017-07-18,796.6637651168824
2017-07-19,797.1699003616333
2017-07-20,798.9476655654906
2017-07-21,806.9489524543762
2017-07-24,805.1993115234375
2017-07-25,802.6505276412964
2017-07-26,809.5496214523315
2017-07-27,807.5043961715697
2017-07-28,812.9919944458009
2017-07-31,811.923
2017-08-01,810.4060602493286
2017-08-02,809.0880102539062
2017-08-03,809.7618254089356
2017-08-04,804.9094902648926
2017-08-07,803.1908713569641
2017-08-08,803.6493180923462
2017-08-09,809.3803037109375
2017-08-10,812.2076539154052
2017-08-11,817.9287540985107
2017-08-14,813.1454277877808
2017-08-15,808.6908324394226
2017-08-16,815.3103183746339
2017-08-17,817.375755744934
2017-08-18,815.7410203552246
2017-08-21,817.9498942337036
2017-08-22,813.9185939025879
2017-08-23,816.6019108108521
2017-08-24,814.4514060974121
2017-08-25,815.7913958015441
2017-08-28,824.001412133789
2017-08-29,820.4876779251099
2017-08-30,819.7562520233155
2017-08-31,829.0028139892578
2017-09-01,826.3484959960938
2017-09-04,826.3484959960938
2017-09-05,832.8873640174867
2017-09-06,827.0674850769043
2017-09-07,830.6668216552733
2017-09-08,828.9000889068603
2017-09-11,823.4402419311524
2017-09-12,826.8670880493164
2017-09-13,821.4894039916992
2017-09-14,826.6003439941405
2017-09-15,822.2214920043945
2017-09-18,817.3561040115356
2017-09-19,819.9996180725097
2017-09-20,812.1834180450439
2017-09-21,807.9827500099183
2017-09-22,812.1392619224548
2017-09-25,824.251608920288
2017-09-26,817.2924899490357
2017-09-27,809.947222290039
2017-09-28,813.8086049034118
2017-09-29,808.9082261825562
2017-10-09,812.2348761825561
2017-10-10,804.3148900268554
2017-10-11,808.8177360305785
2017-10-12,809.2920909805298
2017-10-13,814.5498679924011
2017-10-16,810.1878530426026
2017-10-17,808.7448418121338
2017-10-18,806.0637378692627
2017-10-19,809.3161099639892
2017-10-20,804.8757890396118
2017-10-23,808.5084202575683
2017-10-24,804.8425671463012
2017-10-25,805.1572398757934
2017-10-26,798.8949481567382
2017-10-27,803.9608301467896
2017-10-30,805.4902557357788
2017-10-31,800.3799638549805
2017-11-01,799.544002029419
2017-11-02,800.6781081298827
2017-11-03,800.4343382263183
2017-11-06,806.6733251182557
2017-11-07,804.5919739227295
2017-11-08,805.7865688041687
2017-11-09,810.6744957687379
2017-11-10,804.0366957687378
2017-11-13,805.3164187927246
2017-11-14,806.5505838012695
2017-11-15,803.734224243164
2017-11-16,804.5542301124573
2017-11-17,813.886074043274
2017-11-20,803.6180788269044
2017-11-21,805.1860291557313
2017-11-22,810.412599848938
2017-11-23,810.412599848938
2017-11-24,807.2875339859008
2017-11-27,810.2726730789185
2017-11-28,811.0863478759766
2017-11-29,806.5745700508118
2017-11-30,800.3498899154663
2017-12-01,804.1597587799072
2017-12-04,802.0298320198059
2017-12-05,796.1574379806518
2017-12-06,794.0949499816894
2017-12-07,784.0838628639221
2017-12-08,784.3257742225647
2017-12-11,780.931189136505
2017-12-12,782.2711601028443
2017-12-13,788.559794883728
2017-12-14,786.0202650169372
2017-12-15,787.6367860168457
2017-12-18,791.2716461853026
2017-12-19,791.8664139831542
2017-12-20,790.1727899856567
2017-12-21,792.0368069274903
2017-12-22,795.1805160522462
2017-12-25,795.1805160522462
2017-12-26,796.7289110359193
2017-12-27,801.3399020080567
2017-12-28,802.4807600326537
2017-12-29,804.504004927826
2018-01-02,812.34865990448
2018-01-03,811.4548180160523
2018-01-04,814.4235840568543
2018-01-05,813.0783868789673
2018-01-08,814.1390541381836
2018-01-09,814.0254209083557
2018-01-10,813.3826570587157
2018-01-11,814.8080798583984
2018-01-12,820.2504660850525
2018-01-15,820.2504660850525
2018-01-16,818.9112032089233
2018-01-17,811.4586160736084
2018-01-18,807.7065539169312
2018-01-19,808.9615682830811
2018-01-22,811.0032847709656
2018-01-23,814.5919921875001
2018-01-24,820.0029616546631
2018-01-25,808.629640713501
2018-01-26,809.38963928833
2018-01-29,806.482070336914
2018-01-30,801.3633392868041
2018-01-31,802.1653745887755
2018-02-01,806.444029119873
2018-02-02,796.0547721557617
2018-02-05,796.3723442459107
2018-02-06,787.7625227432252
2018-02-07,781.7968767356872
2018-02-08,790.1485772232055
2018-02-09,785.6267608627319
2018-02-12,792.9652673721314
2018-02-13,799.0950516052246
2018-02-14,813.4654468963623
2018-02-22,801.638749369812
2018-02-23,798.8320021347047
2018-02-26,798.0891557388305
2018-02-27,790.433679650116
2018-02-28,791.0
2018-03-01,792.7826877593993
2018-03-02,795.3236881286622
2018-03-05,794.7803399375915
2018-03-06,798.3157212982178
2018-03-07,794.8647077178955
2018-03-08,795.0248263931275
2018-03-09,794.4798957939148
2018-03-12,794.2915857925415
2018-03-13,794.6780322875976
2018-03-14,793.6697807312012
2018-03-15,789.3929896438599
2018-03-16,788.7179903411866
2018-03-19,790.3147343833924
2018-03-20,787.2303525390624
2018-03-21,799.3536212158203
2018-03-22,797.5794012527466
2018-03-23,805.3467138519287
2018-03-26,804.1231723480225
2018-03-27,800.3949555885315
2018-03-28,791.4200791305542
2018-03-29,790.9172097564698
2018-03-30,789.0303597427368
2018-04-02,799.001923412323
2018-04-03,794.1870491897583
2018-04-04,797.2040057601929
2018-04-09,799.4098680763244
2018-04-10,798.2881932479859
2018-04-11,802.6732088241578
2018-04-12,796.1359292694092
2018-04-13,799.4301058578491
2018-04-16,800.9037587646484
2018-04-17,802.3211
2018-04-18,801.9007604293823
2018-04-19,800.8813904228211
2018-04-20,797.0725177116394
2018-04-23,793.3908133468628
2018-04-24,795.6908261604309
2018-04-25,793.0426991577149
2018-04-26,791.5599877319336
2018-04-27,794.72875
2018-05-02,786.5376597061157
2018-05-03,789.4265522460938
2018-05-04,791.9374118217469
2018-05-07,792.7634780578613
2018-05-08,793.5136866760254
2018-05-09,790.5523166427613
2018-05-10,794.1419219360351
2018-05-11,791.6625
2018-05-14,788.7686264648438
2018-05-15,780.9325014038086
2018-05-16,779.0606798324584
2018-05-17,778.7602238845825
2018-05-18,780.5841113525391
2018-05-21,781.6061414222718
2018-05-22,779.2620833129882
2018-05-23,782.724255847931
2018-05-24,787.9727396514893
2018-05-25,787.3488571495056
2018-05-28,787.3488571495056
2018-05-29,790.4116936645507
2018-05-30,791.7269926261903
2018-05-31,789.0217502197266
2018-06-01,786.1408062896729
2018-06-04,783.779867591858
2018-06-05,786.7559602279664
2018-06-06,784.8441883087158
2018-06-07,784.9525438995362
2018-06-08,787.6453446784974
2018-06-11,788.672021484375
2018-06-12,785.9497420471192
2018-06-13,787.7261516113282
2018-06-14,789.3852224273681
2018-06-15,781.174762423706
2018-06-19,782.808179776001
2018-06-20,778.2385518241882
2018-06-21,779.1245198059082
2018-06-22,782.5348941864014
2018-06-25,783.6010360107422
2018-06-26,784.241848047638
2018-06-27,782.533148083496
2018-06-28,783.0301780853272
2018-06-29,785.1189250968932
2018-07-02,782.6594658996581
2018-07-03,787.4563301269532
2018-07-04,787.4563301269532
2018-07-05,789.7896252456666
2018-07-06,789.1828600524902
2018-07-09,787.8555550895692
2018-07-10,788.4583300231933
2018-07-11,785.4116919250488
2018-07-12,787.1001716995239
2018-07-13,786.810904083252
2018-07-16,786.0098504058839
2018-07-17,779.2852958190919
2018-07-18,781.1495746032715
2018-07-19,784.0452644714355
2018-07-20,788.6332874816895
2018-07-23,787.9532
2018-07-24,788.0508542175293
2018-07-25,789.4335460647583
2018-07-26,785.6730822181702
2018-07-27,788.7675634689332
2018-07-30,787.5996403915406
2018-07-31,789.1727474655152
2018-08-01,784.72515184021
2018-08-02,783.0877370452881
2018-08-03,785.0070154922485
2018-08-06,783.1605125427245
2018-08-07,782.4204949951172
2018-08-08,785.3409290283203
2018-08-09,782.5153114311217
2018-08-10,785.1448187133789
2018-08-13,778.0684736938476
2018-08-14,778.0233609001159
2018-08-15,770.8802869262695
2018-08-16,764.2791095031738
2018-08-17,770.7816011199951
2018-08-20,772.4448907348632
2018-08-21,773.5540650238038
2018-08-22,774.7667770385742
2018-08-23,771.3525390197753
2018-08-24,776.63050491333
2018-08-27,780.8735300445557
2018-08-28,773.2286260757446
2018-08-29,778.7297791900635
2018-08-30,777.4680558242798
2018-08-31,775.2733145904541
2018-09-03,775.2733145904541
2018-09-04,772.7461130882263
2018-09-05,773.635637916565
2018-09-06,775.7279942550659
2018-09-07,774.708359967804
2018-09-10,775.5866854591369
2018-09-11,777.8666963867188
2018-09-12,782.9093454437256
2018-09-13,778.1980466133118
2018-09-14,776.1422229469299
2018-09-17,778.6829441833496
2018-09-18,778.0963207458495
2018-09-19,779.6907891952515
2018-09-20,782.2352620201111
2018-09-21,778.0760763542175
2018-09-25,780.0026904724122
2018-09-26,777.3657359848022
2018-09-27,771.8004210205078
2018-09-28,774.4356946716309
2018-10-08,772.9247262878418
2018-10-09,779.3834094383241
2018-10-10,781.4004929870605
2018-10-11,797.4926315917969
2018-10-12,797.184209223938
2018-10-15,801.9196
2018-10-16,800.2011810882568
2018-10-17,801.9962833412171
2018-10-18,804.102251298523
2018-10-19,803.8449058021546
2018-10-22,803.5596596420288
2018-10-23,807.432342765808
2018-10-24,809.8537454223633
2018-10-25,808.7122906013489
2018-10-26,810.6757016944886
2018-10-29,809.5757380065918
2018-10-30,806.6975612594605
2018-10-31,803.0215656410218
2018-11-01,807.137895992279
2018-11-02,803.6485205123902
2018-11-05,805.850632019806
2018-11-06,802.6718943328858
2018-11-07,802.6259135559081
2018-11-08,802.56379553833
2018-11-09,796.2427673484802
2018-11-12,790.5394234710693
2018-11-13,790.7379987762451
2018-11-14,796.7479957580566
2018-11-15,796.2742367095947
2018-11-16,802.0212730522156
2018-11-19,802.7266532928467
2018-11-20,803.3050032836913
2018-11-21,802.3073322265625
2018-11-22,802.3073322265625
2018-11-23,804.3352056770325
2018-11-26,802.5069037643433
2018-11-27,798.8794887908936
2018-11-28,802.2832729019166
2018-11-29,803.4554911705018
2018-11-30,803.6731383682251
2018-12-03,800.8775431945801
2018-12-04,800.4332347709656
2018-12-05,800.4332347709656
2018-12-06,806.1106197998047
2018-12-07,811.6679718292237
2018-12-10,812.8981381080628
2018-12-11,810.649878314209
2018-12-12,810.136068296814
2018-12-13,808.5828856018067
2018-12-14,808.2992831420898
2018-12-17,812.8551129409791
2018-12-18,814.5142955192566
2018-12-19,809.3040761032105
2018-12-20,820.7766012954712
2018-12-21,819.737864428711
2018-12-24,828.7140728210449
2018-12-25,828.7140728210449
2018-12-26,823.8232272125243
2018-12-27,827.7009909049988
2018-12-28,832.3480132141113
2019-01-02,832.2874135604859
2019-01-03,841.1920460968017
2019-01-04,833.8434887634277
2019-01-07,834.7531901809692
2019-01-08,832.7113986358643
2019-01-09,833.1390103698731
2019-01-10,825.2921001434325
2019-01-11,823.3193006286621
2019-01-14,825.2795392456054
2019-01-15,823.8478414344788
2019-01-16,825.7137413299561
2019-01-17,827.1120891342164
2019-01-18,820.0920072517396
2019-01-21,820.0920072517396
2019-01-22,826.7344192260742
2019-01-23,823.454807711792
2019-01-24,821.4139901580811
2019-01-25,828.6661321166991
2019-01-28,831.4307791740417
2019-01-29,834.4350145935059
2019-01-30,836.8569513854981
2019-01-31,835.30105
2019-02-01,839.4537
2019-02-11,839.3305096382142
2019-02-12,838.854240133667
2019-02-13,833.9565445663452
2019-02-14,840.0226494689941
2019-02-15,844.6464206542969
2019-02-18,844.6464206542969
2019-02-19,855.9851793823243
2019-02-20,854.4989026794434
2019-02-21,840.2734955062866
2019-02-22,842.2556
2019-02-25,838.023246359253
2019-02-26,841.1348522644043
2019-02-27,833.2035343139648
2019-02-28,829.6418737060548
2019-03-01,817.1810055847168
2019-03-04,814.9990036315918
2019-03-05,816.2543281860352
2019-03-06,815.9909430953979
2019-03-07,815.7209463409423
2019-03-08,825.4970593902589
2019-03-11,821.6361456413268
2019-03-12,824.8268825149536
2019-03-13,830.5205514404297
2019-03-14,822.705393612671
2019-03-15,825.485321194458
2019-03-18,825.8567901451112
2019-03-19,827.9538095687867
2019-03-20,830.9628900421143
2019-03-21,828.0623380432129
2019-03-22,832.6073221984863
2019-03-25,837.9508557174684
2019-03-26,834.6123704910278
2019-03-27,831.6946402633668
2019-03-28,821.3744002815247
2019-03-29,818.8335263366699
2019-04-01,815.490597808838
2019-04-02,819.9861765663146
2019-04-03,817.2536604766847
2019-04-04,820.1762410995484
2019-04-08,822.7526723464965
2019-04-09,826.471975240326
2019-04-10,829.5410008026123
2019-04-11,819.3576394958496
2019-04-12,816.7361492752075
2019-04-15,815.595509765625
2019-04-16,808.7667263366699
2019-04-17,804.3123518371582
2019-04-18,807.454015424347
2019-04-19,806.8642024108887
2019-04-22,807.8271624328613
2019-04-23,807.7950064704895
2019-04-24,809.6427372039794
2019-04-25,812.8588239425659
2019-04-26,816.6016524795532
2019-04-29,813.5725683288574
2019-04-30,816.2456194473267
2019-05-06,816.6997454956055
2019-05-07,821.2583487968445
2019-05-08,819.9874628356933
2019-05-09,827.2626991699218
2019-05-10,828.3590330818176
2019-05-13,843.5402424087524
2019-05-14,841.7532957069398
2019-05-15,841.3333338043213
2019-05-16,836.3776467041016
2019-05-17,834.6808405563354
2019-05-20,833.7550997817993
2019-05-21,830.5682562118529
2019-05-22,830.3052812484741
2019-05-23,837.1271663497924
2019-05-24,836.9336310562134
2019-05-27,836.9336310562134
2019-05-28,834.6694866485595
2019-05-29,835.6710249893189
2019-05-30,839.7948758483886
2019-05-31,851.3100036392212
2019-06-03,863.6093122131348
2019-06-04,864.4360905395507
2019-06-05,866.7969564331055
2019-06-06,869.604197026062
2019-06-10,868.5118466888428
2019-06-11,865.0814281089783
2019-06-12,870.2528756637573
2019-06-13,876.2239094390869
2019-06-14,876.3900150939941
2019-06-17,875.8866712471008
2019-06-18,877.1534429519653
2019-06-19,882.3898397888184
2019-06-20,898.2346141815185
2019-06-21,906.5177986541747
2019-06-24,920.944668786621
2019-06-25,923.1751990066529
2019-06-26,914.5809653961181
2019-06-27,913.4343828186035
2019-06-28,914.4179790496827
2019-07-01,894.577160559082
2019-07-02,916.753522164917
2019-07-03,919.4546115966797
2019-07-04,919.4546115966797
2019-07-05,910.7749457931519
2019-07-08,903.3801858032226
2019-07-09,907.30955
2019-07-10,919.4790275802612
2019-07-11,911.4101190399169
2019-07-12,918.6329796020508
2019-07-15,918.2724486053467
2019-07-16,910.289678036499
2019-07-17,924.981810585022
2019-07-18,938.8185946105957
2019-07-19,925.3149723999023
2019-07-22,925.0563140029907
2019-07-23,919.6134197937012
2019-07-24,923.3502954467773
2019-07-25,916.7821754180909
2019-07-26,919.2427358016968
2019-07-29,927.2749225860595
2019-07-30,929.1078045913697
2019-07-31,916.924439213562
2019-08-01,940.8470772583007
2019-08-02,942.8999387649536
2019-08-05,971.1576516799927
2019-08-06,975.037097705078
2019-08-07,995.4884141601563
2019-08-08,998.3460899047851
2019-08-09,997.4791992111207
2019-08-12,1006.6540484619142
2019-08-13,998.4572854034424
2019-08-14,1002.4476000000001
2019-08-15,1010.5989685379028
2019-08-16,1005.3568054046631
2019-08-19,994.8113933029175
2019-08-20,1003.9599843978882
2019-08-21,1001.1516092056274
2019-08-22,1001.5220167694092
2019-08-23,1022.5689630126953
2019-08-26,1031.001774456787
2019-08-27,1042.3249234436037
2019-08-28,1039.752074230957
2019-08-29,1029.5067731201173
2019-08-30,1028.430625
2019-09-02,1028.430625
2019-09-03,1046.28095
2019-09-04,1047.7390661621093
2019-09-05,1022.9929476379394
2019-09-06,1009.4911389755249
2019-09-09,1006.8381856536865
2019-09-10,996.9741259094238
2019-09-11,1003.4707503143311
2019-09-12,1000.3619358459473
2019-09-16,998.5530397521973
2019-09-17,1004.0148432769774
2019-09-18,996.9163265670777
2019-09-19,1002.5087433380128
2019-09-20,1013.6441333602905
2019-09-23,1023.04
2019-09-24,1028.0151989227295
2019-09-25,1011.4322920578004
2019-09-26,1010.9626521301269
2019-09-27,1004.601090612793
2019-09-30,992.6010640991211
2019-10-08,1013.6210109222412
2019-10-09,1013.043801763916
2019-10-10,1001.9053756286621
2019-10-11,992.3645953491211
2019-10-14,996.3331860473633
2019-10-15,988.6342583221436
2019-10-16,995.7877459716797
2019-10-17,995.0407303192138
2019-10-18,994.5270775375366
2019-10-21,988.9862445007324
2019-10-22,992.0691984054566
2019-10-23,992.4790633789063
2019-10-24,1000.390643371582
2019-10-25,1002.1983463119507
2019-10-28,993.9028756866455
2019-10-29,990.936375
2019-10-30,994.7692121383667
2019-10-31,1002.4080454528809
2019-11-01,1003.1661908203125
2019-11-04,999.3144570922852
2019-11-05,980.0968127746582
2019-11-06,982.700538647461
2019-11-07,964.654511807251
2019-11-08,961.0980017303467
2019-11-11,958.7895069213868
2019-11-12,962.9169866821288
2019-11-13,968.9369239974976
2019-11-14,972.6219028625488
2019-11-15,968.5066220474243
2019-11-18,973.7500177001954
2019-11-19,974.4775641540527
2019-11-20,976.0933053588867
2019-11-21,969.933
2019-11-22,969.5381246658325
2019-11-25,964.3441048812866
2019-11-26,968.5739446273805
2019-11-27,962.9062413940429
2019-11-28,962.9062413940429
2019-11-29,969.2660922912598
2019-12-02,969.7659727478027
2019-12-03,982.2418033096313
2019-12-04,979.2331750930786
2019-12-05,979.1855
2019-12-06,968.1291416503906
2019-12-09,968.4118748886108
2019-12-10,970.315424584961
2019-12-11,977.7745151123047
2019-12-12,967.9717237854004
2019-12-13,972.3071463394165
2019-12-16,972.1815370559692
2019-12-17,972.611228565979
2019-12-18,973.5431879196168
2019-12-19,977.0120202270507
2019-12-20,977.5190059341431
2019-12-23,981.3853585998536
2019-12-24,989.7941579345703
2019-12-25,989.7941579345703
2019-12-26,995.9338961547852
2019-12-27,995.65529480896
2019-12-30,996.4702661132812
2019-12-31,994.841177508545
2020-01-02,1002.4965687469482
2020-01-03,1015.9003182510376
2020-01-06,1028.030506742859
2020-01-07,1027.5480794769287
2020-01-08,1019.8986462387085
2020-01-09,1012.1193185394287
2020-01-10,1016.2940233337401
2020-01-13,1005.0498184814454
2020-01-14,1002.8862698059082
2020-01-15,1009.6458997421264
2020-01-16,1006.1592222106933
2020-01-17,1005.377574559021
2020-01-20,1005.377574559021
2020-01-21,1013.2250639297484
2020-01-22,1013.4381136474609
2020-01-23,1020.4831341308594
2020-02-03,1041.6058922851564
2020-02-04,1024.7024457458494
2020-02-05,1022.1649242553711
2020-02-06,1027.2895174621583
2020-02-07,1034.5742900009157
2020-02-10,1034.5229272155761
2020-02-11,1028.4519255065918
2020-02-12,1028.4717851989747
2020-02-13,1035.0840760620117
2020-02-14,1040.8991
2020-02-17,1040.8991
2020-02-18,1055.6003846160888
2020-02-19,1062.1504780197142
2020-02-20,1070.299250717163
2020-02-21,1086.8448285598754
2020-02-24,1097.094148260498
2020-02-25,1075.0622614013673
2020-02-26,1081.0849665710448
2020-02-27,1078.5544
2020-02-28,1037.265262133789
2020-03-02,1038.3573787612916
2020-03-03,1070.751226753235
2020-03-04,1067.46552935791
2020-03-05,1092.445172103882
2020-03-06,1091.7900111480712
2020-03-09,1095.9588710449218
2020-03-10,1074.3929222854615
2020-03-11,1071.2757840270997
2020-03-12,1038.6976308135986
2020-03-13,1004.0919034454346
2020-03-16,990.2477277328491
2020-03-17,1005.350662902832
2020-03-18,991.3581084976196
2020-03-19,980.8845842926025
2020-03-20,994.0804543304444
2020-03-23,1037.267021636963
2020-03-24,1083.157356903076
2020-03-25,1075.7278916976927
2020-03-26,1083.5447548416137
2020-03-27,1080.09195
2020-03-30,1085.5178990020752
2020-03-31,1048.3124616088867
2020-04-01,1060.9305833358765
2020-04-02,1076.3177867523193
2020-04-03,1082.4105767211913
2020-04-07,1099.2705447021485
2020-04-08,1092.5867418792725
2020-04-09,1117.621949194336
2020-04-10,1116.2413461730957
2020-04-13,1137.9566668182372
2020-04-14,1146.5523203796388
2020-04-15,1143.6968831298827
2020-04-16,1144.551085519409
2020-04-17,1121.2643787902832
2020-04-20,1129.4143484176636
2020-04-21,1124.766958328247
2020-04-22,1145.549732737732
2020-04-23,1154.0624101257324
2020-04-24,1151.7026276779175
2020-04-27,1144.620270703125
2020-04-28,1138.3611580810548
2020-04-29,1144.3205847702027
2020-04-30,1121.477381552124
2020-05-06,1129.0377233230593
2020-05-07,1143.044670677185
2020-05-08,1134.682731048584
2020-05-11,1131.4356110046388
2020-05-12,1133.339216455078
2020-05-13,1145.7799509841918
2020-05-14,1156.3113960342407
2020-05-15,1164.1160569885253
2020-05-18,1156.4981513549806
2020-05-19,1165.9174410095216
2020-05-20,1167.8294767089844
2020-05-21,1154.21405
2020-05-22,1163.18139684906
2020-05-25,1163.18139684906
2020-05-26,1147.789255645752
2020-05-27,1155.3543054992676
2020-05-28,1155.4408927215577
2020-05-29,1162.330294128418
2020-06-01,1166.29028409729
2020-06-02,1154.329963330078
2020-06-03,1134.9954434051515
2020-06-04,1146.2975913238524
2020-06-05,1118.8371691040038
2020-06-08,1129.2204086303711
2020-06-09,1141.1563511276245
2020-06-10,1154.787894708252
2020-06-11,1147.1229556884766
2020-06-12,1151.7561154174805
2020-06-15,1150.7086839797973
2020-06-16,1149.60615
2020-06-17,1151.575022705078
2020-06-18,1149.7786949295044
2020-06-19,1159.8069123687744
2020-06-22,1166.8230761169434
2020-06-23,1174.932569847107
2020-06-24,1174.07425680542
2020-06-29,1179.6404565673827
2020-06-30,1182.4857525024415
2020-07-01,1178.0533514770507
2020-07-02,1179.880649810791
2020-07-03,1179.880649810791
2020-07-06,1178.5308520248414
2020-07-07,1185.4267609176636
2020-07-08,1191.3273433502197
2020-07-09,1186.10388314209
2020-07-10,1184.1608270874024
2020-07-13,1185.105417300415
2020-07-14,1192.3511571044921
2020-07-15,1190.4210644073487
2020-07-16,1179.1020831436158
2020-07-17,1189.3429098632812
2020-07-20,1193.6569430480956
2020-07-21,1207.54
2020-07-22,1229.1992781738281
2020-07-23,1240.8623607055665
2020-07-24,1253.9021385864257
2020-07-27,1274.6988201141357
2020-07-28,1286.21325
2020-07-29,1296.1692161865235
2020-07-30,1287.7900415039062
2020-07-31,1293.2629409179688
2020-08-03,1295.748631739807
2020-08-04,1321.8214544677735
2020-08-05,1327.069697329712
2020-08-06,1347.923275756836
2020-08-07,1329.3732529907227
2020-08-10,1323.6531225128174
2020-08-11,1249.7013109558106
2020-08-12,1242.2913723358154
2020-08-13,1273.0435327148436
2020-08-14,1268.6712073379517
2020-08-17,1292.7807
2020-08-18,1302.4878193054199
2020-08-19,1260.9550460083008
2020-08-20,1268.77405
2020-08-21,1259.2653285552979
2020-08-24,1252.1580000000001
2020-08-25,1252.5201604370118
2020-08-26,1262.5252842025757
2020-08-27,1249.1967378616332
2020-08-28,1265.7820288101195
2020-08-31,1265.604954537964
2020-09-01,1263.373380834961
2020-09-02,1248.6642166137697
2020-09-03,1240.3380318206787
2020-09-04,1242.581071824646
2020-09-07,1242.581071824646
2020-09-08,1240.6580690536498
2020-09-09,1250.3779608459472
2020-09-10,1246.8404558792115
2020-09-11,1246.680829147339
2020-09-14,1251.9231158447265
2020-09-15,1244.1395343032837
2020-09-16,1242.3310212432862
2020-09-17,1237.3219334045411
2020-09-18,1239.805979347229
2020-09-21,1221.507965071106
2020-09-22,1210.8717936309813
2020-09-23,1190.1275852859499
2020-09-24,1197.781528668213
2020-09-25,1193.4406966552735
2020-09-28,1203.4329992156981
2020-09-29,1214.3648666381837
2020-09-30,1202.5739188476562
2020-10-09,1212.0227762557984
2020-10-12,1208.5422316589354
2020-10-13,1198.7569522338868
2020-10-14,1196.8335006835937
2020-10-15,1202.93282368927
2020-10-16,1193.9324804351807
2020-10-19,1191.6987129226684
2020-10-20,1196.56545
2020-10-21,1201.04422059021
2020-10-22,1194.9599552352906
2020-10-23,1194.4048999191284
2020-10-26,1198.4097654830932
2020-10-27,1200.221716644287
2020-10-28,1184.9850598510743
2020-10-29,1177.6355590209962
2020-10-30,1179.112759577942
2020-11-02,1190.2001334991455
2020-11-03,1194.4520157760621
2020-11-04,1189.2245767089844
2020-11-05,1207.8318626403807
2020-11-06,1210.5195361328124
2020-11-09,1160.4302521362306
2020-11-10,1161.9206602233887
2020-11-11,1156.8934996276855
2020-11-12,1163.3419883880615
2020-11-13,1169.946948184204
2020-11-16,1166.1784098205567
2020-11-17,1157.0634
2020-11-18,1151.0038480285643
2020-11-19,1152.9556921051026
2020-11-20,1152.6669680175783
2020-11-23,1134.1345218658448
2020-11-24,1117.5980758666992
2020-11-25,1114.5282138824464
2020-11-26,1114.5282138824464
2020-11-27,1103.2192058563232
2020-11-30,1096.0219079589842
2020-12-01,1118.1676418762206
2020-12-02,1125.1548560577392
2020-12-03,1130.4884420288085
2020-12-04,1125.2668798278808
2020-12-07,1141.9442510147094
2020-12-08,1146.13785
2020-12-09,1128.3225
2020-12-10,1126.3189110214234
2020-12-11,1128.8608409500123
2020-12-14,1123.2438760375976
2020-12-15,1137.3588879638671
2020-12-16,1142.499230130005
2020-12-17,1154.483389881897
2020-12-18,1153.8293959655762
2020-12-21,1151.890915979004
2020-12-22,1141.6183099395753
2020-12-23,1148.7509600830078
2020-12-24,1153.329039916992
2020-12-25,1153.329039916992
2020-12-28,1148.1946098724366
2020-12-29,1151.565539855957
2020-12-30,1158.7461401000978
2020-12-31,1163.799003982544
2021-01-04,1177.8700448287964
2021-01-05,1180.4258184814453
2021-01-06,1162.4597905609132
2021-01-07,1162.312452331543
2021-01-08,1122.3764762878418
2021-01-11,1120.9535
2021-01-12,1124.9892884521485
2021-01-13,1121.3051174194336
2021-01-14,1121.7454000976563
2021-01-15,1108.922431640625
2021-01-18,1108.922431640625
2021-01-19,1117.9214778610228
2021-01-20,1136.1237990463255
2021-01-21,1132.2211521148681
2021-01-22,1127.0458604431153
2021-01-25,1127.5655397705077
2021-01-26,1122.1928384399414
2021-01-27,1118.3091716949461
2021-01-28,1113.6305407653808
2021-01-29,1109.571605923462
2021-02-01,1126.7279593704222
2021-02-02,1111.31427394104
2021-02-03,1110.391629437256
2021-02-04,1088.1826855010986
2021-02-05,1098.0593682128906
2021-02-08,1105.8752275466918
2021-02-09,1107.2315637817383
2021-02-10,1115.2921393554689
2021-02-18,1078.9012555114746
2021-02-19,1078.1330195388794
2021-02-22,1095.4583395004272
2021-02-23,1093.1916484375001
2021-02-24,1090.9964
2021-02-25,1070.2189092712404
2021-02-26,1047.3961141967773
2021-03-01,1044.2591361083985
2021-03-02,1050.82520569458
2021-03-03,1038.8098184204102
2021-03-04,1028.8933325653077
2021-03-05,1033.7734360351562
2021-03-08,1027.6222858428955
2021-03-09,1046.2641761779785
2021-03-10,1051.5983238220215
2021-03-11,1048.7816917419434
2021-03-12,1050.993104750061
2021-03-15,1054.2351001647949
2021-03-16,1056.11925970459
2021-03-17,1063.305494277954
2021-03-18,1057.5178081176757
2021-03-19,1062.2027157440184
2021-03-22,1060.6409999999998
2021-03-23,1054.3539440917968
2021-03-24,1059.1394781494141
2021-03-25,1058.882448010254
2021-03-26,1061.2443239318848
2021-03-29,1053.1725599609376
2021-03-30,1035.487060131836
2021-03-31,1048.025971987915
2021-04-01,1063.31768195343
2021-04-02,1063.333879953003
2021-04-06,1066.9691479797364
2021-04-07,1064.6945040664673
2021-04-08,1077.6227190170289
2021-04-09,1069.7777219940185
2021-04-12,1062.5282920074465
2021-04-13,1069.3387850769043
2021-04-14,1062.4314319702148
2021-04-15,1078.412739807129
2021-04-16,1084.6519447967528
2021-04-19,1079.695061027527
2021-04-20,1081.8036602371217
2021-04-21,1091.214170690918
2021-04-22,1084.2565964202881
2021-04-23,1080.6847603607177
2021-04-26,1081.857272253418
2021-04-27,1078.9008481292724
2021-04-28,1081.0927847198486
2021-04-29,1075.60962789917
2021-04-30,1072.631957711792
2021-05-06,1099.1827942199707
2021-05-07,1103.4952664489747
2021-05-10,1104.1889199157715
2021-05-11,1106.601986076355
2021-05-12,1100.3982907104491
2021-05-13,1103.8912094970703
2021-05-14,1111.5537387145996
2021-05-17,1124.8583403503417
2021-05-18,1124.6319568634033
2021-05-19,1127.014495562744
2021-05-20,1132.1090871963502
2021-05-21,1132.62371280365
2021-05-24,1131.7614341705323
2021-05-25,1140.6594804382325
2021-05-26,1135.2084160995485
2021-05-27,1134.216346850586
2021-05-28,1135.8168430908204
2021-05-31,1135.8168430908204
2021-06-01,1134.9308010620116
2021-06-02,1140.642012260437
2021-06-03,1122.3589993591308
2021-06-04,1132.8496434173583
2021-06-07,1137.7098497680665
2021-06-08,1134.8480468750001
2021-06-09,1130.2827427139282
2021-06-10,1136.2740811172484
2021-06-11,1124.1560931381225
2021-06-15,1114.825079547119
2021-06-16,1094.573562904358
2021-06-17,1069.3510843536378
2021-06-18,1064.2107777404785
2021-06-21,1079.4819852676392
2021-06-22,1077.482875
2021-06-23,1075.3743740493774
2021-06-24,1074.295360560608
2021-06-25,1075.255131362915
2021-06-28,1075.3572018203736
2021-06-29,1065.378716835022
2021-06-30,1069.4066895263672
2021-07-01,1074.9649602615357
2021-07-02,1082.7175655471801
2021-07-05,1082.7175655471801
2021-07-06,1089.182200366211
2021-07-07,1092.1809324493408
2021-07-08,1094.5047303894044
2021-07-09,1096.2777914978026
2021-07-12,1094.2919
2021-07-13,1094.599577896118
2021-07-14,1106.4235085693358
2021-07-15,1105.112247314453
2021-07-16,1097.5227087249757
2021-07-19,1100.6501769607544
2021-07-20,1098.4094510421753
2021-07-21,1091.269628479004
2021-07-22,1094.0122763061522
2021-07-23,1092.4036321777344
2021-07-26,1090.097223739624
2021-07-27,1096.6117918945313
2021-07-28,1098.776701423645
2021-07-29,1105.1077421783448
2021-07-30,1097.1900853210448
2021-08-02,1096.0198239440917
2021-08-03,1096.6003355407715
2021-08-04,1096.096207107544
2021-08-05,1090.9706919433593
2021-08-06,1067.278796043396
2021-08-09,1048.8674119171142
2021-08-10,1049.1108317077637
2021-08-11,1062.4412
2021-08-12,1062.6838845062257
2021-08-13,1077.674748046875
2021-08-16,1082.615731903076
2021-08-17,1082.867245916748
2021-08-18,1083.4931495758055
2021-08-19,1081.9986659637452
2021-08-20,1083.750020159912
2021-08-23,1093.4547373123169
2021-08-24,1091.3341105041504
2021-08-25,1084.533460333252
2021-08-26,1086.6524911331178
2021-08-27,1101.316524798584
2021-08-30,1094.9832694641113
2021-08-31,1096.2652917724608
2021-09-01,1096.024400289917
2021-09-02,1092.678
2021-09-03,1103.8159522460937
2021-09-06,1103.8159522460937
2021-09-07,1084.446445413208
2021-09-08,1080.8941046203613
2021-09-09,1084.5832331207275
2021-09-10,1077.3078728027344
2021-09-13,1082.1075494369506
2021-09-14,1086.8969711547852
2021-09-15,1079.4825717773438
2021-09-16,1059.0760901184083
2021-09-17,1058.854962623596
2021-09-22,1068.7951501693726
2021-09-23,1056.1110545196532
2021-09-24,1055.897819732666
2021-09-27,1056.4598360595703
2021-09-28,1046.7619947128296
2021-09-29,1043.7727113891601
2021-09-30,1058.1351558654785
2021-10-08,1058.215977470398
2021-10-11,1056.2185082015992
2021-10-12,1061.8100336151124
2021-10-13,1076.9668344665527
2021-10-14,1081.584
2021-10-15,1063.733231781006
2021-10-18,1060.2706682281494
2021-10-19,1055.9349705230713
2021-10-20,1067.0918009765626
2021-10-21,1065.949375
2021-10-22,1071.0269302749634
2021-10-25,1078.7193612304688
2021-10-26,1070.1337132568358
2021-10-27,1074.5389487915038
2021-10-28,1074.3169477035522
2021-10-29,1067.3932109069824
2021-11-01,1071.6589713317871
2021-11-02,1069.7404434356688
2021-11-03,1061.939224369812
2021-11-04,1072.4570109558106
2021-11-05,1086.3136005767822
2021-11-08,1089.2095704986573
2021-11-09,1094.8171210876465
2021-11-10,1106.1167910095216
2021-11-11,1112.3133528076173
2021-11-12,1112.7641955337524
2021-11-15,1111.686385253906
2021-11-16,1105.2873362960815
2021-11-17,1112.87375
2021-11-18,1110.6243095886232
2021-11-19,1102.3392468978882
2021-11-22,1077.269943069458
2021-11-23,1069.0864721984863
2021-11-24,1068.1808727905275
2021-11-25,1068.1808727905275
2021-11-26,1066.5719790161133
2021-11-29,1064.2852188110353
2021-11-30,1053.242
2021-12-01,1057.4588793060302
2021-12-02,1053.619847026062
2021-12-03,1062.399585131836
2021-12-06,1059.752239782715
2021-12-07,1061.8624014587404
2021-12-08,1058.7301112823486
2021-12-09,1057.849967138672
2021-12-10,1060.8647416610718
2021-12-13,1063.1053
2021-12-14,1053.3730395446778
2021-12-15,1057.926856137085
2021-12-16,1070.7420073181152
2021-12-17,1069.6914594543457
2021-12-20,1065.2989806518556
2021-12-21,1064.1846592224122
2021-12-22,1073.8339816741943
2021-12-23,1076.2713197753906
2021-12-24,1076.2713197753906
2021-12-27,1078.971553894043
2021-12-28,1073.9669721130372
2021-12-29,1073.5810966796876
2021-12-30,1082.067499447632
2021-12-31,1089.45973878479
2022-01-04,1080.5170436706542
2022-01-05,1075.8978244628906
2022-01-06,1065.7636130584717
2022-01-07,1069.724975
2022-01-10,1072.7584209777833
2022-01-11,1085.3432722091675
2022-01-12,1085.564954925537
2022-01-13,1082.1325432891845
2022-01-14,1077.8116963684083
2022-01-17,1077.8116963684083
2022-01-18,1076.0499711227417
2022-01-19,1091.7959876174925
2022-01-20,1088.363951300049
2022-01-21,1084.4539417877197
2022-01-24,1089.018704272461
2022-01-25,1091.6893175827026
2022-01-26,1073.174631564331
2022-01-27,1067.2265588653565
2022-01-28,1062.839588821411
2022-02-07,1082.0697138824462
2022-02-08,1086.2306110839843
2022-02-09,1089.2209417129518
2022-02-10,1083.4994404907227
2022-02-11,1104.3887244873047
2022-02-14,1110.769792918396
2022-02-15,1097.06759160614
2022-02-16,1108.0178798675536
2022-02-17,1123.4282249999999
2022-02-18,1120.3016811157227
2022-02-21,1120.3016811157227
2022-02-22,1122.8017747497559
2022-02-23,1125.6160436126709
2022-02-24,1120.9950581375122
2022-02-25,1115.248714277649
2022-02-28,1125.2924228027343
2022-03-01,1146.3127611816408
2022-03-02,1136.0733029937744
2022-03-03,1142.5656192855834
2022-03-04,1160.6371377197268
2022-03-07,1177.999377142334
2022-03-08,1209.921843295288
2022-03-09,1173.8993142700197
2022-03-10,1178.271641418457
2022-03-11,1173.2669777862548
2022-03-14,1160.2483694229124
2022-03-15,1139.4577401123047
2022-03-16,1143.2434751129151
2022-03-17,1147.90984712677
2022-03-18,1140.5093894119263
2022-03-21,1148.1939723632813
2022-03-22,1141.805763885498
2022-03-23,1158.4933044433594
2022-03-24,1165.988741088867
2022-03-25,1160.9946350830078
2022-03-28,1140.8628684448242
2022-03-29,1139.957386116028
2022-03-30,1146.1412716217042
2022-03-31,1145.1945063079834
2022-04-01,1142.06875
2022-04-06,1142.4579632873536
2022-04-07,1146.9623767089845
2022-04-08,1154.9295287689208
2022-04-11,1161.5509729003907
2022-04-12,1169.7144541946411
2022-04-13,1175.8142311340332
2022-04-14,1173.7150571823122
2022-04-15,1172.426777229309
2022-04-18,1174.673433883667
2022-04-19,1162.3753068237304
2022-04-20,1172.7789910949707
2022-04-21,1174.2869842529296
2022-04-22,1172.0652463531494
2022-04-25,1161.1824450149536
2022-04-26,1162.3681120117187
2022-04-27,1154.3407819747924
2022-04-28,1172.0373504821778
2022-04-29,1169.0213041992188
2022-05-05,1165.227487487793
2022-05-06,1169.1918297958373
2022-05-09,1163.3959928588868
2022-05-10,1154.3936936691284
2022-05-11,1161.1085012084961
2022-05-12,1154.7736075744629
2022-05-13,1145.7464744262695
2022-05-16,1156.1980385864258
2022-05-17,1140.6238253341676
2022-05-18,1144.2626676330565
2022-05-19,1153.6708435760497
2022-05-20,1151.2419548309326
2022-05-23,1149.1466821746826
2022-05-24,1158.4869224853514
2022-05-25,1158.1821402526855
2022-05-26,1164.0568429870607
2022-05-27,1157.7493408813477
2022-05-30,1157.7493408813477
2022-05-31,1141.7605059280395
2022-06-01,1151.4953054351806
2022-06-02,1161.1013006469727
2022-06-06,1143.187236730957
2022-06-07,1153.0774662780761
2022-06-08,1154.6023418426514
2022-06-09,1152.4770164108277
2022-06-10,1170.8317289627075
2022-06-13,1147.5372405395508
2022-06-14,1136.0775643615723
2022-06-15,1146.3448846801757
2022-06-16,1157.5410863647462
2022-06-17,1150.2493486938477
2022-06-20,1150.2493486938477
2022-06-21,1141.17347265625
2022-06-22,1147.4857566467285
2022-06-23,1140.4014432067872
2022-06-24,1137.5278775085449
2022-06-27,1136.6139691680908
2022-06-28,1137.6413072509765
2022-06-29,1135.5321898025513
2022-06-30,1128.3619709701538
2022-07-01,1127.7440490722656
2022-07-04,1127.7440490722656
2022-07-05,1106.9882
2022-07-06,1087.472975906372
2022-07-07,1087.0220863723755
2022-07-08,1086.5173704299925
2022-07-11,1084.4059757995606
2022-07-12,1081.3244343109131
2022-07-13,1085.5480410003663
2022-07-14,1076.1466983673095
2022-07-15,1074.351027885437
2022-07-18,1073.0567446899413
2022-07-19,1075.7781747283937
2022-07-20,1067.402114654541
2022-07-21,1084.3067139053346
2022-07-22,1084.5224876403809
2022-07-25,1081.536448161316
2022-07-26,1082.1264186035155
2022-07-27,1092.4041776275635
2022-07-28,1103.9972558822633
2022-07-29,1106.5755711578367
2022-08-01,1116.8240137390137
2022-08-02,1107.32111559906
2022-08-03,1111.1064043807983
2022-08-04,1128.1467326431275
2022-08-05,1117.476057609558
2022-08-08,1125.2408614807127
2022-08-09,1129.0179793930054
2022-08-10,1121.2619317932129
2022-08-11,1121.8801053009033
2022-08-12,1131.8634420776366
2022-08-15,1122.1053104629516
2022-08-16,1122.7882375717163
2022-08-17,1114.3752163848876
2022-08-18,1112.2791475753784
2022-08-19,1109.1646163208009
2022-08-22,1106.8460598205565
2022-08-23,1114.5838812561035
2022-08-24,1119.5848250000001
2022-08-25,1121.310875
2022-08-26,1111.5338022537233
2022-08-29,1117.918466215515
2022-08-30,1109.1240620422363
2022-08-31,1097.2110594329833
2022-09-01,1090.3449082763673
2022-09-02,1098.6550721054077
2022-09-05,1098.6550721054077
2022-09-06,1100.9001687316895
2022-09-07,1113.9821170043945
2022-09-08,1105.8966462799071
2022-09-09,1106.5937307128906
2022-09-13,1097.8101835098266
2022-09-14,1099.3822650146485
2022-09-15,1083.8371021209716
2022-09-16,1087.7475904388427
2022-09-19,1092.4998470306396
2022-09-20,1088.2192833984375
2022-09-21,1097.9922936813355
2022-09-22,1101.9200184020997
2022-09-23,1090.441026852417
2022-09-26,1079.540201501465
2022-09-27,1087.450991821289
2022-09-28,1113.6133275756836
2022-09-29,1101.1173620727538
2022-09-30,1100.2450319747925
2022-10-10,1105.509413621521
2022-10-11,1111.5507502349853
2022-10-12,1118.7603193969726
2022-10-13,1110.7047262573242
2022-10-14,1099.849679283142
2022-10-17,1103.795518826294
2022-10-18,1107.015375
2022-10-19,1096.4153376464844
2022-10-20,1092.393682987976
2022-10-21,1116.0305408111572
2022-10-24,1115.9445406707764
2022-10-25,1119.3952
2022-10-26,1111.3615493621826
2022-10-27,1117.826325682068
2022-10-28,1110.3947105499267
2022-10-31,1109.6721947509766
2022-11-01,1116.114628829956
2022-11-02,1110.7707055511473
2022-11-03,1108.2129821777344
2022-11-04,1142.1684209106445
2022-11-07,1126.265654107666
2022-11-08,1155.7733028793334
2022-11-09,1148.6418208099365
2022-11-10,1174.4402893066406
2022-11-11,1182.1990224609376
2022-11-14,1166.1493070526124
2022-11-15,1165.782
2022-11-16,1171.7575333496093
2022-11-17,1172.8639788986206
2022-11-18,1158.9345202026368
2022-11-21,1159.7083549804688
2022-11-22,1156.9853682861328
2022-11-23,1167.3266531066895
2022-11-24,1167.3266531066895
2022-11-25,1169.3407327453613
2022-11-28,1167.0942292114257
2022-11-29,1164.6260334228516
2022-11-30,1168.1567816955567
2022-12-01,1181.996390209961
2022-12-02,1173.9979014434814
2022-12-05,1144.3187857513428
2022-12-06,1152.808514389038
2022-12-07,1159.3533787628173
2022-12-08,1159.4469115020752
2022-12-09,1162.0526370178222
2022-12-12,1155.9990128967283
2022-12-13,1169.9648918609619
2022-12-14,1168.2614224182128
2022-12-15,1152.7541025512694
2022-12-16,1162.6596851989746
2022-12-19,1160.447955102539
2022-12-20,1176.7968127441407
2022-12-21,1178.3928213043212
2022-12-22,1164.4683656417847
2022-12-23,1168.8128416137697
2022-12-26,1168.8128416137697
2022-12-27,1173.9431872558594
2022-12-28,1171.575259552002
2022-12-29,1175.6181674957277
2022-12-30,1170.0410037902832
2023-01-03,1182.6232931213378
2023-01-04,1189.2646123886109
2023-01-05,1173.1776293945313
2023-01-06,1187.6553159027098
2023-01-09,1178.6570413208008
2023-01-10,1184.213017227173
2023-01-11,1182.1773669433594
2023-01-12,1189.9353558883668
2023-01-13,1197.8707231903074
2023-01-16,1197.8707231903074
2023-01-17,1202.6927321990968
2023-01-18,1195.8920843658448
2023-01-19,1218.5388778656006
2023-01-20,1216.0343794631958
2023-01-30,1206.6478389205931
2023-01-31,1211.7351647338867
2023-02-01,1224.5647896575927
2023-02-02,1196.662098944092
2023-02-03,1174.8966634750366
2023-02-06,1180.550725744629
2023-02-07,1181.4981509857178
2023-02-08,1184.0695148620605
2023-02-09,1172.8319377258301
2023-02-10,1180.6856201568603
2023-02-13,1176.2790748626708
2023-02-14,1178.1495591659545
2023-02-15,1170.7673858184814
2023-02-16,1171.17425
2023-02-17,1175.8882482833862
2023-02-20,1175.8882482833862
2023-02-21,1172.159366455078
2023-02-22,1169.0931532348632
2023-02-23,1171.304825592041
2023-02-24,1170.7901174468996
2023-02-27,1173.7744118499756
2023-02-28,1176.9998415374755
2023-03-01,1172.3698182861328
2023-03-02,1179.6360773132326
2023-03-03,1191.0089899291993
2023-03-06,1189.2407561645507
2023-03-07,1173.6794760131836
2023-03-08,1171.2855373413086
2023-03-09,1185.1025787506103
2023-03-10,1200.1376412963866
2023-03-13,1217.5406341781618
2023-03-14,1214.4684525756836
2023-03-15,1229.7381513290406
2023-03-16,1231.5080555114746
2023-03-17,1265.6240194244383
2023-03-20,1264.2676548156737
2023-03-21,1241.4866763916016
2023-03-22,1262.1039047973634
2023-03-23,1266.5239494567872
2023-03-24,1261.2163330841063
2023-03-27,1252.4346089935302
2023-03-28,1260.6914167785644
2023-03-29,1256.938077593994
2023-03-30,1265.3165496826173
2023-03-31,1258.281680383301
2023-04-03,1269.192257824707
2023-04-04,1292.9264106140138
2023-04-06,1282.118787765503
2023-04-07,1282.118787765503
2023-04-10,1273.686381199646
2023-04-11,1282.8358395935059
2023-04-12,1286.5568867797851
2023-04-13,1302.9400523834229
2023-04-14,1280.106844192505
2023-04-17,1276.1866496032715
2023-04-18,1280.5618749999999
2023-04-19,1276.2221402023317
2023-04-20,1278.9034998321533
2023-04-21,1269.851
2023-04-24,1274.4127811645508
2023-04-25,1287.6190000000001
2023-04-26,1279.5277520462037
2023-04-27,1278.8395
2023-04-28,1277.1528210906981
2023-05-04,1315.8261528686523
2023-05-05,1295.3673923934937
2023-05-08,1297.4071418762207
2023-05-09,1308.037331565857
2023-05-10,1308.433875
2023-05-11,1300.1792739257812
2023-05-12,1299.730558013916
2023-05-15,1301.4839666748046
2023-05-16,1289.4867029418947
2023-05-17,1289.2599331008912
2023-05-18,1279.3352942352294
2023-05-19,1286.581835723877
2023-05-22,1288.900718232727
2023-05-23,1292.998018371582
2023-05-24,1284.2940534591676
2023-05-25,1275.365478401184
2023-05-26,1277.8379470672608
2023-05-29,1277.8379470672608
2023-05-30,1288.6975204711914
2023-05-31,1296.2952520751953
2023-06-01,1303.48314503479
2023-06-02,1282.322856614685
2023-06-05,1294.1046956634523
2023-06-06,1298.0784339294432
2023-06-07,1284.2352614898682
2023-06-08,1297.952568319702
2023-06-09,1297.4536441482544
2023-06-12,1299.2961908813477
2023-06-13,1292.3955419387817
2023-06-14,1291.214715637207
2023-06-15,1297.0183261108398
2023-06-16,1294.113784790039
2023-06-19,1294.113784790039
2023-06-20,1290.802725
2023-06-21,1288.3613104293825
2023-06-26,1291.7697242492675
2023-06-27,1282.797434625244
2023-06-28,1284.1453991577148
2023-06-29,1284.1681084442139
2023-06-30,1292.6892819808959
2023-07-03,1292.1228088378907
2023-07-04,1292.1228088378907
2023-07-05,1288.7175334625244
2023-07-06,1285.4974822998047
2023-07-07,1289.8701155929566
2023-07-10,1292.8475611724853
2023-07-11,1293.6550279998778
2023-07-12,1303.2793629882813
2023-07-13,1301.371460723877
2023-07-14,1295.4645767028808
2023-07-17,1301.9848984924317
2023-07-18,1318.2780996185304
2023-07-19,1327.1994067687988
2023-07-20,1311.3605534194946
2023-07-21,1309.1636453674316
2023-07-24,1303.4496561431886
2023-07-25,1301.3129661254884
2023-07-26,1310.6500118209838
2023-07-27,1294.1526468658446
2023-07-28,1300.080772363281
2023-07-31,1302.4531535949707
2023-08-01,1295.2516981887818
2023-08-02,1291.6832438964843
2023-08-03,1286.4220058944702
2023-08-04,1292.12448850708
2023-08-07,1292.5283012237549
2023-08-08,1289.0662355957031
2023-08-09,1281.5991666030884
2023-08-10,1281.6504440460205
2023-08-11,1285.2379641693115
2023-08-14,1285.1899922790526
2023-08-15,1285.875376333618
2023-08-16,1281.3976984558105
2023-08-17,1278.1123222503663
2023-08-18,1276.4024133300782
2023-08-21,1281.0395472106934
2023-08-22,1284.2973445129394
2023-08-23,1294.5233145584107
2023-08-24,1294.4990544250488
2023-08-25,1294.6721444091797
2023-08-28,1298.5677355957032
2023-08-29,1309.381616455078
2023-08-30,1313.432901348877
2023-08-31,1306.6211950103761
2023-09-01,1307.7066704315187
2023-09-04,1307.7066704315187
2023-09-05,1304.393547543335
2023-09-06,1301.004293395996
2023-09-07,1304.6552053115845
2023-09-08,1307.6414534454345
2023-09-11,1300.2877886901856
2023-09-12,1294.0973790512085
2023-09-13,1287.3716133117675
2023-09-14,1289.266076675415
2023-09-15,1297.3164693603514
2023-09-18,1308.0221805496217
2023-09-19,1307.6608169067383
2023-09-20,1306.9234944763184
2023-09-21,1300.9401522979738
2023-09-22,1303.5687243652344
2023-09-25,1299.1646776885987
2023-09-26,1288.60679107666
2023-09-27,1272.758094619751
2023-09-28,1264.7521988067626
2023-10-09,1260.8947734375001
2023-10-10,1258.571835095215
2023-10-11,1268.5279189941407
2023-10-12,1265.1271538894653
2023-10-13,1306.3352803756713
2023-10-16,1300.976629081726
2023-10-17,1303.388995918274
2023-10-18,1323.2629712768553
2023-10-19,1338.863907220459
2023-10-20,1343.0526182098388
2023-10-23,1338.57193493042
2023-10-24,1337.1815276947023
2023-10-25,1344.1873889312744
2023-10-26,1346.033109817505
2023-10-27,1362.0781203399658
2023-10-30,1353.6918746368408
2023-10-31,1346.9128672058107
2023-11-01,1342.8343848037719
2023-11-02,1347.0218842773438
2023-11-03,1349.0593459854126
2023-11-06,1332.8628693695068
2023-11-07,1329.0360653442383
2023-11-08,1316.0056311035157
2023-11-09,1321.8824550094605
2023-11-10,1307.4610449905397
2023-11-13,1315.737349960327
2023-11-14,1320.9163245849609
2023-11-15,1316.2724195770263
2023-11-16,1330.2095216796874
2023-11-17,1324.6280267944335
2023-11-20,1314.396125
2023-11-21,1322.5093635498047
2023-11-22,1320.5267825317383
2023-11-23,1320.5267825317383
2023-11-24,1326.2454065429686
2023-11-27,1335.9284865600587
2023-11-28,1350.9378407897948
2023-11-29,1351.420152130127
2023-11-30,1346.92
2023-12-01,1370.6825467864992
2023-12-04,1341.771268359375
2023-12-05,1337.074416394043
2023-12-06,1344.5586937866212
2023-12-07,1345.554681350708
2023-12-08,1330.0177756271362
2023-12-11,1317.533608718872
2023-12-12,1316.6325344161987
2023-12-13,1345.7762100219727
2023-12-14,1341.6437936279297
2023-12-15,1331.0473
2023-12-18,1339.3141885162354
2023-12-19,1348.2510658081055
2023-12-20,1342.187593551636
2023-12-21,1352.1702307189942
2023-12-22,1356.9105354690553
2023-12-25,1356.9105354690553
2023-12-26,1369.4943127197266
2023-12-27,1375.188868850708
2023-12-28,1360.6815636749268
2023-12-29,1357.2878699996947
2024-01-02,1362.2366807189942
2024-01-03,1352.2227959106447
2024-01-04,1355.3230004333495
2024-01-05,1352.905793609619
2024-01-08,1344.0219450683594
2024-01-09,1346.9882225036622
2024-01-10,1344.58125
2024-01-11,1346.4642550048827
2024-01-12,1359.5567631149293
2024-01-15,1359.5567631149293
2024-01-16,1350.5843603210449
2024-01-17,1337.3046136474609
2024-01-18,1348.3332218627932
2024-01-19,1351.7992303161623
2024-01-22,1346.4862487792968
2024-01-23,1347.9773781127928
2024-01-24,1334.2511563110352
2024-01-25,1341.6066556243895
2024-01-26,1342.0398235794069
2024-01-29,1352.1717471466065
2024-01-30,1353.2275187225343
2024-01-31,1350.6776631271362
2024-02-01,1367.1247852935792
2024-02-02,1356.4831243896485
2024-02-05,1350.1664267211913
2024-02-06,1355.8253619445802
2024-02-07,1356.12555
2024-02-08,1355.3168581771852
2024-02-19,1340.3063256591797
2024-02-20,1348.0030437774658
2024-02-21,1347.812437284851
2024-02-22,1349.3816464355468
2024-02-23,1357.4981048583984
2024-02-26,1354.5130180358885
2024-02-27,1353.1676
2024-02-28,1355.5959576416017
2024-02-29,1362.5965694274903
2024-03-01,1388.03643560791
2024-03-04,1411.01714745636
2024-03-05,1419.07785256958
2024-03-06,1430.9747194274903
2024-03-07,1438.0684675598145
2024-03-08,1448.8124000854493
2024-03-11,1450.7640000000001
2024-03-12,1434.572067791748
2024-03-13,1446.0531425476074
2024-03-14,1441.1576639038085
2024-03-15,1436.9734113082884
2024-03-18,1439.835934213257
2024-03-19,1438.3802019699096
2024-03-20,1455.5342032714843
2024-03-21,1454.042629788208
2024-03-22,1448.3101591217041
2024-03-25,1449.1781376068116
2024-03-26,1455.3568595947265
2024-03-27,1467.8037441101076
2024-03-28,1486.573872821045
2024-03-29,1485.3601248138427
2024-04-01,1502.704908959961
2024-04-02,1525.1564755859376
2024-04-03,1538.7484597320556
2024-04-08,1565.2586091079713
2024-04-09,1574.102358758545
2024-04-10,1559.7443054153441
2024-04-11,1590.7585620864868
2024-04-12,1569.7196815826417
2024-04-15,1599.2802679107665
2024-04-16,1601.2567348358155
2024-04-17,1589.5900244903564
2024-04-18,1594.86496149292
2024-04-19,1600.3235001617431
2024-04-22,1560.791524029541
2024-04-23,1557.8572313613893
2024-04-24,1555.2814355773926
2024-04-25,1564.5563067321777
2024-04-26,1569.7151326171877
2024-04-29,1563.3704710327147
2024-04-30,1533.9599516479493
2024-05-06,1550.9678980056763
2024-05-07,1546.2749334640503
2024-05-08,1541.7272432174682
2024-05-09,1566.335587966919
2024-05-10,1580.3985085144043
2024-05-13,1564.1004102706909
2024-05-14,1577.5539885101318
2024-05-15,1594.6049055938722
2024-05-16,1588.1985341888428
2024-05-17,1615.5633044525146
2024-05-20,1624.5568463378906
2024-05-21,1622.8870170776365
2024-05-22,1593.7064594192505
2024-05-23,1562.2658208404541
2024-05-24,1563.8005867385864
2024-05-27,1563.8005867385864
2024-05-28,1580.8083866882323
2024-05-29,1567.0303305480957
2024-05-30,1569.9809540954589
2024-05-31,1558.9873220977784
2024-06-03,1573.107248840332
2024-06-04,1558.4041419296266
2024-06-05,1578.6505030822752
2024-06-06,1589.7922399353026
2024-06-07,1533.3806042297363
2024-06-11,1553.5297157226564
2024-06-12,1557.6647768554687
2024-06-13,1544.437151852417
2024-06-14,1565.2721300003052
2024-06-17,1557.231625428772
2024-06-18,1563.0840298553467
2024-06-19,1563.0840298553467
2024-06-20,1583.9288905883789
2024-06-21,1559.4960931365968
2024-06-24,1565.1719534423828
2024-06-25,1558.3278062683105
2024-06-26,1544.733841305542
2024-06-27,1562.719351928711
2024-06-28,1562.520632080078
2024-07-01,1566.827484234619
2024-07-02,1567.379854248047
2024-07-03,1584.7655409347533
2024-07-04,1584.7655409347533
2024-07-05,1605.719186767578
2024-07-08,1585.870394744873
2024-07-09,1589.477582244873
2024-07-10,1596.019492440796
2024-07-11,1620.192225
2024-07-12,1617.4359494247437
2024-07-15,1624.8267492919922
2024-07-16,1659.3258162002564
2024-07-17,1649.8488299789428
2024-07-18,1639.1627911376952
2024-07-19,1611.8662039413452
2024-07-22,1613.2845021972657
2024-07-23,1619.2249973205567
2024-07-24,1610.7559821624757
2024-07-25,1578.7442432403564
2024-07-26,1599.6116614013672
2024-07-29,1599.4571571716308
2024-07-30,1613.5148029800416
2024-07-31,1635.532437031555
2024-08-01,1635.5004879501344
2024-08-02,1613.434373779297
2024-08-05,1586.2823695373536
2024-08-06,1579.3953881607056
2024-08-07,1582.6668218994141
2024-08-08,1607.2045075881956
2024-08-09,1609.1969425048828
2024-08-12,1638.7047302734375
2024-08-13,1631.9517305297852
2024-08-14,1614.6608182159425
2024-08-15,1627.7162202697755
2024-08-16,1662.0691953552246
2024-08-19,1653.533277357483
2024-08-20,1657.9047678833008
2024-08-21,1656.2509164550781
2024-08-22,1638.6192451171876
2024-08-23,1653.0033184387207
2024-08-26,1657.5304728820802
2024-08-27,1662.7637116516112
2024-08-28,1651.102875
2024-08-29,1653.2927183410645
2024-08-30,1639.8460523986816
2024-09-02,1639.8460523986816
2024-09-03,1639.872013191223
2024-09-04,1638.7950649108886
2024-09-05,1647.8494782867433
2024-09-06,1634.613222607422
2024-09-09,1647.4403234161377
2024-09-10,1656.3706752319335
2024-09-11,1653.4342000000001
2024-09-12,1682.0315220321656
2024-09-13,1692.9571880493163
2024-09-18,1667.6933731018066
2024-09-19,1690.333962059021
2024-09-20,1707.7016523361208
2024-09-23,1711.0880923583984
2024-09-24,1730.3150775024412
2024-09-25,1727.850464958191
2024-09-26,1731.4779580474853
2024-09-27,1717.8597519546508
2024-09-30,1705.6978388671876
2024-10-08,1711.0109805297852
2024-10-09,1707.0679116119386
2024-10-10,1719.0199598510742
2024-10-11,1734.6628576263427
2024-10-14,1731.8362207580567
2024-10-15,1750.7536509643555
2024-10-16,1759.5102365478517
2024-10-17,1770.6434427734375
2024-10-18,1784.3939353408812
2024-10-21,1788.4100666900636
2024-10-22,1808.7433378295898
2024-10-23,1787.4988892089846
2024-10-24,1799.683221725464
2024-10-25,1803.613120147705
2024-10-28,1805.077595046997
2024-10-29,1825.9472828887938
2024-10-30,1834.1467499999999
2024-10-31,1804.4334389007568
2024-11-01,1797.9398666931154
2024-11-04,1794.9665979995727
2024-11-05,1800.3309366363526
2024-11-06,1763.6837180938721
2024-11-07,1782.8005364135743
2024-11-08,1779.9809081954954
2024-11-11,1738.2019856185912
2024-11-12,1736.0416220703125
2024-11-13,1716.757970275879
2024-11-14,1712.9186322998046
2024-11-15,1710.2617655273436
2024-11-18,1744.6236494995117
2024-11-19,1760.9354
2024-11-20,1772.4920226196289
2024-11-21,1785.029114501953
2024-11-22,1810.2156934661864
2024-11-25,1755.4339290695189
2024-11-26,1761.8733778686524
2024-11-27,1764.2798818023682
2024-11-28,1764.2798818023682
2024-11-29,1778.6364304779054
2024-12-02,1770.1496337524413
2024-12-03,1777.225140637207
2024-12-04,1777.0871307006837
2024-12-05,1762.1435924285888
2024-12-06,1766.2464778137205
2024-12-09,1781.4117484313965
2024-12-10,1802.277473449707
2024-12-11,1822.0951287460327
2024-12-12,1797.3546711273195
2024-12-13,1777.3562751525878
2024-12-16,1783.6080035644532
2024-12-17,1777.005341784668
2024-12-18,1743.3440239746094
2024-12-19,1748.2414445343018
2024-12-20,1766.1921745269776
2024-12-23,1758.4538409957886
2024-12-24,1761.208241809082
2024-12-25,1761.208241809082
2024-12-26,1773.9492204528808
2024-12-27,1761.737155456543
2024-12-30,1756.4305946411132
2024-12-31,1767.3795446411132
2025-01-02,1791.4187346343995
2025-01-03,1782.3224912094115
2025-01-06,1780.710154876709
2025-01-07,1791.744366113281
2025-01-08,1802.5471804748536
2025-01-09,1802.6701104751587
2025-01-10,1820.0246952301027
2025-01-13,1801.7411462753296
2025-01-14,1811.0016240509033
2025-01-15,1824.3899877929687
2025-01-16,1837.299004748535
2025-01-17,1825.8778542953492
2025-01-20,1825.8778542953492
2025-01-21,1840.5588915039064
2025-01-22,1850.418450732422
2025-01-23,1851.6622133789062
2025-01-24,1851.9285557861328
2025-01-27,1834.3546328292848
2025-02-05,1920.7533955078125
2025-02-06,1919.9568156188964
2025-02-07,1924.965725479126
2025-02-10,1960.3086293334961
2025-02-11,1953.8723150390624
2025-02-12,1956.346594140625
2025-02-13,1970.235510205078
2025-02-14,1931.4014319763185
2025-02-17,1931.4014319763185
2025-02-18,1970.3171088500976
2025-02-19,1972.6818494537354
2025-02-20,1966.1678741455078
2025-02-21,1962.892003198242
2025-02-24,1972.8691340698242
2025-02-25,1947.8173085937499
2025-02-26,1953.0232761383056
2025-02-27,1930.0944756408692
2025-02-28,1917.3426759887695
2025-03-03,1943.0141108642579
2025-03-04,1954.7477882629396
2025-03-05,1954.9067365966798
2025-03-06,1943.9541000000002
2025-03-07,1941.533365966797
2025-03-10,1931.2110260284423
2025-03-11,1945.4346744689942
2025-03-12,1956.4321788208006
2025-03-13,1993.0142423706054
2025-03-14,1992.104477319336
2025-03-17,2001.5051504608155
2025-03-18,2023.354846243286
2025-03-19,2032.425194091797
2025-03-20,2034.791775
2025-03-21,2018.6625432128906
2025-03-24,2010.921975
2025-03-25,2020.8289518585204
2025-03-26,2022.1091290283202
2025-03-27,2048.371073867798
2025-03-28,2063.070950268555
2025-03-31,2090.9456442993164
2025-04-01,2090.547682244873
2025-04-02,2094.20282661438
2025-04-03,2085.5100437713622
2025-04-07,2000.2999885528563
2025-04-08,2019.637849584961
2025-04-09,2097.5144978881835
2025-04-10,2138.2479446411135
2025-04-11,2172.356541595459
2025-04-14,2166.0042173309325
2025-04-15,2178.2606910705567
2025-04-16,2246.1605999176027
2025-04-17,2234.3698443603516
2025-04-18,2234.553516357422
2025-04-21,2301.0928992980957
2025-04-22,2274.7739908935546
2025-04-23,2212.393855529785
2025-04-24,2245.183406378174
2025-04-25,2220.3847520507816
2025-04-28,2254.4184474243166
2025-04-29,2224.750122253418
2025-04-30,2208.590082122803
2025-05-06,2276.629951281738
2025-05-07,2245.16875
2025-05-08,2203.6934553222654
2025-05-09,2220.4169494995117
2025-05-12,2147.5047595825195
2025-05-13,2157.8188604278566
2025-05-14,2113.0973063964843
2025-05-15,2146.443501608276
2025-05-16,2121.1760895996094
2025-05-19,2150.1076231933594
2025-05-20,2191.6653550598144
2025-05-21,2202.485110748291
2025-05-22,2183.513401477051
2025-05-23,2223.94305
2025-05-26,2223.94305
2025-05-27,2190.8775
2025-05-28,2185.639503436279
2025-05-29,2195.9605497436523
2025-05-30,2185.646803939819
2025-06-03,2220.1979783203124
2025-06-04,2233.6299161499023
2025-06-05,2219.442653656006
2025-06-06,2193.8168953491213
2025-06-09,2201.59288894043
2025-06-10,2204.3247085876465
2025-06-11,2218.0437008789063
2025-06-12,2239.2858075561526
2025-06-13,2271.278551361084
2025-06-16,2238.2686112365723
2025-06-17,2241.132947540283
2025-06-18,2230.397158203125
2025-06-19,2230.397158203125
2025-06-20,2226.2682400512695
2025-06-23,2233.243223602295
2025-06-24,2195.7803645080567
2025-06-25,2204.015932958984
2025-06-26,2198.8456412506107
2025-06-27,2160.379970755005
2025-06-30,2183.680091809082
2025-07-01,2203.503397540283
2025-07-02,2215.745325
2025-07-03,2201.702481005859
2025-07-04,2201.702481005859
2025-07-07,2205.19529296875
2025-07-08,2181.9830342712403
2025-07-09,2193.633521118164
2025-07-10,2196.923847583008
2025-07-11,2215.9465390014648
2025-07-14,2207.5077399902343
2025-07-15,2200.143695803833
2025-07-16,2213.0294361083984
2025-07-17,2209.480461694336
2025-07-18,2213.500169140625
2025-07-21,2247.0209150390624
2025-07-22,2267.954323791504
2025-07-23,2235.177529559326
2025-07-24,2219.70252840271
2025-07-25,2203.4124162506105
2025-07-28,2192.171924285889
2025-07-29,2197.925625
2025-07-30,2164.9256025329587
2025-07-31,2181.3725304748536
2025-08-01,2229.177570361328
2025-08-04,2231.712006286621
2025-08-05,2235.217886306763
2025-08-06,2230.0731
2025-08-07,2248.3894369384766
2025-08-08,2248.9198073059083
2025-08-11,2217.9807322509764
2025-08-12,2212.9161161346433
2025-08-13,2218.396162695313
2025-08-14,2205.901375
2025-08-15,2207.869978399658
2025-08-18,2205.3437527038577
2025-08-19,2192.41853409729
2025-08-20,2212.698746887207
2025-08-21,2206.1271583465573
2025-08-22,2225.3366617889405
2025-08-25,2215.5942339782714
2025-08-26,2231.996063964844
2025-08-27,2237.002194873047
2025-08-28,2246.352909295654
2025-08-29,2267.966380224609
2025-09-01,2267.966380224609
2025-09-02,2324.3869838562014
2025-09-03,2343.4119146118164
2025-09-04,2333.0239834350587
2025-09-05,2361.147827935791
2025-09-08,2387.0322782165526
2025-09-09,2378.8078366149903
2025-09-10,2387.285951538086
2025-09-11,2382.9556535156253
2025-09-12,2389.5992596618653
2025-09-15,2412.564752069092
2025-09-16,2415.9111519470216
2025-09-17,2393.5990096710207
2025-09-18,2387.097215270996
2025-09-19,2412.9943038940432
2025-09-22,2454.68561315918
2025-09-23,2463.8848752319336
2025-09-24,2448.386632232666
2025-09-25,2459.37755
2025-09-26,2473.22700234375
2025-09-29,2509.303663165283
2025-09-30,2530.5909386901853
2025-10-09,2604.602272796631
2025-10-10,2633.302045166016
2025-10-13,2697.294033874512
2025-10-14,2718.23139699707
2025-10-15,2760.6187223876955
2025-10-16,2823.9134369506837
2025-10-17,2772.0982664062503
2025-10-20,2870.2263815460205
2025-10-21,2686.627762451172
2025-10-22,2688.3840873016356
2025-10-23,2697.780319857788
2025-10-24,2688.357593765259
2025-10-27,2609.5145714355467
2025-10-28,2586.6607786621094
2025-10-29,2576.574
2025-10-30,2631.513295715332
2025-10-31,2619.8731932495116
2025-11-03,2626.5249073059085
2025-11-04,2583.1604922180177
2025-11-05,2611.7503295898437
2025-11-06,2606.2354171447755
2025-11-07,2623.066971612549
2025-11-10,2693.800768762207
2025-11-11,2704.408456237793
2025-11-12,2745.160810546875
2025-11-13,2716.4626153564454
2025-11-14,2669.0151713378905
2025-11-17,2641.502331619263
2025-11-18,2660.655233380127
2025-11-19,2666.1905152404784
2025-11-20,2665.1085733947752
2025-11-21,2659.7871039245606
2025-11-24,2700.180486694336
2025-11-25,2692.676664871216
2025-11-26,2710.8804614501955
2025-11-27,2710.8804614501955
2025-11-28,2744.289822546387
2025-12-01,2756.195075
2025-12-02,2737.7867309570315
2025-12-03,2732.7656024902344
2025-12-04,2737.55111652832
2025-12-05,2731.9762412597656
2025-12-08,2725.3049149475096
2025-12-09,2736.322376889038
2025-12-10,2748.249113769531
2025-12-11,2775.448527075195
2025-12-12,2789.750129223633
2025-12-15,2789.202513977051
2025-12-16,2787.7387161499023
2025-12-17,2812.239459182739
2025-12-18,2806.0922795654296
2025-12-19,2809.4598406463624
2025-12-22,2872.592118307495
2025-12-23,2907.0620229492188
2025-12-24,2889.3593546264647
2025-12-25,2889.3593546264647
2025-12-26,2919.8053935791017
2025-12-29,2792.432202758789
2025-12-30,2790.674431481934
2025-12-31,2771.435443927002
2026-01-05,2856.4149482421876
2026-01-06,2885.4011608520505
2026-01-07,2863.177771865845
2026-01-08,2873.640346801758
2026-01-09,2891.84009251709
2026-01-12,2944.2520896087644
2026-01-13,2941.923359069824
2026-01-14,2970.079637023926
2026-01-15,2948.9166864624026
2026-01-16,2935.59090854187
2026-01-19,2935.59090854187
2026-01-20,3043.077153463745
2026-01-21,3089.097362503052
2026-01-22,3148.9763595581053
2026-01-23,3189.0998
2026-01-26,3231.6168248901367
2026-01-27,3311.0374924468997
2026-01-28,3435.312655041504
2026-01-29,3445.5131575927735
2026-01-30,3092.847534851074
2026-02-02,2966.9731529174805
2026-02-03,3151.7277922821045
2026-02-04,3151.2327634735107
2026-02-05,3065.6750978759765
2026-02-06,3160.345788708496
2026-02-09,3231.8475915527342
2026-02-10,3195.4613978210446
2026-02-11,3232.4924087524414
2026-02-12,3115.042491088867
2026-02-13,3195.7789262695314
2026-02-24,3266.7405291748046
2026-02-25,3252.0167562377933
2026-02-26,3266.3930071563723
2026-02-27,3317.509125
2026-03-02,3372.2290000000003
2026-03-03,3229.9788450683595
2026-03-04,3253.957335809326
2026-03-05,3212.1950896484377
2026-03-06,3265.5617823486327
2026-03-09,3263.575689569092
2026-03-10,3286.0519752685545
2026-03-11,3269.6256529541015
2026-03-12,3206.952065539551
2026-03-13,3177.9986987457273
2026-03-16,3174.89501449585
2026-03-17,3162.670925344849
2026-03-18,3056.520056884766
2026-03-19,2942.143743267822
2026-03-20,2846.410699621582
2026-03-23,2780.078086795044
2026-03-24,2785.183167651367
2026-03-25,2872.8589779693602
2026-03-26,2768.702949230957
2026-03-27,2866.240604370117
2026-03-30,2865.535409188843
2026-03-31,2968.140478942871
2026-04-01,3008.699090332031
2026-04-02,2956.74552121582
2026-04-03,2955.3714092041014
2026-04-07,2960.7916102600097
2026-04-08,2967.2750026641847
2026-04-09,2991.538399017334
2026-04-10,2984.636247338867
2026-04-13,2973.6393079467775
2026-04-14,3033.5998880401607
2026-04-15,3003.0562217407223
2026-04-16,3001.6975724121094
2026-04-17,3039.904760070801
2026-04-20,3013.815923034668
2026-04-21,2930.0111059570313
2026-04-22,2971.7377166748047
2026-04-23,2942.2790983276363
2026-04-24,2961.653675
2026-04-27,2933.053591943359
2026-04-28,2884.7674590393067
2026-04-29,2854.040900039673
2026-04-30,2892.453943002319
2026-05-06,2935.2685018005373
2026-05-07,2936.0283021850587
2026-05-08,2949.8528102874757
2026-05-11,2953.359778527832
2026-05-12,2940.4605102539062
2026-05-13,2923.4393999999998
2026-05-14,2898.6625130218504
2026-05-15,2841.4111261840817
2026-05-18,2845.3239501953126
2026-05-19,2804.16675
2026-05-20,2838.5286584930423
2026-05-21,2836.574408569336
2026-05-22,2811.700039764404
2026-05-25,2811.700039764404
2026-05-26,2809.404
2026-05-27,2769.0719458007816
2026-05-28,2798.41541751709
2026-05-29,2822.3173109619142
2026-06-01,2782.173966064453
2026-06-02,2785.6883725463867
2026-06-03,2760.9535709472657
2026-06-04,2785.7372705841067
2026-06-05,2680.761653930664
2026-06-08,2694.761789477539
2026-06-09,2646.440307733154
2026-06-10,2537.5921190338136
2026-06-11,2617.5498416259766
2026-06-12,2614.015461785889
2026-06-15,2679.4882675170898
2026-06-16,2686.467838989258
2026-06-17,2626.0422612457273
2026-06-18,2620.2603989501954
2026-06-22,2605.40493019104
2026-06-23,2562.002849731445
2026-06-24,2492.1348434509277
2026-06-25,2511.441237915039
2026-06-26,2539.9367731933594
2026-06-29,2503.9849967773434
2026-06-30,2499.495171130371
2026-07-01,2517.930561468506
2026-07-02,2566.973351147461
2026-07-03,2566.973351147461
2026-07-06,2596.8790871826172
2026-07-07,2564.440499658203
2026-07-08,2547.19620803833
2026-07-09,2568.636328253174
2026-07-10,2554.8460321777343
2026-07-13,2488.957868103027
2026-07-14,2519.455458679199
2026-07-15,2520.1393113098147
2026-07-16,2471.728038128662
2026-07-17,2496.346184814453
2026-07-20,2487.4757213012695
2026-07-21,2535.814519482422
2026-07-22,2567.5901669311525
2026-07-23,2515.22747762146
2026-07-24,2518.4695686676023
2026-07-27,2534.6342240356444
2026-07-28,2501.0042369384764
2026-07-29,2510.764297146606
2026-07-30,2547.7158247375487
2026-07-31,2508.229443685913
