date,close,source_type
2005-01-04,75.2960118495459,CBA06501_SBBI_annual_anchor_estimate
2005-01-05,75.32304658009299,CBA06501_SBBI_annual_anchor_estimate
2005-01-06,75.3500910173515,CBA06501_SBBI_annual_anchor_estimate
2005-01-07,75.37714516480654,CBA06501_SBBI_annual_anchor_estimate
2005-01-10,75.45836590322125,CBA06501_SBBI_annual_anchor_estimate
2005-01-11,75.48545892633906,CBA06501_SBBI_annual_anchor_estimate
2005-01-12,75.51256167709796,CBA06501_SBBI_annual_anchor_estimate
2005-01-13,75.53967415899065,CBA06501_SBBI_annual_anchor_estimate
2005-01-14,75.56679637551102,CBA06501_SBBI_annual_anchor_estimate
2005-01-17,75.64822146779642,CBA06501_SBBI_annual_anchor_estimate
2005-01-18,75.67538265779193,CBA06501_SBBI_annual_anchor_estimate
2005-01-19,75.70255359990357,CBA06501_SBBI_annual_anchor_estimate
2005-01-20,75.72973429763283,CBA06501_SBBI_annual_anchor_estimate
2005-01-21,75.75692475448241,CBA06501_SBBI_annual_anchor_estimate
2005-01-24,75.83855471479909,CBA06501_SBBI_annual_anchor_estimate
2005-01-25,75.86578424318223,CBA06501_SBBI_annual_anchor_estimate
2005-01-26,75.89302354821818,CBA06501_SBBI_annual_anchor_estimate
2005-01-27,75.92027263341716,CBA06501_SBBI_annual_anchor_estimate
2005-01-28,75.9475315022907,CBA06501_SBBI_annual_anchor_estimate
2005-01-31,76.0293668460929,CBA06501_SBBI_annual_anchor_estimate
2005-02-01,76.0566648848052,CBA06501_SBBI_annual_anchor_estimate
2005-02-02,76.08397272476863,CBA06501_SBBI_annual_anchor_estimate
2005-02-03,76.1112903695023,CBA06501_SBBI_annual_anchor_estimate
2005-02-04,76.13861782252654,CBA06501_SBBI_annual_anchor_estimate
2005-02-16,76.46731358862262,CBA06501_SBBI_annual_anchor_estimate
2005-02-17,76.49476887035334,CBA06501_SBBI_annual_anchor_estimate
2005-02-18,76.52223400979265,CBA06501_SBBI_annual_anchor_estimate
2005-02-21,76.60468860976232,CBA06501_SBBI_annual_anchor_estimate
2005-02-22,76.63219321544247,CBA06501_SBBI_annual_anchor_estimate
2005-02-23,76.65970769654079,CBA06501_SBBI_annual_anchor_estimate
2005-02-24,76.68723205660301,CBA06501_SBBI_annual_anchor_estimate
2005-02-25,76.71476629917612,CBA06501_SBBI_annual_anchor_estimate
2005-02-28,76.79742835745,CBA06501_SBBI_annual_anchor_estimate
2005-03-01,76.82500216556221,CBA06501_SBBI_annual_anchor_estimate
2005-03-02,76.85258587393945,CBA06501_SBBI_annual_anchor_estimate
2005-03-03,76.88017948613634,CBA06501_SBBI_annual_anchor_estimate
2005-03-04,76.90778300570886,CBA06501_SBBI_annual_anchor_estimate
2005-03-07,76.9906530442584,CBA06501_SBBI_annual_anchor_estimate
2005-03-08,77.01829622891812,CBA06501_SBBI_annual_anchor_estimate
2005-03-09,77.04594933875222,CBA06501_SBBI_annual_anchor_estimate
2005-03-10,77.07361237732434,CBA06501_SBBI_annual_anchor_estimate
2005-03-11,77.10128534819928,CBA06501_SBBI_annual_anchor_estimate
2005-03-14,77.18436389030926,CBA06501_SBBI_annual_anchor_estimate
2005-03-15,77.21207662607002,CBA06501_SBBI_annual_anchor_estimate
2005-03-16,77.2397993119772,CBA06501_SBBI_annual_anchor_estimate
2005-03-17,77.26753195160336,CBA06501_SBBI_annual_anchor_estimate
2005-03-18,77.29527454852237,CBA06501_SBBI_annual_anchor_estimate
2005-03-21,77.37856211879414,CBA06501_SBBI_annual_anchor_estimate
2005-03-22,77.40634458064862,CBA06501_SBBI_annual_anchor_estimate
2005-03-23,77.43413701768439,CBA06501_SBBI_annual_anchor_estimate
2005-03-24,77.46193943348305,CBA06501_SBBI_annual_anchor_estimate
2005-03-25,77.48975183162739,CBA06501_SBBI_annual_anchor_estimate
2005-03-28,77.57324895598221,CBA06501_SBBI_annual_anchor_estimate
2005-03-29,77.60110131936341,CBA06501_SBBI_annual_anchor_estimate
2005-03-30,77.62896368302378,CBA06501_SBBI_annual_anchor_estimate
2005-03-31,77.65683605055388,CBA06501_SBBI_annual_anchor_estimate
2005-04-01,77.68471842554557,CBA06501_SBBI_annual_anchor_estimate
2005-04-04,77.76842563122797,CBA06501_SBBI_annual_anchor_estimate
2005-04-05,77.79634807201026,CBA06501_SBBI_annual_anchor_estimate
2005-04-06,77.82428053823276,CBA06501_SBBI_annual_anchor_estimate
2005-04-07,77.85222303349502,CBA06501_SBBI_annual_anchor_estimate
2005-04-08,77.88017556139793,CBA06501_SBBI_annual_anchor_estimate
2005-04-11,77.96409337697897,CBA06501_SBBI_annual_anchor_estimate
2005-04-12,77.99208607147928,CBA06501_SBBI_annual_anchor_estimate
2005-04-13,78.02008881664409,CBA06501_SBBI_annual_anchor_estimate
2005-04-14,78.04810161608205,CBA06501_SBBI_annual_anchor_estimate
2005-04-15,78.0761244734031,CBA06501_SBBI_annual_anchor_estimate
2005-04-18,78.16025342878372,CBA06501_SBBI_annual_anchor_estimate
2005-04-19,78.18831655376253,CBA06501_SBBI_annual_anchor_estimate
2005-04-20,78.21638975469364,CBA06501_SBBI_annual_anchor_estimate
2005-04-21,78.24447303519474,CBA06501_SBBI_annual_anchor_estimate
2005-04-22,78.27256639888488,CBA06501_SBBI_annual_anchor_estimate
2005-04-25,78.35690702529934,CBA06501_SBBI_annual_anchor_estimate
2005-04-26,78.3850407579619,CBA06501_SBBI_annual_anchor_estimate
2005-04-27,78.41318459192817,CBA06501_SBBI_annual_anchor_estimate
2005-04-28,78.44133853082494,CBA06501_SBBI_annual_anchor_estimate
2005-04-29,78.46950257828038,CBA06501_SBBI_annual_anchor_estimate
2005-05-09,78.75169982268207,CBA06501_SBBI_annual_anchor_estimate
2005-05-10,78.77997530411244,CBA06501_SBBI_annual_anchor_estimate
2005-05-11,78.80826093774081,CBA06501_SBBI_annual_anchor_estimate
2005-05-12,78.8365567272123,CBA06501_SBBI_annual_anchor_estimate
2005-05-13,78.86486267617332,CBA06501_SBBI_annual_anchor_estimate
2005-05-16,78.94984151647735,CBA06501_SBBI_annual_anchor_estimate
2005-05-17,78.97818813988683,CBA06501_SBBI_annual_anchor_estimate
2005-05-18,79.00654494103756,CBA06501_SBBI_annual_anchor_estimate
2005-05-19,79.03491192358382,CBA06501_SBBI_annual_anchor_estimate
2005-05-20,79.0632890911812,CBA06501_SBBI_annual_anchor_estimate
2005-05-23,79.14848174085559,CBA06501_SBBI_annual_anchor_estimate
2005-05-24,79.17689968523959,CBA06501_SBBI_annual_anchor_estimate
2005-05-25,79.20532783297233,CBA06501_SBBI_annual_anchor_estimate
2005-05-26,79.2337661877173,CBA06501_SBBI_annual_anchor_estimate
2005-05-27,79.2622147531393,CBA06501_SBBI_annual_anchor_estimate
2005-05-30,79.347621750135,CBA06501_SBBI_annual_anchor_estimate
2005-05-31,79.37611119493927,CBA06501_SBBI_annual_anchor_estimate
2005-06-01,79.40461086876421,CBA06501_SBBI_annual_anchor_estimate
2005-06-02,79.43312077528256,CBA06501_SBBI_annual_anchor_estimate
2005-06-03,79.46164091816831,CBA06501_SBBI_annual_anchor_estimate
2005-06-06,79.54726280178976,CBA06501_SBBI_annual_anchor_estimate
2005-06-07,79.57582392691154,CBA06501_SBBI_annual_anchor_estimate
2005-06-08,79.60439530679055,CBA06501_SBBI_annual_anchor_estimate
2005-06-09,79.63297694510872,CBA06501_SBBI_annual_anchor_estimate
2005-06-10,79.6615688455493,CBA06501_SBBI_annual_anchor_estimate
2005-06-13,79.74740615645786,CBA06501_SBBI_annual_anchor_estimate
2005-06-14,79.77603914224704,CBA06501_SBBI_annual_anchor_estimate
2005-06-15,79.80468240859473,CBA06501_SBBI_annual_anchor_estimate
2005-06-16,79.83333595919214,CBA06501_SBBI_annual_anchor_estimate
2005-06-17,79.86199979773177,CBA06501_SBBI_annual_anchor_estimate
2005-06-20,79.94805307794906,CBA06501_SBBI_annual_anchor_estimate
2005-06-21,79.9767581052093,CBA06501_SBBI_annual_anchor_estimate
2005-06-22,80.00547343889424,CBA06501_SBBI_annual_anchor_estimate
2005-06-23,80.03419908270439,CBA06501_SBBI_annual_anchor_estimate
2005-06-24,80.06293504034153,CBA06501_SBBI_annual_anchor_estimate
2005-06-27,80.149204833253,CBA06501_SBBI_annual_anchor_estimate
2005-06-28,80.17798208324282,CBA06501_SBBI_annual_anchor_estimate
2005-06-29,80.20676966558865,CBA06501_SBBI_annual_anchor_estimate
2005-06-30,80.23556758400025,CBA06501_SBBI_annual_anchor_estimate
2005-07-01,80.26437584218877,CBA06501_SBBI_annual_anchor_estimate
2005-07-04,80.35086269254701,CBA06501_SBBI_annual_anchor_estimate
2005-07-05,80.37971234698104,CBA06501_SBBI_annual_anchor_estimate
2005-07-06,80.40857235976759,CBA06501_SBBI_annual_anchor_estimate
2005-07-07,80.4374427346258,CBA06501_SBBI_annual_anchor_estimate
2005-07-08,80.46632347527608,CBA06501_SBBI_annual_anchor_estimate
2005-07-11,80.55302792920428,CBA06501_SBBI_annual_anchor_estimate
2005-07-12,80.5819501702543,CBA06501_SBBI_annual_anchor_estimate
2005-07-13,80.6108827957188,CBA06501_SBBI_annual_anchor_estimate
2005-07-14,80.63982580932624,CBA06501_SBBI_annual_anchor_estimate
2005-07-15,80.66877921480642,CBA06501_SBBI_annual_anchor_estimate
2005-07-18,80.75570181980179,CBA06501_SBBI_annual_anchor_estimate
2005-07-19,80.784696830098,CBA06501_SBBI_annual_anchor_estimate
2005-07-20,80.81370225093616,CBA06501_SBBI_annual_anchor_estimate
2005-07-21,80.84271808605413,CBA06501_SBBI_annual_anchor_estimate
2005-07-22,80.87174433919115,CBA06501_SBBI_annual_anchor_estimate
2005-07-25,80.95888564412851,CBA06501_SBBI_annual_anchor_estimate
2005-07-26,80.98795360676056,CBA06501_SBBI_annual_anchor_estimate
2005-07-27,81.01703200612776,CBA06501_SBBI_annual_anchor_estimate
2005-07-28,81.04612084597747,CBA06501_SBBI_annual_anchor_estimate
2005-07-29,81.07522013005823,CBA06501_SBBI_annual_anchor_estimate
2005-08-01,81.16258068519336,CBA06501_SBBI_annual_anchor_estimate
2005-08-02,81.19172178371151,CBA06501_SBBI_annual_anchor_estimate
2005-08-03,81.220873345224,CBA06501_SBBI_annual_anchor_estimate
2005-08-04,81.25003537348756,CBA06501_SBBI_annual_anchor_estimate
2005-08-05,81.2792078722602,CBA06501_SBBI_annual_anchor_estimate
2005-08-08,81.36678822923331,CBA06501_SBBI_annual_anchor_estimate
2005-08-09,81.39600264764974,CBA06501_SBBI_annual_anchor_estimate
2005-08-10,81.42522755538572,CBA06501_SBBI_annual_anchor_estimate
2005-08-11,81.45446295620742,CBA06501_SBBI_annual_anchor_estimate
2005-08-12,81.48370885388232,CBA06501_SBBI_annual_anchor_estimate
2005-08-15,81.57150956572158,CBA06501_SBBI_annual_anchor_estimate
2005-08-16,81.60079748851139,CBA06501_SBBI_annual_anchor_estimate
2005-08-17,81.6300959270122,CBA06501_SBBI_annual_anchor_estimate
2005-08-18,81.65940488499966,CBA06501_SBBI_annual_anchor_estimate
2005-08-19,81.68872436625072,CBA06501_SBBI_annual_anchor_estimate
2005-08-22,81.77674598737576,CBA06501_SBBI_annual_anchor_estimate
2005-08-23,81.80610759947821,CBA06501_SBBI_annual_anchor_estimate
2005-08-24,81.83547975374952,CBA06501_SBBI_annual_anchor_estimate
2005-08-25,81.86486245397482,CBA06501_SBBI_annual_anchor_estimate
2005-08-26,81.89425570394059,CBA06501_SBBI_annual_anchor_estimate
2005-08-29,81.98249879016592,CBA06501_SBBI_annual_anchor_estimate
2005-08-30,82.01193427698557,CBA06501_SBBI_annual_anchor_estimate
2005-08-31,82.04138033249852,CBA06501_SBBI_annual_anchor_estimate
2005-09-01,82.07083696049939,CBA06501_SBBI_annual_anchor_estimate
2005-09-02,82.10030416478422,CBA06501_SBBI_annual_anchor_estimate
2005-09-05,82.18876927332285,CBA06501_SBBI_annual_anchor_estimate
2005-09-06,82.21827882073077,CBA06501_SBBI_annual_anchor_estimate
2005-09-07,82.24779896342315,CBA06501_SBBI_annual_anchor_estimate
2005-09-08,82.27732970520415,CBA06501_SBBI_annual_anchor_estimate
2005-09-09,82.30687104987936,CBA06501_SBBI_annual_anchor_estimate
2005-09-12,82.39555873934623,CBA06501_SBBI_annual_anchor_estimate
2005-09-13,82.42514253368115,CBA06501_SBBI_annual_anchor_estimate
2005-09-14,82.45473694995857,CBA06501_SBBI_annual_anchor_estimate
2005-09-15,82.48434199199225,CBA06501_SBBI_annual_anchor_estimate
2005-09-16,82.51395766359734,CBA06501_SBBI_annual_anchor_estimate
2005-09-19,82.6028684940129,CBA06501_SBBI_annual_anchor_estimate
2005-09-20,82.63252672208235,CBA06501_SBBI_annual_anchor_estimate
2005-09-21,82.66219559881944,CBA06501_SBBI_annual_anchor_estimate
2005-09-22,82.6918751280475,CBA06501_SBBI_annual_anchor_estimate
2005-09-23,82.7215653135913,CBA06501_SBBI_annual_anchor_estimate
2005-09-26,82.81069984638505,CBA06501_SBBI_annual_anchor_estimate
2005-09-27,82.84043269546657,CBA06501_SBBI_annual_anchor_estimate
2005-09-28,82.87017622000813,CBA06501_SBBI_annual_anchor_estimate
2005-09-29,82.89993042384266,CBA06501_SBBI_annual_anchor_estimate
2005-09-30,82.92969531080456,CBA06501_SBBI_annual_anchor_estimate
2005-10-10,83.22793259697104,CBA06501_SBBI_annual_anchor_estimate
2005-10-11,83.2578152517954,CBA06501_SBBI_annual_anchor_estimate
2005-10-12,83.28770863586695,CBA06501_SBBI_annual_anchor_estimate
2005-10-13,83.31761275303792,CBA06501_SBBI_annual_anchor_estimate
2005-10-14,83.34752760716205,CBA06501_SBBI_annual_anchor_estimate
2005-10-17,83.43733662981066,CBA06501_SBBI_annual_anchor_estimate
2005-10-18,83.46729447031173,CBA06501_SBBI_annual_anchor_estimate
2005-10-19,83.49726306705506,CBA06501_SBBI_annual_anchor_estimate
2005-10-20,83.52724242390266,CBA06501_SBBI_annual_anchor_estimate
2005-10-21,83.55723254471789,CBA06501_SBBI_annual_anchor_estimate
2005-10-24,83.6472675296239,CBA06501_SBBI_annual_anchor_estimate
2005-10-25,83.67730074497113,CBA06501_SBBI_annual_anchor_estimate
2005-10-26,83.70734474362368,CBA06501_SBBI_annual_anchor_estimate
2005-10-27,83.73739952945323,CBA06501_SBBI_annual_anchor_estimate
2005-10-28,83.76746510633288,CBA06501_SBBI_annual_anchor_estimate
2005-10-31,83.85772662202427,CBA06501_SBBI_annual_anchor_estimate
2005-11-01,83.88783540186309,CBA06501_SBBI_annual_anchor_estimate
2005-11-02,83.91795499213835,CBA06501_SBBI_annual_anchor_estimate
2005-11-03,83.94808539673149,CBA06501_SBBI_annual_anchor_estimate
2005-11-04,83.97822661952534,CBA06501_SBBI_annual_anchor_estimate
2005-11-07,84.06871523596051,CBA06501_SBBI_annual_anchor_estimate
2005-11-08,84.0988997704135,CBA06501_SBBI_annual_anchor_estimate
2005-11-09,84.12909514250231,CBA06501_SBBI_annual_anchor_estimate
2005-11-10,84.15930135611818,CBA06501_SBBI_annual_anchor_estimate
2005-11-11,84.18951841515367,CBA06501_SBBI_annual_anchor_estimate
2005-11-14,84.28023470372506,CBA06501_SBBI_annual_anchor_estimate
2005-11-15,84.31049518339316,CBA06501_SBBI_annual_anchor_estimate
2005-11-16,84.34076652796489,CBA06501_SBBI_annual_anchor_estimate
2005-11-17,84.37104874134131,CBA06501_SBBI_annual_anchor_estimate
2005-11-18,84.40134182742474,CBA06501_SBBI_annual_anchor_estimate
2005-11-21,84.49228636096244,CBA06501_SBBI_annual_anchor_estimate
2005-11-22,84.52262297692613,CBA06501_SBBI_annual_anchor_estimate
2005-11-23,84.5529704851299,CBA06501_SBBI_annual_anchor_estimate
2005-11-24,84.58332888948459,CBA06501_SBBI_annual_anchor_estimate
2005-11-25,84.61369819390238,CBA06501_SBBI_annual_anchor_estimate
2005-11-28,84.7048715466777,CBA06501_SBBI_annual_anchor_estimate
2005-11-29,84.73528449049826,CBA06501_SBBI_annual_anchor_estimate
2005-11-30,84.7657083539641,CBA06501_SBBI_annual_anchor_estimate
2005-12-01,84.7961431409959,CBA06501_SBBI_annual_anchor_estimate
2005-12-02,84.82658885551568,CBA06501_SBBI_annual_anchor_estimate
2005-12-05,84.91799160324489,CBA06501_SBBI_annual_anchor_estimate
2005-12-06,84.94848106696551,CBA06501_SBBI_annual_anchor_estimate
2005-12-07,84.9789814778056,CBA06501_SBBI_annual_anchor_estimate
2005-12-08,85.00949283969567,CBA06501_SBBI_annual_anchor_estimate
2005-12-09,85.04001515656765,CBA06501_SBBI_annual_anchor_estimate
2005-12-12,85.13164787641544,CBA06501_SBBI_annual_anchor_estimate
2005-12-13,85.16221405256258,CBA06501_SBBI_annual_anchor_estimate
2005-12-14,85.19279120337247,CBA06501_SBBI_annual_anchor_estimate
2005-12-15,85.2233793327855,CBA06501_SBBI_annual_anchor_estimate
2005-12-16,85.25397844474351,CBA06501_SBBI_annual_anchor_estimate
2005-12-19,85.34584171532683,CBA06501_SBBI_annual_anchor_estimate
2005-12-20,85.3764847969113,CBA06501_SBBI_annual_anchor_estimate
2005-12-21,85.40713888077107,CBA06501_SBBI_annual_anchor_estimate
2005-12-22,85.43780397085652,CBA06501_SBBI_annual_anchor_estimate
2005-12-23,85.46848007111936,CBA06501_SBBI_annual_anchor_estimate
2005-12-26,85.56057447251094,CBA06501_SBBI_annual_anchor_estimate
2005-12-27,85.59129465302915,CBA06501_SBBI_annual_anchor_estimate
2005-12-28,85.62202586350476,CBA06501_SBBI_annual_anchor_estimate
2005-12-29,85.65276810789804,CBA06501_SBBI_annual_anchor_estimate
2005-12-30,85.68352139017064,CBA06501_SBBI_annual_anchor_estimate
2006-01-04,85.7466858961263,CBA06501_SBBI_annual_anchor_estimate
2006-01-05,85.75478785505213,CBA06501_SBBI_annual_anchor_estimate
2006-01-06,85.76289057950885,CBA06501_SBBI_annual_anchor_estimate
2006-01-09,85.78720334678785,CBA06501_SBBI_annual_anchor_estimate
2006-01-10,85.79530913409162,CBA06501_SBBI_annual_anchor_estimate
2006-01-11,85.80341568728802,CBA06501_SBBI_annual_anchor_estimate
2006-01-12,85.81152300644943,CBA06501_SBBI_annual_anchor_estimate
2006-01-13,85.81963109164823,CBA06501_SBBI_annual_anchor_estimate
2006-01-16,85.84395994419276,CBA06501_SBBI_annual_anchor_estimate
2006-01-17,85.85207109426497,CBA06501_SBBI_annual_anchor_estimate
2006-01-18,85.86018301073652,CBA06501_SBBI_annual_anchor_estimate
2006-01-19,85.86829569367985,CBA06501_SBBI_annual_anchor_estimate
2006-01-20,85.87640914316738,CBA06501_SBBI_annual_anchor_estimate
2006-01-23,85.90075409161939,CBA06501_SBBI_annual_anchor_estimate
2006-01-24,85.90887060800804,CBA06501_SBBI_annual_anchor_estimate
2006-01-25,85.91698789130307,CBA06501_SBBI_annual_anchor_estimate
2006-02-06,86.01445513592626,CBA06501_SBBI_annual_anchor_estimate
2006-02-07,86.02258239560113,CBA06501_SBBI_annual_anchor_estimate
2006-02-08,86.0307104231975,CBA06501_SBBI_annual_anchor_estimate
2006-02-09,86.03883921878794,CBA06501_SBBI_annual_anchor_estimate
2006-02-10,86.04696878244502,CBA06501_SBBI_annual_anchor_estimate
2006-02-13,86.07136208254178,CBA06501_SBBI_annual_anchor_estimate
2006-02-14,86.07949471919117,CBA06501_SBBI_annual_anchor_estimate
2006-02-15,86.08762812427013,CBA06501_SBBI_annual_anchor_estimate
2006-02-16,86.09576229785124,CBA06501_SBBI_annual_anchor_estimate
2006-02-17,86.10389724000713,CBA06501_SBBI_annual_anchor_estimate
2006-02-20,86.12830667864971,CBA06501_SBBI_annual_anchor_estimate
2006-02-21,86.13644469583099,CBA06501_SBBI_annual_anchor_estimate
2006-02-22,86.14458348195024,CBA06501_SBBI_annual_anchor_estimate
2006-02-23,86.15272303708007,CBA06501_SBBI_annual_anchor_estimate
2006-02-24,86.16086336129318,CBA06501_SBBI_annual_anchor_estimate
2006-02-27,86.18528894915882,CBA06501_SBBI_annual_anchor_estimate
2006-02-28,86.19343235043175,CBA06501_SBBI_annual_anchor_estimate
2006-03-01,86.20157652115137,CBA06501_SBBI_annual_anchor_estimate
2006-03-02,86.20972146139033,CBA06501_SBBI_annual_anchor_estimate
2006-03-03,86.21786717122141,CBA06501_SBBI_annual_anchor_estimate
2006-03-06,86.24230891899441,CBA06501_SBBI_annual_anchor_estimate
2006-03-07,86.25045770792107,CBA06501_SBBI_annual_anchor_estimate
2006-03-08,86.2586072668035,CBA06501_SBBI_annual_anchor_estimate
2006-03-09,86.26675759571441,CBA06501_SBBI_annual_anchor_estimate
2006-03-10,86.27490869472658,CBA06501_SBBI_annual_anchor_estimate
2006-03-13,86.29936661309824,CBA06501_SBBI_annual_anchor_estimate
2006-03-14,86.30752079324313,CBA06501_SBBI_annual_anchor_estimate
2006-03-15,86.31567574385315,CBA06501_SBBI_annual_anchor_estimate
2006-03-16,86.32383146500112,CBA06501_SBBI_annual_anchor_estimate
2006-03-17,86.33198795675983,CBA06501_SBBI_annual_anchor_estimate
2006-03-20,86.35646205642863,CBA06501_SBBI_annual_anchor_estimate
2006-03-21,86.36462163135852,CBA06501_SBBI_annual_anchor_estimate
2006-03-22,86.37278197726332,CBA06501_SBBI_annual_anchor_estimate
2006-03-23,86.38094309421584,CBA06501_SBBI_annual_anchor_estimate
2006-03-24,86.38910498228891,CBA06501_SBBI_annual_anchor_estimate
2006-03-27,86.41359527396033,CBA06501_SBBI_annual_anchor_estimate
2006-03-28,86.42176024724444,CBA06501_SBBI_annual_anchor_estimate
2006-03-29,86.4299259920135,CBA06501_SBBI_annual_anchor_estimate
2006-03-30,86.4380925083404,CBA06501_SBBI_annual_anchor_estimate
2006-03-31,86.44625979629805,CBA06501_SBBI_annual_anchor_estimate
2006-04-03,86.4707662906847,CBA06501_SBBI_annual_anchor_estimate
2006-04-04,86.47893666589452,CBA06501_SBBI_annual_anchor_estimate
2006-04-05,86.48710781309973,CBA06501_SBBI_annual_anchor_estimate
2006-04-06,86.49527973237325,CBA06501_SBBI_annual_anchor_estimate
2006-04-07,86.50345242378803,CBA06501_SBBI_annual_anchor_estimate
2006-04-10,86.52797513160954,CBA06501_SBBI_annual_anchor_estimate
2006-04-11,86.53615091231902,CBA06501_SBBI_annual_anchor_estimate
2006-04-12,86.54432746553461,CBA06501_SBBI_annual_anchor_estimate
2006-04-13,86.5525047913293,CBA06501_SBBI_annual_anchor_estimate
2006-04-14,86.56068288977612,CBA06501_SBBI_annual_anchor_estimate
2006-04-17,86.58522182175929,CBA06501_SBBI_annual_anchor_estimate
2006-04-18,86.59340301154465,CBA06501_SBBI_annual_anchor_estimate
2006-04-19,86.60158497434723,CBA06501_SBBI_annual_anchor_estimate
2006-04-20,86.60976771024006,CBA06501_SBBI_annual_anchor_estimate
2006-04-21,86.61795121929619,CBA06501_SBBI_annual_anchor_estimate
2006-04-24,86.64250638617487,CBA06501_SBBI_annual_anchor_estimate
2006-04-25,86.65069298861478,CBA06501_SBBI_annual_anchor_estimate
2006-04-26,86.65888036458333,CBA06501_SBBI_annual_anchor_estimate
2006-04-27,86.66706851415358,CBA06501_SBBI_annual_anchor_estimate
2006-04-28,86.67525743739864,CBA06501_SBBI_annual_anchor_estimate
2006-05-08,86.75718923805024,CBA06501_SBBI_annual_anchor_estimate
2006-05-09,86.76538667654457,CBA06501_SBBI_annual_anchor_estimate
2006-05-10,86.7735848895914,CBA06501_SBBI_annual_anchor_estimate
2006-05-11,86.78178387726393,CBA06501_SBBI_annual_anchor_estimate
2006-05-12,86.78998363963531,CBA06501_SBBI_annual_anchor_estimate
2006-05-15,86.81458757567479,CBA06501_SBBI_annual_anchor_estimate
2006-05-16,86.82279043757377,CBA06501_SBBI_annual_anchor_estimate
2006-05-17,86.83099407453768,CBA06501_SBBI_annual_anchor_estimate
2006-05-18,86.83919848663976,CBA06501_SBBI_annual_anchor_estimate
2006-05-19,86.84740367395325,CBA06501_SBBI_annual_anchor_estimate
2006-05-22,86.87202388789478,CBA06501_SBBI_annual_anchor_estimate
2006-05-23,86.8802321767865,CBA06501_SBBI_annual_anchor_estimate
2006-05-24,86.88844124125595,CBA06501_SBBI_annual_anchor_estimate
2006-05-25,86.89665108137639,CBA06501_SBBI_annual_anchor_estimate
2006-05-26,86.90486169722112,CBA06501_SBBI_annual_anchor_estimate
2006-05-29,86.92949819983411,CBA06501_SBBI_annual_anchor_estimate
2006-05-30,86.93771191930905,CBA06501_SBBI_annual_anchor_estimate
2006-05-31,86.94592641487485,CBA06501_SBBI_annual_anchor_estimate
2006-06-01,86.9541416866048,CBA06501_SBBI_annual_anchor_estimate
2006-06-02,86.96235773457228,CBA06501_SBBI_annual_anchor_estimate
2006-06-05,86.98701053663326,CBA06501_SBBI_annual_anchor_estimate
2006-06-06,86.9952296902843,CBA06501_SBBI_annual_anchor_estimate
2006-06-07,87.00344962053966,CBA06501_SBBI_annual_anchor_estimate
2006-06-08,87.01167032747269,CBA06501_SBBI_annual_anchor_estimate
2006-06-09,87.01989181115677,CBA06501_SBBI_annual_anchor_estimate
2006-06-12,87.04456092344944,CBA06501_SBBI_annual_anchor_estimate
2006-06-13,87.0527855148718,CBA06501_SBBI_annual_anchor_estimate
2006-06-14,87.06101088341227,CBA06501_SBBI_annual_anchor_estimate
2006-06-15,87.06923702914428,CBA06501_SBBI_annual_anchor_estimate
2006-06-16,87.07746395214124,CBA06501_SBBI_annual_anchor_estimate
2006-06-19,87.10214938545639,CBA06501_SBBI_annual_anchor_estimate
2006-06-20,87.11037941824769,CBA06501_SBBI_annual_anchor_estimate
2006-06-21,87.11861022867126,CBA06501_SBBI_annual_anchor_estimate
2006-06-22,87.12684181680054,CBA06501_SBBI_annual_anchor_estimate
2006-06-23,87.13507418270899,CBA06501_SBBI_annual_anchor_estimate
2006-06-26,87.15977594784458,CBA06501_SBBI_annual_anchor_estimate
2006-06-27,87.16801142560485,CBA06501_SBBI_annual_anchor_estimate
2006-06-28,87.17624768151181,CBA06501_SBBI_annual_anchor_estimate
2006-06-29,87.18448471563903,CBA06501_SBBI_annual_anchor_estimate
2006-06-30,87.19272252806003,CBA06501_SBBI_annual_anchor_estimate
2006-07-03,87.21744063582112,CBA06501_SBBI_annual_anchor_estimate
2006-07-04,87.2256815621527,CBA06501_SBBI_annual_anchor_estimate
2006-07-05,87.23392326714581,CBA06501_SBBI_annual_anchor_estimate
2006-07-06,87.24216575087405,CBA06501_SBBI_annual_anchor_estimate
2006-07-07,87.25040901341097,CBA06501_SBBI_annual_anchor_estimate
2006-07-10,87.27514347460983,CBA06501_SBBI_annual_anchor_estimate
2006-07-11,87.28338985311748,CBA06501_SBBI_annual_anchor_estimate
2006-07-12,87.29163701080185,CBA06501_SBBI_annual_anchor_estimate
2006-07-13,87.29988494773653,CBA06501_SBBI_annual_anchor_estimate
2006-07-14,87.30813366399516,CBA06501_SBBI_annual_anchor_estimate
2006-07-17,87.33288448945117,CBA06501_SBBI_annual_anchor_estimate
2006-07-18,87.34113632374205,CBA06501_SBBI_annual_anchor_estimate
2006-07-19,87.34938893772515,CBA06501_SBBI_annual_anchor_estimate
2006-07-20,87.35764233147411,CBA06501_SBBI_annual_anchor_estimate
2006-07-21,87.36589650506261,CBA06501_SBBI_annual_anchor_estimate
2006-07-24,87.39066370560234,CBA06501_SBBI_annual_anchor_estimate
2006-07-25,87.39892099928596,CBA06501_SBBI_annual_anchor_estimate
2006-07-26,87.40717907317766,CBA06501_SBBI_annual_anchor_estimate
2006-07-27,87.4154379273511,CBA06501_SBBI_annual_anchor_estimate
2006-07-28,87.42369756188005,CBA06501_SBBI_annual_anchor_estimate
2006-07-31,87.4484811483372,CBA06501_SBBI_annual_anchor_estimate
2006-08-01,87.45674390502552,CBA06501_SBBI_annual_anchor_estimate
2006-08-02,87.46500744243805,CBA06501_SBBI_annual_anchor_estimate
2006-08-03,87.4732717606486,CBA06501_SBBI_annual_anchor_estimate
2006-08-04,87.48153685973092,CBA06501_SBBI_annual_anchor_estimate
2006-08-07,87.50633684294638,CBA06501_SBBI_annual_anchor_estimate
2006-08-08,87.51460506625368,CBA06501_SBBI_annual_anchor_estimate
2006-08-09,87.52287407080173,CBA06501_SBBI_annual_anchor_estimate
2006-08-10,87.53114385666437,CBA06501_SBBI_annual_anchor_estimate
2006-08-11,87.5394144239154,CBA06501_SBBI_annual_anchor_estimate
2006-08-14,87.56423081473721,CBA06501_SBBI_annual_anchor_estimate
2006-08-15,87.57250450828019,CBA06501_SBBI_annual_anchor_estimate
2006-08-16,87.58077898358083,CBA06501_SBBI_annual_anchor_estimate
2006-08-17,87.58905424071293,CBA06501_SBBI_annual_anchor_estimate
2006-08-18,87.59733027975038,CBA06501_SBBI_annual_anchor_estimate
2006-08-21,87.62216308903378,CBA06501_SBBI_annual_anchor_estimate
2006-08-22,87.63044225643156,CBA06501_SBBI_annual_anchor_estimate
2006-08-23,87.63872220610418,CBA06501_SBBI_annual_anchor_estimate
2006-08-24,87.64700293812552,CBA06501_SBBI_annual_anchor_estimate
2006-08-25,87.65528445256956,CBA06501_SBBI_annual_anchor_estimate
2006-08-28,87.68013369117696,CBA06501_SBBI_annual_anchor_estimate
2006-08-29,87.688418336051,CBA06501_SBBI_annual_anchor_estimate
2006-08-30,87.69670376371744,CBA06501_SBBI_annual_anchor_estimate
2006-08-31,87.70498997425021,CBA06501_SBBI_annual_anchor_estimate
2006-09-01,87.7132769677233,CBA06501_SBBI_annual_anchor_estimate
2006-09-04,87.73814264652431,CBA06501_SBBI_annual_anchor_estimate
2006-09-05,87.74643277249852,CBA06501_SBBI_annual_anchor_estimate
2006-09-06,87.754723681783,CBA06501_SBBI_annual_anchor_estimate
2006-09-07,87.76301537445178,CBA06501_SBBI_annual_anchor_estimate
2006-09-08,87.77130785057885,CBA06501_SBBI_annual_anchor_estimate
2006-09-11,87.79618998045025,CBA06501_SBBI_annual_anchor_estimate
2006-09-12,87.80448559115091,CBA06501_SBBI_annual_anchor_estimate
2006-09-13,87.81278198568006,CBA06501_SBBI_annual_anchor_estimate
2006-09-14,87.8210791641118,CBA06501_SBBI_annual_anchor_estimate
2006-09-15,87.82937712652017,CBA06501_SBBI_annual_anchor_estimate
2006-09-18,87.85427571834593,CBA06501_SBBI_annual_anchor_estimate
2006-09-19,87.8625768174017,CBA06501_SBBI_annual_anchor_estimate
2006-09-20,87.87087870080455,CBA06501_SBBI_annual_anchor_estimate
2006-09-21,87.87918136862862,CBA06501_SBBI_annual_anchor_estimate
2006-09-22,87.887484820948,CBA06501_SBBI_annual_anchor_estimate
2006-09-25,87.91239988561932,CBA06501_SBBI_annual_anchor_estimate
2006-09-26,87.92070647666131,CBA06501_SBBI_annual_anchor_estimate
2006-09-27,87.92901385256928,CBA06501_SBBI_annual_anchor_estimate
2006-09-28,87.93732201341744,CBA06501_SBBI_annual_anchor_estimate
2006-09-29,87.94563095927994,CBA06501_SBBI_annual_anchor_estimate
2006-10-09,88.02876361001522,CBA06501_SBBI_annual_anchor_estimate
2006-10-10,88.03708119593247,CBA06501_SBBI_annual_anchor_estimate
2006-10-11,88.04539956775459,CBA06501_SBBI_annual_anchor_estimate
2006-10-12,88.05371872555584,CBA06501_SBBI_annual_anchor_estimate
2006-10-13,88.06203866941051,CBA06501_SBBI_annual_anchor_estimate
2006-10-16,88.08700321803776,CBA06501_SBBI_annual_anchor_estimate
2006-10-17,88.09532630684885,CBA06501_SBBI_annual_anchor_estimate
2006-10-18,88.1036501820848,CBA06501_SBBI_annual_anchor_estimate
2006-10-19,88.11197484381988,CBA06501_SBBI_annual_anchor_estimate
2006-10-20,88.12030029212843,CBA06501_SBBI_annual_anchor_estimate
2006-10-23,88.14528135723808,CBA06501_SBBI_annual_anchor_estimate
2006-10-24,88.15360995258376,CBA06501_SBBI_annual_anchor_estimate
2006-10-25,88.16193933487456,CBA06501_SBBI_annual_anchor_estimate
2006-10-26,88.17026950418486,CBA06501_SBBI_annual_anchor_estimate
2006-10-27,88.17860046058901,CBA06501_SBBI_annual_anchor_estimate
2006-10-30,88.20359805310835,CBA06501_SBBI_annual_anchor_estimate
2006-10-31,88.21193215863168,CBA06501_SBBI_annual_anchor_estimate
2006-11-01,88.22026705162081,CBA06501_SBBI_annual_anchor_estimate
2006-11-02,88.22860273215014,CBA06501_SBBI_annual_anchor_estimate
2006-11-03,88.23693920029403,CBA06501_SBBI_annual_anchor_estimate
2006-11-06,88.26195333115754,CBA06501_SBBI_annual_anchor_estimate
2006-11-07,88.27029295050409,CBA06501_SBBI_annual_anchor_estimate
2006-11-08,88.27863335783739,CBA06501_SBBI_annual_anchor_estimate
2006-11-09,88.28697455323193,CBA06501_SBBI_annual_anchor_estimate
2006-11-10,88.29531653676213,CBA06501_SBBI_annual_anchor_estimate
2006-11-13,88.32034721691153,CBA06501_SBBI_annual_anchor_estimate
2006-11-14,88.32869235372922,CBA06501_SBBI_annual_anchor_estimate
2006-11-15,88.337038279055,CBA06501_SBBI_annual_anchor_estimate
2006-11-16,88.34538499296335,CBA06501_SBBI_annual_anchor_estimate
2006-11-17,88.35373249552883,CBA06501_SBBI_annual_anchor_estimate
2006-11-20,88.3787797359131,CBA06501_SBBI_annual_anchor_estimate
2006-11-21,88.38713039385225,CBA06501_SBBI_annual_anchor_estimate
2006-11-22,88.39548184082118,CBA06501_SBBI_annual_anchor_estimate
2006-11-23,88.40383407689441,CBA06501_SBBI_annual_anchor_estimate
2006-11-24,88.41218710214653,CBA06501_SBBI_annual_anchor_estimate
2006-11-27,88.43725091372188,CBA06501_SBBI_annual_anchor_estimate
2006-11-28,88.44560709643527,CBA06501_SBBI_annual_anchor_estimate
2006-11-29,88.45396406870046,CBA06501_SBBI_annual_anchor_estimate
2006-11-30,88.462321830592,CBA06501_SBBI_annual_anchor_estimate
2006-12-01,88.47068038218458,CBA06501_SBBI_annual_anchor_estimate
2006-12-04,88.49576077591445,CBA06501_SBBI_annual_anchor_estimate
2006-12-05,88.50412248705726,CBA06501_SBBI_annual_anchor_estimate
2006-12-06,88.5124849882742,CBA06501_SBBI_annual_anchor_estimate
2006-12-07,88.52084827963996,CBA06501_SBBI_annual_anchor_estimate
2006-12-08,88.52921236122917,CBA06501_SBBI_annual_anchor_estimate
2006-12-11,88.55430934808432,CBA06501_SBBI_annual_anchor_estimate
2006-12-12,88.56267659131413,CBA06501_SBBI_annual_anchor_estimate
2006-12-13,88.5710446251408,CBA06501_SBBI_annual_anchor_estimate
2006-12-14,88.57941344963902,CBA06501_SBBI_annual_anchor_estimate
2006-12-15,88.58778306488352,CBA06501_SBBI_annual_anchor_estimate
2006-12-18,88.61289665584188,CBA06501_SBBI_annual_anchor_estimate
2006-12-19,88.62126943481871,CBA06501_SBBI_annual_anchor_estimate
2006-12-20,88.62964300491545,CBA06501_SBBI_annual_anchor_estimate
2006-12-21,88.63801736620688,CBA06501_SBBI_annual_anchor_estimate
2006-12-22,88.64639251876771,CBA06501_SBBI_annual_anchor_estimate
2006-12-25,88.67152272481452,CBA06501_SBBI_annual_anchor_estimate
2006-12-26,88.67990104320081,CBA06501_SBBI_annual_anchor_estimate
2006-12-27,88.68828015323041,CBA06501_SBBI_annual_anchor_estimate
2006-12-28,88.69666005497814,CBA06501_SBBI_annual_anchor_estimate
2006-12-29,88.7050407485188,CBA06501_SBBI_annual_anchor_estimate
2007-01-04,88.67107913600192,CBA06501_SBBI_annual_anchor_estimate
2007-01-05,88.65840232431208,CBA06501_SBBI_annual_anchor_estimate
2007-01-08,88.62038276220632,CBA06501_SBBI_annual_anchor_estimate
2007-01-09,88.60771319829546,CBA06501_SBBI_annual_anchor_estimate
2007-01-10,88.59504544568178,CBA06501_SBBI_annual_anchor_estimate
2007-01-11,88.58237950410633,CBA06501_SBBI_annual_anchor_estimate
2007-01-12,88.5697153733102,CBA06501_SBBI_annual_anchor_estimate
2007-01-15,88.53173384300914,CBA06501_SBBI_annual_anchor_estimate
2007-01-16,88.51907695274188,CBA06501_SBBI_annual_anchor_estimate
2007-01-17,88.50642187195994,CBA06501_SBBI_annual_anchor_estimate
2007-01-18,88.4937686004046,CBA06501_SBBI_annual_anchor_estimate
2007-01-19,88.48111713781721,CBA06501_SBBI_annual_anchor_estimate
2007-01-22,88.4431736012768,CBA06501_SBBI_annual_anchor_estimate
2007-01-23,88.43052937197541,CBA06501_SBBI_annual_anchor_estimate
2007-01-24,88.41788695034927,CBA06501_SBBI_annual_anchor_estimate
2007-01-25,88.40524633613994,CBA06501_SBBI_annual_anchor_estimate
2007-01-26,88.392607529089,CBA06501_SBBI_annual_anchor_estimate
2007-01-29,88.35470194830323,CBA06501_SBBI_annual_anchor_estimate
2007-01-30,88.34207036730268,CBA06501_SBBI_annual_anchor_estimate
2007-01-31,88.32944059216914,CBA06501_SBBI_annual_anchor_estimate
2007-02-01,88.31681262264438,CBA06501_SBBI_annual_anchor_estimate
2007-02-02,88.3041864584703,CBA06501_SBBI_annual_anchor_estimate
2007-02-05,88.26631879547118,CBA06501_SBBI_annual_anchor_estimate
2007-02-06,88.25369985011913,CBA06501_SBBI_annual_anchor_estimate
2007-02-07,88.24108270882758,CBA06501_SBBI_annual_anchor_estimate
2007-02-08,88.22846737133865,CBA06501_SBBI_annual_anchor_estimate
2007-02-09,88.21585383739446,CBA06501_SBBI_annual_anchor_estimate
2007-02-12,88.17802405425202,CBA06501_SBBI_annual_anchor_estimate
2007-02-13,88.1654177319087,CBA06501_SBBI_annual_anchor_estimate
2007-02-14,88.15281321182127,CBA06501_SBBI_annual_anchor_estimate
2007-02-15,88.14021049373207,CBA06501_SBBI_annual_anchor_estimate
2007-02-16,88.12760957738347,CBA06501_SBBI_annual_anchor_estimate
2007-02-26,88.00169945298046,CBA06501_SBBI_annual_anchor_estimate
2007-02-27,87.98911833878606,CBA06501_SBBI_annual_anchor_estimate
2007-02-28,87.97653902324366,CBA06501_SBBI_annual_anchor_estimate
2007-03-01,87.96396150609614,CBA06501_SBBI_annual_anchor_estimate
2007-03-02,87.9513857870864,CBA06501_SBBI_annual_anchor_estimate
2007-03-05,87.91366941631323,CBA06501_SBBI_annual_anchor_estimate
2007-03-06,87.90110088728422,CBA06501_SBBI_annual_anchor_estimate
2007-03-07,87.888534155108,CBA06501_SBBI_annual_anchor_estimate
2007-03-08,87.87596921952769,CBA06501_SBBI_annual_anchor_estimate
2007-03-09,87.86340608028642,CBA06501_SBBI_annual_anchor_estimate
2007-03-12,87.82572743802899,CBA06501_SBBI_annual_anchor_estimate
2007-03-13,87.81317148157618,CBA06501_SBBI_annual_anchor_estimate
2007-03-14,87.80061732017873,CBA06501_SBBI_annual_anchor_estimate
2007-03-15,87.78806495357999,CBA06501_SBBI_annual_anchor_estimate
2007-03-16,87.7755143815234,CBA06501_SBBI_annual_anchor_estimate
2007-03-19,87.73787343004103,CBA06501_SBBI_annual_anchor_estimate
2007-03-20,87.72533003358778,CBA06501_SBBI_annual_anchor_estimate
2007-03-21,87.71278843039426,CBA06501_SBBI_annual_anchor_estimate
2007-03-22,87.70024862020408,CBA06501_SBBI_annual_anchor_estimate
2007-03-23,87.68771060276092,CBA06501_SBBI_annual_anchor_estimate
2007-03-26,87.65010730435071,CBA06501_SBBI_annual_anchor_estimate
2007-03-27,87.63757645533299,CBA06501_SBBI_annual_anchor_estimate
2007-03-28,87.62504739778115,CBA06501_SBBI_annual_anchor_estimate
2007-03-29,87.61252013143907,CBA06501_SBBI_annual_anchor_estimate
2007-03-30,87.5999946560507,CBA06501_SBBI_annual_anchor_estimate
2007-04-02,87.56242897304745,CBA06501_SBBI_annual_anchor_estimate
2007-04-03,87.54991065891376,CBA06501_SBBI_annual_anchor_estimate
2007-04-04,87.53739413445392,CBA06501_SBBI_annual_anchor_estimate
2007-04-05,87.52487939941207,CBA06501_SBBI_annual_anchor_estimate
2007-04-06,87.51236645353237,CBA06501_SBBI_annual_anchor_estimate
2007-04-09,87.47483834830857,CBA06501_SBBI_annual_anchor_estimate
2007-04-10,87.46233255652001,CBA06501_SBBI_annual_anchor_estimate
2007-04-11,87.44982855261505,CBA06501_SBBI_annual_anchor_estimate
2007-04-12,87.43732633633806,CBA06501_SBBI_annual_anchor_estimate
2007-04-13,87.42482590743352,CBA06501_SBBI_annual_anchor_estimate
2007-04-16,87.38733534239927,CBA06501_SBBI_annual_anchor_estimate
2007-04-17,87.37484206042946,CBA06501_SBBI_annual_anchor_estimate
2007-04-18,87.36235056455479,CBA06501_SBBI_annual_anchor_estimate
2007-04-19,87.3498608545199,CBA06501_SBBI_annual_anchor_estimate
2007-04-20,87.33737293006949,CBA06501_SBBI_annual_anchor_estimate
2007-04-23,87.29991986767251,CBA06501_SBBI_annual_anchor_estimate
2007-04-24,87.28743908300761,CBA06501_SBBI_annual_anchor_estimate
2007-04-25,87.27496008265116,CBA06501_SBBI_annual_anchor_estimate
2007-04-26,87.26248286634808,CBA06501_SBBI_annual_anchor_estimate
2007-04-27,87.25000743384332,CBA06501_SBBI_annual_anchor_estimate
2007-04-30,87.21259183656892,CBA06501_SBBI_annual_anchor_estimate
2007-05-08,87.11289533407015,CBA06501_SBBI_annual_anchor_estimate
2007-05-09,87.10044128726403,CBA06501_SBBI_annual_anchor_estimate
2007-05-10,87.08798902094384,CBA06501_SBBI_annual_anchor_estimate
2007-05-11,87.07553853485499,CBA06501_SBBI_annual_anchor_estimate
2007-05-14,87.03819775543165,CBA06501_SBBI_annual_anchor_estimate
2007-05-15,87.02575438772348,CBA06501_SBBI_annual_anchor_estimate
2007-05-16,87.01331279897448,CBA06501_SBBI_annual_anchor_estimate
2007-05-17,87.00087298893033,CBA06501_SBBI_annual_anchor_estimate
2007-05-18,86.98843495733671,CBA06501_SBBI_annual_anchor_estimate
2007-05-21,86.95113153071681,CBA06501_SBBI_annual_anchor_estimate
2007-05-22,86.93870061038321,CBA06501_SBBI_annual_anchor_estimate
2007-05-23,86.92627146722924,CBA06501_SBBI_annual_anchor_estimate
2007-05-24,86.91384410100085,CBA06501_SBBI_annual_anchor_estimate
2007-05-25,86.90141851144396,CBA06501_SBBI_annual_anchor_estimate
2007-05-28,86.86415240026267,CBA06501_SBBI_annual_anchor_estimate
2007-05-29,86.85173391485225,CBA06501_SBBI_annual_anchor_estimate
2007-05-30,86.83931720484371,CBA06501_SBBI_annual_anchor_estimate
2007-05-31,86.82690226998325,CBA06501_SBBI_annual_anchor_estimate
2007-06-01,86.81448911001706,CBA06501_SBBI_annual_anchor_estimate
2007-06-04,86.77726027694692,CBA06501_SBBI_annual_anchor_estimate
2007-06-05,86.76485421402076,CBA06501_SBBI_annual_anchor_estimate
2007-06-06,86.75244992472051,CBA06501_SBBI_annual_anchor_estimate
2007-06-07,86.7400474087926,CBA06501_SBBI_annual_anchor_estimate
2007-06-08,86.72764666598351,CBA06501_SBBI_annual_anchor_estimate
2007-06-11,86.6904550737344,CBA06501_SBBI_annual_anchor_estimate
2007-06-12,86.67806142086603,CBA06501_SBBI_annual_anchor_estimate
2007-06-13,86.66566953984935,CBA06501_SBBI_annual_anchor_estimate
2007-06-14,86.65327943043108,CBA06501_SBBI_annual_anchor_estimate
2007-06-15,86.64089109235793,CBA06501_SBBI_annual_anchor_estimate
2007-06-18,86.60373670367706,CBA06501_SBBI_annual_anchor_estimate
2007-06-19,86.59135544845238,CBA06501_SBBI_annual_anchor_estimate
2007-06-20,86.578975963307,CBA06501_SBBI_annual_anchor_estimate
2007-06-21,86.56659824798786,CBA06501_SBBI_annual_anchor_estimate
2007-06-22,86.55422230224193,CBA06501_SBBI_annual_anchor_estimate
2007-06-25,86.5171050799137,CBA06501_SBBI_annual_anchor_estimate
2007-06-26,86.50473620993112,CBA06501_SBBI_annual_anchor_estimate
2007-06-27,86.49236910825718,CBA06501_SBBI_annual_anchor_estimate
2007-06-28,86.48000377463909,CBA06501_SBBI_annual_anchor_estimate
2007-06-29,86.46764020882404,CBA06501_SBBI_annual_anchor_estimate
2007-07-02,86.43056011567018,CBA06501_SBBI_annual_anchor_estimate
2007-07-03,86.41820361854045,CBA06501_SBBI_annual_anchor_estimate
2007-07-04,86.40584888795048,CBA06501_SBBI_annual_anchor_estimate
2007-07-05,86.39349592364772,CBA06501_SBBI_annual_anchor_estimate
2007-07-06,86.38114472537966,CBA06501_SBBI_annual_anchor_estimate
2007-07-09,86.34410172425903,CBA06501_SBBI_annual_anchor_estimate
2007-07-10,86.33175758760531,CBA06501_SBBI_annual_anchor_estimate
2007-07-11,86.31941521572425,CBA06501_SBBI_annual_anchor_estimate
2007-07-12,86.30707460836355,CBA06501_SBBI_annual_anchor_estimate
2007-07-13,86.29473576527093,CBA06501_SBBI_annual_anchor_estimate
2007-07-16,86.25772981907954,CBA06501_SBBI_annual_anchor_estimate
2007-07-17,86.24539803053739,CBA06501_SBBI_annual_anchor_estimate
2007-07-18,86.23306800500255,CBA06501_SBBI_annual_anchor_estimate
2007-07-19,86.22073974222297,CBA06501_SBBI_annual_anchor_estimate
2007-07-20,86.20841324194664,CBA06501_SBBI_annual_anchor_estimate
2007-07-23,86.17144431361766,CBA06501_SBBI_annual_anchor_estimate
2007-07-24,86.15912486083496,CBA06501_SBBI_annual_anchor_estimate
2007-07-25,86.14680716929601,CBA06501_SBBI_annual_anchor_estimate
2007-07-26,86.134491238749,CBA06501_SBBI_annual_anchor_estimate
2007-07-27,86.1221770689422,CBA06501_SBBI_annual_anchor_estimate
2007-07-30,86.0852451214458,CBA06501_SBBI_annual_anchor_estimate
2007-07-31,86.07293799208286,CBA06501_SBBI_annual_anchor_estimate
2007-08-01,86.06063262220184,CBA06501_SBBI_annual_anchor_estimate
2007-08-02,86.0483290115512,CBA06501_SBBI_annual_anchor_estimate
2007-08-03,86.03602715987944,CBA06501_SBBI_annual_anchor_estimate
2007-08-06,85.99913215622291,CBA06501_SBBI_annual_anchor_estimate
2007-08-07,85.98683733795232,CBA06501_SBBI_annual_anchor_estimate
2007-08-08,85.97454427740361,CBA06501_SBBI_annual_anchor_estimate
2007-08-09,85.96225297432548,CBA06501_SBBI_annual_anchor_estimate
2007-08-10,85.94996342846669,CBA06501_SBBI_annual_anchor_estimate
2007-08-13,85.91310533169428,CBA06501_SBBI_annual_anchor_estimate
2007-08-14,85.90082281220099,CBA06501_SBBI_annual_anchor_estimate
2007-08-15,85.88854204867128,CBA06501_SBBI_annual_anchor_estimate
2007-08-16,85.87626304085413,CBA06501_SBBI_annual_anchor_estimate
2007-08-17,85.86398578849851,CBA06501_SBBI_annual_anchor_estimate
2007-08-20,85.82716456169148,CBA06501_SBBI_annual_anchor_estimate
2007-08-21,85.81489432867272,CBA06501_SBBI_annual_anchor_estimate
2007-08-22,85.80262584986106,CBA06501_SBBI_annual_anchor_estimate
2007-08-23,85.79035912500564,CBA06501_SBBI_annual_anchor_estimate
2007-08-24,85.77809415385576,CBA06501_SBBI_annual_anchor_estimate
2007-08-27,85.74130976013224,CBA06501_SBBI_annual_anchor_estimate
2007-08-28,85.72905180129762,CBA06501_SBBI_annual_anchor_estimate
2007-08-29,85.7167955949153,CBA06501_SBBI_annual_anchor_estimate
2007-08-30,85.70454114073473,CBA06501_SBBI_annual_anchor_estimate
2007-08-31,85.6922884385054,CBA06501_SBBI_annual_anchor_estimate
2007-09-03,85.65554084102047,CBA06501_SBBI_annual_anchor_estimate
2007-09-04,85.64329514409184,CBA06501_SBBI_annual_anchor_estimate
2007-09-05,85.63105119786248,CBA06501_SBBI_annual_anchor_estimate
2007-09-06,85.61880900208213,CBA06501_SBBI_annual_anchor_estimate
2007-09-07,85.60656855650049,CBA06501_SBBI_annual_anchor_estimate
2007-09-10,85.56985771844604,CBA06501_SBBI_annual_anchor_estimate
2007-09-11,85.55762427115755,CBA06501_SBBI_annual_anchor_estimate
2007-09-12,85.54539257281708,CBA06501_SBBI_annual_anchor_estimate
2007-09-13,85.53316262317458,CBA06501_SBBI_annual_anchor_estimate
2007-09-14,85.52093442198003,CBA06501_SBBI_annual_anchor_estimate
2007-09-17,85.48426030658482,CBA06501_SBBI_annual_anchor_estimate
2007-09-18,85.47203909668286,CBA06501_SBBI_annual_anchor_estimate
2007-09-19,85.45981963397944,CBA06501_SBBI_annual_anchor_estimate
2007-09-20,85.4476019182247,CBA06501_SBBI_annual_anchor_estimate
2007-09-21,85.43538594916895,CBA06501_SBBI_annual_anchor_estimate
2007-09-24,85.39874851969846,CBA06501_SBBI_annual_anchor_estimate
2007-09-25,85.38653953494173,CBA06501_SBBI_annual_anchor_estimate
2007-09-26,85.37433229563577,CBA06501_SBBI_annual_anchor_estimate
2007-09-27,85.36212680153099,CBA06501_SBBI_annual_anchor_estimate
2007-09-28,85.34992305237792,CBA06501_SBBI_annual_anchor_estimate
2007-10-08,85.22798147832586,CBA06501_SBBI_annual_anchor_estimate
2007-10-09,85.21579690718458,CBA06501_SBBI_annual_anchor_estimate
2007-10-10,85.20361407800377,CBA06501_SBBI_annual_anchor_estimate
2007-10-11,85.19143299053437,CBA06501_SBBI_annual_anchor_estimate
2007-10-12,85.1792536445274,CBA06501_SBBI_annual_anchor_estimate
2007-10-15,85.14272605279149,CBA06501_SBBI_annual_anchor_estimate
2007-10-16,85.13055367014488,CBA06501_SBBI_annual_anchor_estimate
2007-10-17,85.1183830277162,CBA06501_SBBI_annual_anchor_estimate
2007-10-18,85.10621412525668,CBA06501_SBBI_annual_anchor_estimate
2007-10-19,85.09404696251755,CBA06501_SBBI_annual_anchor_estimate
2007-10-22,85.05755591013553,CBA06501_SBBI_annual_anchor_estimate
2007-10-23,85.04539570379119,CBA06501_SBBI_annual_anchor_estimate
2007-10-24,85.03323723592396,CBA06501_SBBI_annual_anchor_estimate
2007-10-25,85.02108050628539,CBA06501_SBBI_annual_anchor_estimate
2007-10-26,85.00892551462692,CBA06501_SBBI_annual_anchor_estimate
2007-10-29,84.97247096504769,CBA06501_SBBI_annual_anchor_estimate
2007-10-30,84.96032292282536,CBA06501_SBBI_annual_anchor_estimate
2007-10-31,84.94817661734112,CBA06501_SBBI_annual_anchor_estimate
2007-11-01,84.93603204834675,CBA06501_SBBI_annual_anchor_estimate
2007-11-02,84.92388921559392,CBA06501_SBBI_annual_anchor_estimate
2007-11-05,84.88747113230292,CBA06501_SBBI_annual_anchor_estimate
2007-11-06,84.87533524203455,CBA06501_SBBI_annual_anchor_estimate
2007-11-07,84.86320108676703,CBA06501_SBBI_annual_anchor_estimate
2007-11-08,84.85106866625229,CBA06501_SBBI_annual_anchor_estimate
2007-11-09,84.8389379802423,CBA06501_SBBI_annual_anchor_estimate
2007-11-12,84.80255632676149,CBA06501_SBBI_annual_anchor_estimate
2007-11-13,84.79043257629124,CBA06501_SBBI_annual_anchor_estimate
2007-11-14,84.77831055908626,CBA06501_SBBI_annual_anchor_estimate
2007-11-15,84.76619027489876,CBA06501_SBBI_annual_anchor_estimate
2007-11-16,84.75407172348096,CBA06501_SBBI_annual_anchor_estimate
2007-11-19,84.7177264633688,CBA06501_SBBI_annual_anchor_estimate
2007-11-20,84.70561484055297,CBA06501_SBBI_annual_anchor_estimate
2007-11-21,84.69350494926857,CBA06501_SBBI_annual_anchor_estimate
2007-11-22,84.68139678926809,CBA06501_SBBI_annual_anchor_estimate
2007-11-23,84.66929036030398,CBA06501_SBBI_annual_anchor_estimate
2007-11-26,84.63298145715537,CBA06501_SBBI_annual_anchor_estimate
2007-11-27,84.62088194986238,CBA06501_SBBI_annual_anchor_estimate
2007-11-28,84.60878417236876,CBA06501_SBBI_annual_anchor_estimate
2007-11-29,84.59668812442717,CBA06501_SBBI_annual_anchor_estimate
2007-11-30,84.58459380579039,CBA06501_SBBI_annual_anchor_estimate
2007-12-03,84.54832122323668,CBA06501_SBBI_annual_anchor_estimate
2007-12-04,84.53623381934712,CBA06501_SBBI_annual_anchor_estimate
2007-12-05,84.52414814352657,CBA06501_SBBI_annual_anchor_estimate
2007-12-06,84.51206419552794,CBA06501_SBBI_annual_anchor_estimate
2007-12-07,84.49998197510426,CBA06501_SBBI_annual_anchor_estimate
2007-12-10,84.46374567681316,CBA06501_SBBI_annual_anchor_estimate
2007-12-11,84.45167036421972,CBA06501_SBBI_annual_anchor_estimate
2007-12-12,84.43959677796667,CBA06501_SBBI_annual_anchor_estimate
2007-12-13,84.42752491780718,CBA06501_SBBI_annual_anchor_estimate
2007-12-14,84.41545478349447,CBA06501_SBBI_annual_anchor_estimate
2007-12-17,84.37925473317001,CBA06501_SBBI_annual_anchor_estimate
2007-12-18,84.3671914997775,CBA06501_SBBI_annual_anchor_estimate
2007-12-19,84.35512999099849,CBA06501_SBBI_annual_anchor_estimate
2007-12-20,84.34307020658639,CBA06501_SBBI_annual_anchor_estimate
2007-12-21,84.33101214629468,CBA06501_SBBI_annual_anchor_estimate
2007-12-24,84.29484830767724,CBA06501_SBBI_annual_anchor_estimate
2007-12-25,84.28279714140258,CBA06501_SBBI_annual_anchor_estimate
2007-12-26,84.27074769801625,CBA06501_SBBI_annual_anchor_estimate
2007-12-27,84.2586999772719,CBA06501_SBBI_annual_anchor_estimate
2007-12-28,84.24665397892328,CBA06501_SBBI_annual_anchor_estimate
2008-01-02,84.28964324284647,CBA06501_SBBI_annual_anchor_estimate
2008-01-03,84.32922957629494,CBA06501_SBBI_annual_anchor_estimate
2008-01-04,84.3688345013252,CBA06501_SBBI_annual_anchor_estimate
2008-01-07,84.48776091324189,CBA06501_SBBI_annual_anchor_estimate
2008-01-08,84.527440291955,CBA06501_SBBI_annual_anchor_estimate
2008-01-09,84.56713830594829,CBA06501_SBBI_annual_anchor_estimate
2008-01-10,84.60685496397373,CBA06501_SBBI_annual_anchor_estimate
2008-01-11,84.64659027478744,CBA06501_SBBI_annual_anchor_estimate
2008-01-14,84.76590821158085,CBA06501_SBBI_annual_anchor_estimate
2008-01-15,84.80571822119092,CBA06501_SBBI_annual_anchor_estimate
2008-01-16,84.84554692743147,CBA06501_SBBI_annual_anchor_estimate
2008-01-17,84.88539433908336,CBA06501_SBBI_annual_anchor_estimate
2008-01-18,84.92526046493145,CBA06501_SBBI_annual_anchor_estimate
2008-01-21,85.04497121556447,CBA06501_SBBI_annual_anchor_estimate
2008-01-22,85.0849122861294,CBA06501_SBBI_annual_anchor_estimate
2008-01-23,85.12487211487715,CBA06501_SBBI_annual_anchor_estimate
2008-01-24,85.16485071061743,CBA06501_SBBI_annual_anchor_estimate
2008-01-25,85.20484808216409,CBA06501_SBBI_annual_anchor_estimate
2008-01-28,85.32495293984303,CBA06501_SBBI_annual_anchor_estimate
2008-01-29,85.36502550283656,CBA06501_SBBI_annual_anchor_estimate
2008-01-30,85.40511688576788,CBA06501_SBBI_annual_anchor_estimate
2008-01-31,85.4452270974757,CBA06501_SBBI_annual_anchor_estimate
2008-02-01,85.48535614680284,CBA06501_SBBI_annual_anchor_estimate
2008-02-04,85.6058564089915,CBA06501_SBBI_annual_anchor_estimate
2008-02-05,85.64606089730786,CBA06501_SBBI_annual_anchor_estimate
2008-02-13,85.9683772975177,CBA06501_SBBI_annual_anchor_estimate
2008-02-14,86.00875204248985,CBA06501_SBBI_annual_anchor_estimate
2008-02-15,86.0491457493185,CBA06501_SBBI_annual_anchor_estimate
2008-02-18,86.17044073001782,CBA06501_SBBI_annual_anchor_estimate
2008-02-19,86.21091037336785,CBA06501_SBBI_annual_anchor_estimate
2008-02-20,86.25139902314307,CBA06501_SBBI_annual_anchor_estimate
2008-02-21,86.29190668826973,CBA06501_SBBI_annual_anchor_estimate
2008-02-22,86.33243337767836,CBA06501_SBBI_annual_anchor_estimate
2008-02-25,86.45412768096381,CBA06501_SBBI_annual_anchor_estimate
2008-02-26,86.4947305568891,CBA06501_SBBI_annual_anchor_estimate
2008-02-27,86.53535250181174,CBA06501_SBBI_annual_anchor_estimate
2008-02-28,86.57599352468746,CBA06501_SBBI_annual_anchor_estimate
2008-02-29,86.61665363447612,CBA06501_SBBI_annual_anchor_estimate
2008-03-03,86.73874857498187,CBA06501_SBBI_annual_anchor_estimate
2008-03-04,86.77948512210546,CBA06501_SBBI_annual_anchor_estimate
2008-03-05,86.82024080100463,CBA06501_SBBI_annual_anchor_estimate
2008-03-06,86.86101562066453,CBA06501_SBBI_annual_anchor_estimate
2008-03-07,86.90180959007458,CBA06501_SBBI_annual_anchor_estimate
2008-03-10,87.02430648676282,CBA06501_SBBI_annual_anchor_estimate
2008-03-11,87.0651771451518,CBA06501_SBBI_annual_anchor_estimate
2008-03-12,87.10606699830123,CBA06501_SBBI_annual_anchor_estimate
2008-03-13,87.14697605522588,CBA06501_SBBI_annual_anchor_estimate
2008-03-14,87.18790432494472,CBA06501_SBBI_annual_anchor_estimate
2008-03-17,87.31080450111985,CBA06501_SBBI_annual_anchor_estimate
2008-03-18,87.35180971229006,CBA06501_SBBI_annual_anchor_estimate
2008-03-19,87.39283418141298,CBA06501_SBBI_annual_anchor_estimate
2008-03-20,87.43387791753304,CBA06501_SBBI_annual_anchor_estimate
2008-03-21,87.47494092969889,CBA06501_SBBI_annual_anchor_estimate
2008-03-24,87.59824571302183,CBA06501_SBBI_annual_anchor_estimate
2008-03-25,87.63938591994268,CBA06501_SBBI_annual_anchor_estimate
2008-03-26,87.68054544821653,CBA06501_SBBI_annual_anchor_estimate
2008-03-27,87.72172430691757,CBA06501_SBBI_annual_anchor_estimate
2008-03-28,87.76292250512425,CBA06501_SBBI_annual_anchor_estimate
2008-03-31,87.88663322762679,CBA06501_SBBI_annual_anchor_estimate
2008-04-01,87.92790887472604,CBA06501_SBBI_annual_anchor_estimate
2008-04-02,87.96920390678726,CBA06501_SBBI_annual_anchor_estimate
2008-04-03,88.01051833291453,CBA06501_SBBI_annual_anchor_estimate
2008-04-07,88.17597016031546,CBA06501_SBBI_annual_anchor_estimate
2008-04-08,88.21738169348392,CBA06501_SBBI_annual_anchor_estimate
2008-04-09,88.25881267543278,CBA06501_SBBI_annual_anchor_estimate
2008-04-10,88.30026311529608,CBA06501_SBBI_annual_anchor_estimate
2008-04-11,88.34173302221214,CBA06501_SBBI_annual_anchor_estimate
2008-04-14,88.46625963672487,CBA06501_SBBI_annual_anchor_estimate
2008-04-15,88.50780750332136,CBA06501_SBBI_annual_anchor_estimate
2008-04-16,88.54937488272675,CBA06501_SBBI_annual_anchor_estimate
2008-04-17,88.59096178410515,CBA06501_SBBI_annual_anchor_estimate
2008-04-18,88.632568216625,CBA06501_SBBI_annual_anchor_estimate
2008-04-21,88.75750479278216,CBA06501_SBBI_annual_anchor_estimate
2008-04-22,88.79918944163823,CBA06501_SBBI_annual_anchor_estimate
2008-04-23,88.84089366754252,CBA06501_SBBI_annual_anchor_estimate
2008-04-24,88.8826174796893,CBA06501_SBBI_annual_anchor_estimate
2008-04-25,88.9243608872772,CBA06501_SBBI_annual_anchor_estimate
2008-04-28,89.04970877473843,CBA06501_SBBI_annual_anchor_estimate
2008-04-29,89.0915306561633,CBA06501_SBBI_annual_anchor_estimate
2008-04-30,89.13337217908716,CBA06501_SBBI_annual_anchor_estimate
2008-05-05,89.3428747392028,CBA06501_SBBI_annual_anchor_estimate
2008-05-06,89.38483430498813,CBA06501_SBBI_annual_anchor_estimate
2008-05-07,89.42681357693546,CBA06501_SBBI_annual_anchor_estimate
2008-05-08,89.46881256429968,CBA06501_SBBI_annual_anchor_estimate
2008-05-09,89.51083127634008,CBA06501_SBBI_annual_anchor_estimate
2008-05-12,89.63700585317638,CBA06501_SBBI_annual_anchor_estimate
2008-05-13,89.67910355660125,CBA06501_SBBI_annual_anchor_estimate
2008-05-14,89.72122103106398,CBA06501_SBBI_annual_anchor_estimate
2008-05-15,89.76335828584992,CBA06501_SBBI_annual_anchor_estimate
2008-05-16,89.80551533024884,CBA06501_SBBI_annual_anchor_estimate
2008-05-19,89.9321052940866,CBA06501_SBBI_annual_anchor_estimate
2008-05-20,89.97434158992236,CBA06501_SBBI_annual_anchor_estimate
2008-05-21,90.01659772188538,CBA06501_SBBI_annual_anchor_estimate
2008-05-22,90.05887369929164,CBA06501_SBBI_annual_anchor_estimate
2008-05-23,90.10116953146145,CBA06501_SBBI_annual_anchor_estimate
2008-05-26,90.2281762498215,CBA06501_SBBI_annual_anchor_estimate
2008-05-27,90.27055159433662,CBA06501_SBBI_annual_anchor_estimate
2008-05-28,90.31294684028273,CBA06501_SBBI_annual_anchor_estimate
2008-05-29,90.35536199700648,CBA06501_SBBI_annual_anchor_estimate
2008-05-30,90.39779707385888,CBA06501_SBBI_annual_anchor_estimate
2008-06-02,90.52522191876412,CBA06501_SBBI_annual_anchor_estimate
2008-06-03,90.56773676972925,CBA06501_SBBI_annual_anchor_estimate
2008-06-04,90.61027158764406,CBA06501_SBBI_annual_anchor_estimate
2008-06-05,90.65282638188602,CBA06501_SBBI_annual_anchor_estimate
2008-06-06,90.69540116183686,CBA06501_SBBI_annual_anchor_estimate
2008-06-10,90.86590032651993,CBA06501_SBBI_annual_anchor_estimate
2008-06-11,90.90857517589684,CBA06501_SBBI_annual_anchor_estimate
2008-06-12,90.95127006736614,CBA06501_SBBI_annual_anchor_estimate
2008-06-13,90.99398501034052,CBA06501_SBBI_annual_anchor_estimate
2008-06-16,91.12225024248748,CBA06501_SBBI_annual_anchor_estimate
2008-06-17,91.16504548569762,CBA06501_SBBI_annual_anchor_estimate
2008-06-18,91.2078608275427,CBA06501_SBBI_annual_anchor_estimate
2008-06-19,91.25069627746197,CBA06501_SBBI_annual_anchor_estimate
2008-06-20,91.2935518448991,CBA06501_SBBI_annual_anchor_estimate
2008-06-23,91.42223934682109,CBA06501_SBBI_annual_anchor_estimate
2008-06-24,91.46517547885526,CBA06501_SBBI_annual_anchor_estimate
2008-06-25,91.50813177569232,CBA06501_SBBI_annual_anchor_estimate
2008-06-26,91.55110824680257,CBA06501_SBBI_annual_anchor_estimate
2008-06-27,91.59410490166078,CBA06501_SBBI_annual_anchor_estimate
2008-06-30,91.7232160635378,CBA06501_SBBI_annual_anchor_estimate
2008-07-01,91.76629354822471,CBA06501_SBBI_annual_anchor_estimate
2008-07-02,91.80939126410024,CBA06501_SBBI_annual_anchor_estimate
2008-07-03,91.85250922066592,CBA06501_SBBI_annual_anchor_estimate
2008-07-04,91.89564742742773,CBA06501_SBBI_annual_anchor_estimate
2008-07-07,92.0251836440165,CBA06501_SBBI_annual_anchor_estimate
2008-07-08,92.06840294671177,CBA06501_SBBI_annual_anchor_estimate
2008-07-09,92.11164254720002,CBA06501_SBBI_annual_anchor_estimate
2008-07-10,92.154902455014,CBA06501_SBBI_annual_anchor_estimate
2008-07-11,92.19818267969103,CBA06501_SBBI_annual_anchor_estimate
2008-07-14,92.32814535034002,CBA06501_SBBI_annual_anchor_estimate
2008-07-15,92.37150693793137,CBA06501_SBBI_annual_anchor_estimate
2008-07-16,92.41488889013928,CBA06501_SBBI_annual_anchor_estimate
2008-07-17,92.45829121652791,CBA06501_SBBI_annual_anchor_estimate
2008-07-18,92.50171392666597,CBA06501_SBBI_annual_anchor_estimate
2008-07-21,92.63210445533055,CBA06501_SBBI_annual_anchor_estimate
2008-07-22,92.67560879624274,CBA06501_SBBI_annual_anchor_estimate
2008-07-23,92.71913356881507,CBA06501_SBBI_annual_anchor_estimate
2008-07-24,92.76267878264323,CBA06501_SBBI_annual_anchor_estimate
2008-07-25,92.80624444732736,CBA06501_SBBI_annual_anchor_estimate
2008-07-28,92.93706424258495,CBA06501_SBBI_annual_anchor_estimate
2008-07-29,92.98071180678485,CBA06501_SBBI_annual_anchor_estimate
2008-07-30,93.02437986990924,CBA06501_SBBI_annual_anchor_estimate
2008-07-31,93.06806844158534,CBA06501_SBBI_annual_anchor_estimate
2008-08-01,93.11177753144493,CBA06501_SBBI_annual_anchor_estimate
2008-08-04,93.24302800651016,CBA06501_SBBI_annual_anchor_estimate
2008-08-05,93.2868192655119,CBA06501_SBBI_annual_anchor_estimate
2008-08-06,93.33063109092386,CBA06501_SBBI_annual_anchor_estimate
2008-08-07,93.37446349240498,CBA06501_SBBI_annual_anchor_estimate
2008-08-08,93.41831647961878,CBA06501_SBBI_annual_anchor_estimate
2008-08-11,93.54999905235888,CBA06501_SBBI_annual_anchor_estimate
2008-08-12,93.59393447922885,CBA06501_SBBI_annual_anchor_estimate
2008-08-13,93.63789054021696,CBA06501_SBBI_annual_anchor_estimate
2008-08-14,93.68186724501399,CBA06501_SBBI_annual_anchor_estimate
2008-08-15,93.72586460331519,CBA06501_SBBI_annual_anchor_estimate
2008-08-18,93.85798069626522,CBA06501_SBBI_annual_anchor_estimate
2008-08-19,93.90206076562721,CBA06501_SBBI_annual_anchor_estimate
2008-08-20,93.94616153703821,CBA06501_SBBI_annual_anchor_estimate
2008-08-21,93.99028302022086,CBA06501_SBBI_annual_anchor_estimate
2008-08-22,94.03442522490234,CBA06501_SBBI_annual_anchor_estimate
2008-08-25,94.16697626528052,CBA06501_SBBI_annual_anchor_estimate
2008-08-26,94.21120145332092,CBA06501_SBBI_annual_anchor_estimate
2008-08-27,94.25544741156476,CBA06501_SBBI_annual_anchor_estimate
2008-08-28,94.29971414976674,CBA06501_SBBI_annual_anchor_estimate
2008-08-29,94.34400167768608,CBA06501_SBBI_annual_anchor_estimate
2008-09-01,94.47698909740934,CBA06501_SBBI_annual_anchor_estimate
2008-09-02,94.52135988188213,CBA06501_SBBI_annual_anchor_estimate
2008-09-03,94.56575150493727,CBA06501_SBBI_annual_anchor_estimate
2008-09-04,94.61016397636149,CBA06501_SBBI_annual_anchor_estimate
2008-09-05,94.65459730594614,CBA06501_SBBI_annual_anchor_estimate
2008-09-08,94.78802254164545,CBA06501_SBBI_annual_anchor_estimate
2008-09-09,94.83253940187755,CBA06501_SBBI_annual_anchor_estimate
2008-09-10,94.87707716929593,CBA06501_SBBI_annual_anchor_estimate
2008-09-11,94.92163585371961,CBA06501_SBBI_annual_anchor_estimate
2008-09-12,94.96621546497212,CBA06501_SBBI_annual_anchor_estimate
2008-09-16,95.14474337490438,CBA06501_SBBI_annual_anchor_estimate
2008-09-17,95.18942776781677,CBA06501_SBBI_annual_anchor_estimate
2008-09-18,95.23413314659658,CBA06501_SBBI_annual_anchor_estimate
2008-09-19,95.27885952109975,CBA06501_SBBI_annual_anchor_estimate
2008-09-22,95.41316471757821,CBA06501_SBBI_annual_anchor_estimate
2008-09-23,95.45797517362678,CBA06501_SBBI_annual_anchor_estimate
2008-09-24,95.5028066747479,CBA06501_SBBI_annual_anchor_estimate
2008-09-25,95.54765923082527,CBA06501_SBBI_annual_anchor_estimate
2008-09-26,95.59253285174731,CBA06501_SBBI_annual_anchor_estimate
2008-10-06,96.0424298061918,CBA06501_SBBI_annual_anchor_estimate
2008-10-07,96.08753579436826,CBA06501_SBBI_annual_anchor_estimate
2008-10-08,96.13266296641287,CBA06501_SBBI_annual_anchor_estimate
2008-10-09,96.17781133227453,CBA06501_SBBI_annual_anchor_estimate
2008-10-10,96.22298090190691,CBA06501_SBBI_annual_anchor_estimate
2008-10-13,96.35861693303416,CBA06501_SBBI_annual_anchor_estimate
2008-10-14,96.40387141737874,CBA06501_SBBI_annual_anchor_estimate
2008-10-15,96.4491471553322,CBA06501_SBBI_annual_anchor_estimate
2008-10-16,96.49444415687617,CBA06501_SBBI_annual_anchor_estimate
2008-10-17,96.53976243199702,CBA06501_SBBI_annual_anchor_estimate
2008-10-20,96.67584499875511,CBA06501_SBBI_annual_anchor_estimate
2008-10-21,96.7212484681411,CBA06501_SBBI_annual_anchor_estimate
2008-10-22,96.76667326110626,CBA06501_SBBI_annual_anchor_estimate
2008-10-23,96.81211938766509,CBA06501_SBBI_annual_anchor_estimate
2008-10-24,96.85758685783688,CBA06501_SBBI_annual_anchor_estimate
2008-10-27,96.99411743029287,CBA06501_SBBI_annual_anchor_estimate
2008-10-28,97.03967037520302,CBA06501_SBBI_annual_anchor_estimate
2008-10-29,97.08524471389295,CBA06501_SBBI_annual_anchor_estimate
2008-10-30,97.13084045641018,CBA06501_SBBI_annual_anchor_estimate
2008-10-31,97.17645761280696,CBA06501_SBBI_annual_anchor_estimate
2008-11-03,97.31343766586772,CBA06501_SBBI_annual_anchor_estimate
2008-11-04,97.35914057839945,CBA06501_SBBI_annual_anchor_estimate
2008-11-05,97.40486495514274,CBA06501_SBBI_annual_anchor_estimate
2008-11-06,97.45061080617819,CBA06501_SBBI_annual_anchor_estimate
2008-11-07,97.49637814159111,CBA06501_SBBI_annual_anchor_estimate
2008-11-10,97.63380915501907,CBA06501_SBBI_annual_anchor_estimate
2008-11-11,97.6796625288899,CBA06501_SBBI_annual_anchor_estimate
2008-11-12,97.72553743763598,CBA06501_SBBI_annual_anchor_estimate
2008-11-13,97.771433891371,CBA06501_SBBI_annual_anchor_estimate
2008-11-14,97.81735190021352,CBA06501_SBBI_annual_anchor_estimate
2008-11-17,97.95523535864275,CBA06501_SBBI_annual_anchor_estimate
2008-11-18,98.00123968919566,CBA06501_SBBI_annual_anchor_estimate
2008-11-19,98.04726562552005,CBA06501_SBBI_annual_anchor_estimate
2008-11-20,98.093313177763,CBA06501_SBBI_annual_anchor_estimate
2008-11-21,98.1393823560763,CBA06501_SBBI_annual_anchor_estimate
2008-11-24,98.2777197490285,CBA06501_SBBI_annual_anchor_estimate
2008-11-25,98.32387553323714,CBA06501_SBBI_annual_anchor_estimate
2008-11-26,98.37005299434693,CBA06501_SBBI_annual_anchor_estimate
2008-11-27,98.41625214253837,CBA06501_SBBI_annual_anchor_estimate
2008-11-28,98.46247298799668,CBA06501_SBBI_annual_anchor_estimate
2008-12-01,98.60126580989731,CBA06501_SBBI_annual_anchor_estimate
2008-12-02,98.64757354637149,CBA06501_SBBI_annual_anchor_estimate
2008-12-03,98.69390303111065,CBA06501_SBBI_annual_anchor_estimate
2008-12-04,98.74025427432882,CBA06501_SBBI_annual_anchor_estimate
2008-12-05,98.78662728624475,CBA06501_SBBI_annual_anchor_estimate
2008-12-08,98.92587703643919,CBA06501_SBBI_annual_anchor_estimate
2008-12-09,98.9723372254302,CBA06501_SBBI_annual_anchor_estimate
2008-12-10,99.01881923428499,CBA06501_SBBI_annual_anchor_estimate
2008-12-11,99.06532307325116,CBA06501_SBBI_annual_anchor_estimate
2008-12-12,99.11184875258118,CBA06501_SBBI_annual_anchor_estimate
2008-12-15,99.25155693535085,CBA06501_SBBI_annual_anchor_estimate
2008-12-16,99.2981700787569,CBA06501_SBBI_annual_anchor_estimate
2008-12-17,99.34480511386121,CBA06501_SBBI_annual_anchor_estimate
2008-12-18,99.39146205094518,CBA06501_SBBI_annual_anchor_estimate
2008-12-19,99.43814090029497,CBA06501_SBBI_annual_anchor_estimate
2008-12-22,99.57830902487363,CBA06501_SBBI_annual_anchor_estimate
2008-12-23,99.62507562624525,CBA06501_SBBI_annual_anchor_estimate
2008-12-24,99.67186419138613,CBA06501_SBBI_annual_anchor_estimate
2008-12-25,99.71867473061151,CBA06501_SBBI_annual_anchor_estimate
2008-12-26,99.76550725424138,CBA06501_SBBI_annual_anchor_estimate
2008-12-29,99.90613683483149,CBA06501_SBBI_annual_anchor_estimate
2008-12-30,99.95305739937696,CBA06501_SBBI_annual_anchor_estimate
2008-12-31,100.0,H11077_local_long_bond_index
2009-01-05,100.188,H11077_local_long_bond_index
2009-01-06,100.033,H11077_local_long_bond_index
2009-01-07,100.183,H11077_local_long_bond_index
2009-01-08,100.252,H11077_local_long_bond_index
2009-01-09,100.528,H11077_local_long_bond_index
2009-01-12,100.415,H11077_local_long_bond_index
2009-01-13,100.516,H11077_local_long_bond_index
2009-01-14,100.124,H11077_local_long_bond_index
2009-01-15,99.547,H11077_local_long_bond_index
2009-01-16,99.081,H11077_local_long_bond_index
2009-01-19,99.066,H11077_local_long_bond_index
2009-01-20,98.534,H11077_local_long_bond_index
2009-01-21,97.605,H11077_local_long_bond_index
2009-01-22,97.573,H11077_local_long_bond_index
2009-01-23,98.128,H11077_local_long_bond_index
2009-02-02,98.318,H11077_local_long_bond_index
2009-02-03,97.709,H11077_local_long_bond_index
2009-02-04,97.586,H11077_local_long_bond_index
2009-02-05,96.895,H11077_local_long_bond_index
2009-02-06,96.619,H11077_local_long_bond_index
2009-02-09,97.347,H11077_local_long_bond_index
2009-02-10,97.291,H11077_local_long_bond_index
2009-02-11,97.411,H11077_local_long_bond_index
2009-02-12,97.573,H11077_local_long_bond_index
2009-02-13,97.744,H11077_local_long_bond_index
2009-02-16,97.79,H11077_local_long_bond_index
2009-02-17,97.693,H11077_local_long_bond_index
2009-02-18,97.628,H11077_local_long_bond_index
2009-02-19,97.935,H11077_local_long_bond_index
2009-02-20,97.872,H11077_local_long_bond_index
2009-02-23,97.781,H11077_local_long_bond_index
2009-02-24,98.112,H11077_local_long_bond_index
2009-02-25,97.938,H11077_local_long_bond_index
2009-02-26,98.001,H11077_local_long_bond_index
2009-02-27,98.002,H11077_local_long_bond_index
2009-03-02,98.033,H11077_local_long_bond_index
2009-03-03,97.778,H11077_local_long_bond_index
2009-03-04,98.085,H11077_local_long_bond_index
2009-03-05,97.639,H11077_local_long_bond_index
2009-03-06,97.781,H11077_local_long_bond_index
2009-03-09,97.991,H11077_local_long_bond_index
2009-03-10,98.011,H11077_local_long_bond_index
2009-03-11,98.251,H11077_local_long_bond_index
2009-03-12,98.241,H11077_local_long_bond_index
2009-03-13,98.009,H11077_local_long_bond_index
2009-03-16,97.991,H11077_local_long_bond_index
2009-03-17,98.15,H11077_local_long_bond_index
2009-03-18,98.214,H11077_local_long_bond_index
2009-03-19,98.137,H11077_local_long_bond_index
2009-03-20,98.262,H11077_local_long_bond_index
2009-03-23,98.114,H11077_local_long_bond_index
2009-03-24,97.976,H11077_local_long_bond_index
2009-03-25,98.496,H11077_local_long_bond_index
2009-03-26,98.084,H11077_local_long_bond_index
2009-03-27,97.977,H11077_local_long_bond_index
2009-03-30,98.106,H11077_local_long_bond_index
2009-03-31,98.031,H11077_local_long_bond_index
2009-04-01,98.001,H11077_local_long_bond_index
2009-04-02,98.033,H11077_local_long_bond_index
2009-04-03,97.925,H11077_local_long_bond_index
2009-04-07,97.462,H11077_local_long_bond_index
2009-04-08,97.779,H11077_local_long_bond_index
2009-04-09,97.712,H11077_local_long_bond_index
2009-04-10,97.521,H11077_local_long_bond_index
2009-04-13,97.545,H11077_local_long_bond_index
2009-04-14,97.544,H11077_local_long_bond_index
2009-04-15,97.758,H11077_local_long_bond_index
2009-04-16,97.886,H11077_local_long_bond_index
2009-04-17,97.72,H11077_local_long_bond_index
2009-04-20,97.769,H11077_local_long_bond_index
2009-04-21,98.146,H11077_local_long_bond_index
2009-04-22,98.165,H11077_local_long_bond_index
2009-04-23,97.936,H11077_local_long_bond_index
2009-04-24,98.169,H11077_local_long_bond_index
2009-04-27,98.248,H11077_local_long_bond_index
2009-04-28,98.036,H11077_local_long_bond_index
2009-04-29,98.253,H11077_local_long_bond_index
2009-04-30,98.08,H11077_local_long_bond_index
2009-05-04,98.086,H11077_local_long_bond_index
2009-05-05,98.287,H11077_local_long_bond_index
2009-05-06,98.156,H11077_local_long_bond_index
2009-05-07,98.275,H11077_local_long_bond_index
2009-05-08,98.387,H11077_local_long_bond_index
2009-05-11,98.411,H11077_local_long_bond_index
2009-05-12,98.464,H11077_local_long_bond_index
2009-05-13,98.555,H11077_local_long_bond_index
2009-05-14,98.589,H11077_local_long_bond_index
2009-05-15,98.74,H11077_local_long_bond_index
2009-05-18,99.02,H11077_local_long_bond_index
2009-05-19,99.043,H11077_local_long_bond_index
2009-05-20,98.923,H11077_local_long_bond_index
2009-05-21,98.849,H11077_local_long_bond_index
2009-05-22,99.113,H11077_local_long_bond_index
2009-05-25,99.057,H11077_local_long_bond_index
2009-05-26,98.825,H11077_local_long_bond_index
2009-05-27,98.862,H11077_local_long_bond_index
2009-06-01,98.915,H11077_local_long_bond_index
2009-06-02,99.08,H11077_local_long_bond_index
2009-06-03,99.045,H11077_local_long_bond_index
2009-06-04,99.254,H11077_local_long_bond_index
2009-06-05,99.208,H11077_local_long_bond_index
2009-06-08,99.275,H11077_local_long_bond_index
2009-06-09,98.927,H11077_local_long_bond_index
2009-06-10,98.885,H11077_local_long_bond_index
2009-06-11,98.868,H11077_local_long_bond_index
2009-06-12,98.631,H11077_local_long_bond_index
2009-06-15,98.613,H11077_local_long_bond_index
2009-06-16,98.605,H11077_local_long_bond_index
2009-06-17,98.485,H11077_local_long_bond_index
2009-06-18,98.475,H11077_local_long_bond_index
2009-06-19,98.614,H11077_local_long_bond_index
2009-06-22,98.651,H11077_local_long_bond_index
2009-06-23,98.528,H11077_local_long_bond_index
2009-06-24,98.421,H11077_local_long_bond_index
2009-06-25,98.656,H11077_local_long_bond_index
2009-06-26,98.285,H11077_local_long_bond_index
2009-06-29,98.253,H11077_local_long_bond_index
2009-06-30,98.235,H11077_local_long_bond_index
2009-07-01,98.164,H11077_local_long_bond_index
2009-07-02,98.19,H11077_local_long_bond_index
2009-07-03,98.005,H11077_local_long_bond_index
2009-07-06,98.315,H11077_local_long_bond_index
2009-07-07,98.315,H11077_local_long_bond_index
2009-07-08,98.347,H11077_local_long_bond_index
2009-07-09,98.249,H11077_local_long_bond_index
2009-07-10,98.191,H11077_local_long_bond_index
2009-07-13,97.604,H11077_local_long_bond_index
2009-07-14,97.638,H11077_local_long_bond_index
2009-07-15,97.8,H11077_local_long_bond_index
2009-07-16,97.541,H11077_local_long_bond_index
2009-07-17,96.899,H11077_local_long_bond_index
2009-07-20,96.975,H11077_local_long_bond_index
2009-07-21,96.997,H11077_local_long_bond_index
2009-07-22,97.016,H11077_local_long_bond_index
2009-07-23,96.862,H11077_local_long_bond_index
2009-07-24,96.723,H11077_local_long_bond_index
2009-07-27,96.829,H11077_local_long_bond_index
2009-07-28,97.075,H11077_local_long_bond_index
2009-07-29,97.076,H11077_local_long_bond_index
2009-07-30,97.058,H11077_local_long_bond_index
2009-07-31,97.054,H11077_local_long_bond_index
2009-08-03,96.972,H11077_local_long_bond_index
2009-08-04,96.972,H11077_local_long_bond_index
2009-08-05,97.011,H11077_local_long_bond_index
2009-08-06,97.028,H11077_local_long_bond_index
2009-08-07,97.031,H11077_local_long_bond_index
2009-08-10,97.058,H11077_local_long_bond_index
2009-08-11,97.085,H11077_local_long_bond_index
2009-08-12,97.121,H11077_local_long_bond_index
2009-08-13,97.16,H11077_local_long_bond_index
2009-08-14,97.187,H11077_local_long_bond_index
2009-08-17,97.211,H11077_local_long_bond_index
2009-08-18,97.208,H11077_local_long_bond_index
2009-08-19,97.21,H11077_local_long_bond_index
2009-08-20,97.203,H11077_local_long_bond_index
2009-08-21,97.213,H11077_local_long_bond_index
2009-08-24,97.235,H11077_local_long_bond_index
2009-08-25,97.267,H11077_local_long_bond_index
2009-08-26,97.273,H11077_local_long_bond_index
2009-08-27,97.298,H11077_local_long_bond_index
2009-08-28,97.342,H11077_local_long_bond_index
2009-08-31,97.373,H11077_local_long_bond_index
2009-09-01,97.389,H11077_local_long_bond_index
2009-09-02,97.449,H11077_local_long_bond_index
2009-09-03,97.498,H11077_local_long_bond_index
2009-09-04,97.59,H11077_local_long_bond_index
2009-09-07,97.647,H11077_local_long_bond_index
2009-09-08,97.68,H11077_local_long_bond_index
2009-09-09,97.669,H11077_local_long_bond_index
2009-09-10,97.626,H11077_local_long_bond_index
2009-09-11,97.575,H11077_local_long_bond_index
2009-09-14,97.556,H11077_local_long_bond_index
2009-09-15,97.57,H11077_local_long_bond_index
2009-09-16,97.587,H11077_local_long_bond_index
2009-09-17,97.589,H11077_local_long_bond_index
2009-09-18,97.588,H11077_local_long_bond_index
2009-09-21,97.619,H11077_local_long_bond_index
2009-09-22,97.542,H11077_local_long_bond_index
2009-09-23,97.562,H11077_local_long_bond_index
2009-09-24,97.495,H11077_local_long_bond_index
2009-09-25,97.448,H11077_local_long_bond_index
2009-09-28,97.469,H11077_local_long_bond_index
2009-09-29,97.452,H11077_local_long_bond_index
2009-09-30,97.444,H11077_local_long_bond_index
2009-10-09,97.47,H11077_local_long_bond_index
2009-10-12,97.267,H11077_local_long_bond_index
2009-10-13,96.93,H11077_local_long_bond_index
2009-10-14,96.533,H11077_local_long_bond_index
2009-10-15,96.315,H11077_local_long_bond_index
2009-10-16,96.265,H11077_local_long_bond_index
2009-10-19,96.433,H11077_local_long_bond_index
2009-10-20,96.498,H11077_local_long_bond_index
2009-10-21,96.349,H11077_local_long_bond_index
2009-10-22,96.362,H11077_local_long_bond_index
2009-10-23,96.384,H11077_local_long_bond_index
2009-10-26,96.386,H11077_local_long_bond_index
2009-10-27,96.397,H11077_local_long_bond_index
2009-10-28,96.409,H11077_local_long_bond_index
2009-10-29,96.538,H11077_local_long_bond_index
2009-10-30,96.508,H11077_local_long_bond_index
2009-11-02,96.448,H11077_local_long_bond_index
2009-11-03,96.454,H11077_local_long_bond_index
2009-11-04,96.492,H11077_local_long_bond_index
2009-11-05,96.332,H11077_local_long_bond_index
2009-11-06,96.304,H11077_local_long_bond_index
2009-11-09,96.326,H11077_local_long_bond_index
2009-11-10,96.381,H11077_local_long_bond_index
2009-11-11,96.446,H11077_local_long_bond_index
2009-11-12,96.513,H11077_local_long_bond_index
2009-11-13,96.566,H11077_local_long_bond_index
2009-11-16,96.564,H11077_local_long_bond_index
2009-11-17,96.624,H11077_local_long_bond_index
2009-11-18,96.681,H11077_local_long_bond_index
2009-11-19,96.773,H11077_local_long_bond_index
2009-11-20,96.777,H11077_local_long_bond_index
2009-11-23,96.83,H11077_local_long_bond_index
2009-11-24,96.896,H11077_local_long_bond_index
2009-11-25,96.939,H11077_local_long_bond_index
2009-11-26,96.957,H11077_local_long_bond_index
2009-11-27,97.121,H11077_local_long_bond_index
2009-11-30,97.305,H11077_local_long_bond_index
2009-12-01,97.429,H11077_local_long_bond_index
2009-12-02,97.418,H11077_local_long_bond_index
2009-12-03,97.416,H11077_local_long_bond_index
2009-12-04,97.317,H11077_local_long_bond_index
2009-12-07,97.198,H11077_local_long_bond_index
2009-12-08,97.116,H11077_local_long_bond_index
2009-12-09,97.261,H11077_local_long_bond_index
2009-12-10,97.284,H11077_local_long_bond_index
2009-12-11,97.241,H11077_local_long_bond_index
2009-12-14,97.241,H11077_local_long_bond_index
2009-12-15,97.249,H11077_local_long_bond_index
2009-12-16,97.255,H11077_local_long_bond_index
2009-12-17,97.271,H11077_local_long_bond_index
2009-12-18,97.28,H11077_local_long_bond_index
2009-12-21,97.304,H11077_local_long_bond_index
2009-12-22,97.325,H11077_local_long_bond_index
2009-12-23,97.334,H11077_local_long_bond_index
2009-12-24,97.344,H11077_local_long_bond_index
2009-12-25,97.348,H11077_local_long_bond_index
2009-12-28,97.373,H11077_local_long_bond_index
2009-12-29,97.402,H11077_local_long_bond_index
2009-12-30,97.438,H11077_local_long_bond_index
2009-12-31,97.473,H11077_local_long_bond_index
2010-01-04,97.492,H11077_local_long_bond_index
2010-01-05,97.486,H11077_local_long_bond_index
2010-01-06,97.517,H11077_local_long_bond_index
2010-01-07,97.532,H11077_local_long_bond_index
2010-01-08,97.501,H11077_local_long_bond_index
2010-01-11,97.522,H11077_local_long_bond_index
2010-01-12,97.504,H11077_local_long_bond_index
2010-01-13,97.334,H11077_local_long_bond_index
2010-01-14,97.345,H11077_local_long_bond_index
2010-01-15,97.401,H11077_local_long_bond_index
2010-01-18,97.43,H11077_local_long_bond_index
2010-01-19,97.483,H11077_local_long_bond_index
2010-01-20,97.632,H11077_local_long_bond_index
2010-01-21,97.7,H11077_local_long_bond_index
2010-01-22,97.767,H11077_local_long_bond_index
2010-01-25,97.912,H11077_local_long_bond_index
2010-01-26,97.966,H11077_local_long_bond_index
2010-01-27,98.073,H11077_local_long_bond_index
2010-01-28,98.143,H11077_local_long_bond_index
2010-01-29,98.262,H11077_local_long_bond_index
2010-02-01,98.681,H11077_local_long_bond_index
2010-02-02,98.729,H11077_local_long_bond_index
2010-02-03,99.002,H11077_local_long_bond_index
2010-02-04,98.938,H11077_local_long_bond_index
2010-02-05,99.003,H11077_local_long_bond_index
2010-02-08,99.303,H11077_local_long_bond_index
2010-02-09,99.36,H11077_local_long_bond_index
2010-02-10,99.249,H11077_local_long_bond_index
2010-02-11,99.266,H11077_local_long_bond_index
2010-02-12,99.413,H11077_local_long_bond_index
2010-02-22,99.311,H11077_local_long_bond_index
2010-02-23,99.362,H11077_local_long_bond_index
2010-02-24,99.465,H11077_local_long_bond_index
2010-02-25,99.568,H11077_local_long_bond_index
2010-02-26,99.862,H11077_local_long_bond_index
2010-03-01,100.196,H11077_local_long_bond_index
2010-03-02,100.392,H11077_local_long_bond_index
2010-03-03,100.51,H11077_local_long_bond_index
2010-03-04,100.267,H11077_local_long_bond_index
2010-03-05,100.151,H11077_local_long_bond_index
2010-03-08,100.337,H11077_local_long_bond_index
2010-03-09,100.322,H11077_local_long_bond_index
2010-03-10,100.236,H11077_local_long_bond_index
2010-03-11,99.992,H11077_local_long_bond_index
2010-03-12,99.946,H11077_local_long_bond_index
2010-03-15,99.957,H11077_local_long_bond_index
2010-03-16,100.059,H11077_local_long_bond_index
2010-03-17,100.333,H11077_local_long_bond_index
2010-03-18,100.529,H11077_local_long_bond_index
2010-03-19,100.59,H11077_local_long_bond_index
2010-03-22,100.481,H11077_local_long_bond_index
2010-03-23,100.45,H11077_local_long_bond_index
2010-03-24,100.445,H11077_local_long_bond_index
2010-03-25,100.444,H11077_local_long_bond_index
2010-03-26,100.371,H11077_local_long_bond_index
2010-03-29,100.217,H11077_local_long_bond_index
2010-03-30,100.137,H11077_local_long_bond_index
2010-03-31,100.021,H11077_local_long_bond_index
2010-04-01,100.002,H11077_local_long_bond_index
2010-04-02,100.021,H11077_local_long_bond_index
2010-04-06,99.97,H11077_local_long_bond_index
2010-04-07,99.745,H11077_local_long_bond_index
2010-04-08,99.647,H11077_local_long_bond_index
2010-04-09,99.578,H11077_local_long_bond_index
2010-04-12,99.605,H11077_local_long_bond_index
2010-04-13,99.738,H11077_local_long_bond_index
2010-04-14,99.823,H11077_local_long_bond_index
2010-04-15,99.8,H11077_local_long_bond_index
2010-04-16,99.855,H11077_local_long_bond_index
2010-04-19,100.171,H11077_local_long_bond_index
2010-04-20,100.438,H11077_local_long_bond_index
2010-04-21,100.478,H11077_local_long_bond_index
2010-04-22,100.484,H11077_local_long_bond_index
2010-04-23,100.655,H11077_local_long_bond_index
2010-04-26,100.824,H11077_local_long_bond_index
2010-04-27,100.895,H11077_local_long_bond_index
2010-04-28,101.152,H11077_local_long_bond_index
2010-04-29,101.181,H11077_local_long_bond_index
2010-04-30,101.185,H11077_local_long_bond_index
2010-05-04,101.093,H11077_local_long_bond_index
2010-05-05,101.116,H11077_local_long_bond_index
2010-05-06,101.18,H11077_local_long_bond_index
2010-05-07,101.56,H11077_local_long_bond_index
2010-05-10,101.597,H11077_local_long_bond_index
2010-05-11,101.509,H11077_local_long_bond_index
2010-05-12,101.614,H11077_local_long_bond_index
2010-05-13,101.696,H11077_local_long_bond_index
2010-05-14,101.753,H11077_local_long_bond_index
2010-05-17,101.937,H11077_local_long_bond_index
2010-05-18,102.196,H11077_local_long_bond_index
2010-05-19,102.365,H11077_local_long_bond_index
2010-05-20,102.447,H11077_local_long_bond_index
2010-05-21,102.363,H11077_local_long_bond_index
2010-05-24,102.2,H11077_local_long_bond_index
2010-05-25,102.121,H11077_local_long_bond_index
2010-05-26,102.201,H11077_local_long_bond_index
2010-05-27,102.155,H11077_local_long_bond_index
2010-05-28,102.147,H11077_local_long_bond_index
2010-05-31,102.067,H11077_local_long_bond_index
2010-06-01,102.048,H11077_local_long_bond_index
2010-06-02,101.991,H11077_local_long_bond_index
2010-06-03,102.042,H11077_local_long_bond_index
2010-06-04,102.102,H11077_local_long_bond_index
2010-06-07,102.219,H11077_local_long_bond_index
2010-06-08,102.216,H11077_local_long_bond_index
2010-06-09,102.106,H11077_local_long_bond_index
2010-06-10,101.984,H11077_local_long_bond_index
2010-06-11,101.927,H11077_local_long_bond_index
2010-06-17,101.869,H11077_local_long_bond_index
2010-06-18,101.446,H11077_local_long_bond_index
2010-06-21,101.274,H11077_local_long_bond_index
2010-06-22,101.504,H11077_local_long_bond_index
2010-06-23,101.396,H11077_local_long_bond_index
2010-06-24,101.48,H11077_local_long_bond_index
2010-06-25,101.485,H11077_local_long_bond_index
2010-06-28,101.727,H11077_local_long_bond_index
2010-06-29,102.123,H11077_local_long_bond_index
2010-06-30,102.301,H11077_local_long_bond_index
2010-07-01,102.309,H11077_local_long_bond_index
2010-07-02,102.411,H11077_local_long_bond_index
2010-07-05,102.42,H11077_local_long_bond_index
2010-07-06,102.601,H11077_local_long_bond_index
2010-07-07,102.737,H11077_local_long_bond_index
2010-07-08,102.627,H11077_local_long_bond_index
2010-07-09,102.655,H11077_local_long_bond_index
2010-07-12,102.694,H11077_local_long_bond_index
2010-07-13,102.822,H11077_local_long_bond_index
2010-07-14,103.082,H11077_local_long_bond_index
2010-07-15,103.103,H11077_local_long_bond_index
2010-07-16,103.156,H11077_local_long_bond_index
2010-07-19,103.198,H11077_local_long_bond_index
2010-07-20,103.139,H11077_local_long_bond_index
2010-07-21,103.067,H11077_local_long_bond_index
2010-07-22,103.061,H11077_local_long_bond_index
2010-07-23,102.958,H11077_local_long_bond_index
2010-07-26,102.885,H11077_local_long_bond_index
2010-07-27,102.715,H11077_local_long_bond_index
2010-07-28,102.732,H11077_local_long_bond_index
2010-07-29,102.718,H11077_local_long_bond_index
2010-07-30,102.704,H11077_local_long_bond_index
2010-08-02,102.672,H11077_local_long_bond_index
2010-08-03,102.635,H11077_local_long_bond_index
2010-08-04,102.682,H11077_local_long_bond_index
2010-08-05,102.755,H11077_local_long_bond_index
2010-08-06,102.813,H11077_local_long_bond_index
2010-08-09,102.898,H11077_local_long_bond_index
2010-08-10,102.893,H11077_local_long_bond_index
2010-08-11,103.021,H11077_local_long_bond_index
2010-08-12,103.315,H11077_local_long_bond_index
2010-08-13,103.47,H11077_local_long_bond_index
2010-08-16,103.415,H11077_local_long_bond_index
2010-08-17,103.343,H11077_local_long_bond_index
2010-08-18,103.387,H11077_local_long_bond_index
2010-08-19,103.38,H11077_local_long_bond_index
2010-08-20,103.406,H11077_local_long_bond_index
2010-08-23,103.45,H11077_local_long_bond_index
2010-08-24,103.49,H11077_local_long_bond_index
2010-08-25,103.586,H11077_local_long_bond_index
2010-08-26,103.552,H11077_local_long_bond_index
2010-08-27,103.488,H11077_local_long_bond_index
2010-08-30,103.494,H11077_local_long_bond_index
2010-08-31,103.516,H11077_local_long_bond_index
2010-09-01,103.529,H11077_local_long_bond_index
2010-09-02,103.518,H11077_local_long_bond_index
2010-09-03,103.517,H11077_local_long_bond_index
2010-09-06,103.499,H11077_local_long_bond_index
2010-09-07,103.409,H11077_local_long_bond_index
2010-09-08,103.403,H11077_local_long_bond_index
2010-09-09,103.402,H11077_local_long_bond_index
2010-09-10,103.164,H11077_local_long_bond_index
2010-09-13,103.071,H11077_local_long_bond_index
2010-09-14,103.02,H11077_local_long_bond_index
2010-09-15,102.922,H11077_local_long_bond_index
2010-09-16,102.815,H11077_local_long_bond_index
2010-09-17,102.707,H11077_local_long_bond_index
2010-09-20,102.836,H11077_local_long_bond_index
2010-09-21,102.741,H11077_local_long_bond_index
2010-09-27,102.806,H11077_local_long_bond_index
2010-09-28,102.748,H11077_local_long_bond_index
2010-09-29,102.778,H11077_local_long_bond_index
2010-09-30,102.744,H11077_local_long_bond_index
2010-10-08,102.975,H11077_local_long_bond_index
2010-10-11,102.489,H11077_local_long_bond_index
2010-10-12,102.414,H11077_local_long_bond_index
2010-10-13,102.414,H11077_local_long_bond_index
2010-10-14,102.477,H11077_local_long_bond_index
2010-10-15,102.449,H11077_local_long_bond_index
2010-10-18,102.441,H11077_local_long_bond_index
2010-10-19,102.525,H11077_local_long_bond_index
2010-10-20,101.502,H11077_local_long_bond_index
2010-10-21,100.717,H11077_local_long_bond_index
2010-10-22,100.807,H11077_local_long_bond_index
2010-10-25,100.836,H11077_local_long_bond_index
2010-10-26,100.703,H11077_local_long_bond_index
2010-10-27,100.592,H11077_local_long_bond_index
2010-10-28,100.594,H11077_local_long_bond_index
2010-10-29,100.529,H11077_local_long_bond_index
2010-11-01,100.475,H11077_local_long_bond_index
2010-11-02,100.375,H11077_local_long_bond_index
2010-11-03,100.11,H11077_local_long_bond_index
2010-11-04,99.856,H11077_local_long_bond_index
2010-11-05,99.848,H11077_local_long_bond_index
2010-11-08,99.807,H11077_local_long_bond_index
2010-11-09,99.589,H11077_local_long_bond_index
2010-11-10,98.998,H11077_local_long_bond_index
2010-11-11,98.401,H11077_local_long_bond_index
2010-11-12,98.497,H11077_local_long_bond_index
2010-11-15,98.51,H11077_local_long_bond_index
2010-11-16,98.572,H11077_local_long_bond_index
2010-11-17,98.544,H11077_local_long_bond_index
2010-11-18,99.102,H11077_local_long_bond_index
2010-11-19,99.16,H11077_local_long_bond_index
2010-11-22,98.756,H11077_local_long_bond_index
2010-11-23,98.401,H11077_local_long_bond_index
2010-11-24,98.531,H11077_local_long_bond_index
2010-11-25,98.471,H11077_local_long_bond_index
2010-11-26,98.301,H11077_local_long_bond_index
2010-11-29,98.345,H11077_local_long_bond_index
2010-11-30,98.422,H11077_local_long_bond_index
2010-12-01,98.689,H11077_local_long_bond_index
2010-12-02,99.047,H11077_local_long_bond_index
2010-12-03,99.199,H11077_local_long_bond_index
2010-12-06,99.301,H11077_local_long_bond_index
2010-12-07,99.372,H11077_local_long_bond_index
2010-12-08,99.346,H11077_local_long_bond_index
2010-12-09,99.05,H11077_local_long_bond_index
2010-12-10,99.186,H11077_local_long_bond_index
2010-12-13,99.309,H11077_local_long_bond_index
2010-12-14,99.268,H11077_local_long_bond_index
2010-12-15,99.392,H11077_local_long_bond_index
2010-12-16,99.514,H11077_local_long_bond_index
2010-12-17,99.69,H11077_local_long_bond_index
2010-12-20,99.75,H11077_local_long_bond_index
2010-12-21,99.822,H11077_local_long_bond_index
2010-12-22,99.746,H11077_local_long_bond_index
2010-12-23,99.656,H11077_local_long_bond_index
2010-12-24,99.691,H11077_local_long_bond_index
2010-12-27,99.105,H11077_local_long_bond_index
2010-12-28,99.11,H11077_local_long_bond_index
2010-12-29,99.083,H11077_local_long_bond_index
2010-12-30,99.142,H11077_local_long_bond_index
2010-12-31,99.366,H11077_local_long_bond_index
2011-01-04,99.681,H11077_local_long_bond_index
2011-01-05,99.832,H11077_local_long_bond_index
2011-01-06,99.849,H11077_local_long_bond_index
2011-01-07,99.774,H11077_local_long_bond_index
2011-01-10,99.921,H11077_local_long_bond_index
2011-01-11,99.787,H11077_local_long_bond_index
2011-01-12,99.801,H11077_local_long_bond_index
2011-01-13,99.711,H11077_local_long_bond_index
2011-01-14,99.469,H11077_local_long_bond_index
2011-01-17,99.506,H11077_local_long_bond_index
2011-01-18,99.015,H11077_local_long_bond_index
2011-01-19,99.041,H11077_local_long_bond_index
2011-01-20,98.971,H11077_local_long_bond_index
2011-01-21,99.088,H11077_local_long_bond_index
2011-01-24,98.841,H11077_local_long_bond_index
2011-01-25,98.721,H11077_local_long_bond_index
2011-01-26,98.82,H11077_local_long_bond_index
2011-01-27,98.821,H11077_local_long_bond_index
2011-01-28,98.838,H11077_local_long_bond_index
2011-01-31,98.842,H11077_local_long_bond_index
2011-02-01,98.935,H11077_local_long_bond_index
2011-02-09,98.155,H11077_local_long_bond_index
2011-02-10,98.286,H11077_local_long_bond_index
2011-02-11,98.502,H11077_local_long_bond_index
2011-02-14,98.939,H11077_local_long_bond_index
2011-02-15,98.839,H11077_local_long_bond_index
2011-02-16,98.997,H11077_local_long_bond_index
2011-02-17,98.889,H11077_local_long_bond_index
2011-02-18,98.932,H11077_local_long_bond_index
2011-02-21,98.805,H11077_local_long_bond_index
2011-02-22,98.888,H11077_local_long_bond_index
2011-02-23,99.332,H11077_local_long_bond_index
2011-02-24,99.552,H11077_local_long_bond_index
2011-02-25,99.501,H11077_local_long_bond_index
2011-02-28,99.612,H11077_local_long_bond_index
2011-03-01,99.715,H11077_local_long_bond_index
2011-03-02,99.875,H11077_local_long_bond_index
2011-03-03,99.803,H11077_local_long_bond_index
2011-03-04,99.786,H11077_local_long_bond_index
2011-03-07,99.786,H11077_local_long_bond_index
2011-03-08,99.952,H11077_local_long_bond_index
2011-03-09,100.083,H11077_local_long_bond_index
2011-03-10,99.993,H11077_local_long_bond_index
2011-03-11,99.883,H11077_local_long_bond_index
2011-03-14,100.132,H11077_local_long_bond_index
2011-03-15,100.645,H11077_local_long_bond_index
2011-03-16,100.493,H11077_local_long_bond_index
2011-03-17,100.582,H11077_local_long_bond_index
2011-03-18,100.517,H11077_local_long_bond_index
2011-03-21,100.279,H11077_local_long_bond_index
2011-03-22,100.32,H11077_local_long_bond_index
2011-03-23,100.297,H11077_local_long_bond_index
2011-03-24,100.53,H11077_local_long_bond_index
2011-03-25,100.551,H11077_local_long_bond_index
2011-03-28,100.413,H11077_local_long_bond_index
2011-03-29,100.257,H11077_local_long_bond_index
2011-03-30,100.26,H11077_local_long_bond_index
2011-03-31,100.271,H11077_local_long_bond_index
2011-04-01,100.3,H11077_local_long_bond_index
2011-04-06,100.284,H11077_local_long_bond_index
2011-04-07,100.338,H11077_local_long_bond_index
2011-04-08,100.471,H11077_local_long_bond_index
2011-04-11,100.544,H11077_local_long_bond_index
2011-04-12,100.683,H11077_local_long_bond_index
2011-04-13,100.841,H11077_local_long_bond_index
2011-04-14,100.754,H11077_local_long_bond_index
2011-04-15,100.801,H11077_local_long_bond_index
2011-04-18,100.723,H11077_local_long_bond_index
2011-04-19,100.769,H11077_local_long_bond_index
2011-04-20,100.656,H11077_local_long_bond_index
2011-04-21,100.681,H11077_local_long_bond_index
2011-04-22,100.681,H11077_local_long_bond_index
2011-04-25,100.697,H11077_local_long_bond_index
2011-04-26,100.722,H11077_local_long_bond_index
2011-04-27,100.81,H11077_local_long_bond_index
2011-04-28,100.865,H11077_local_long_bond_index
2011-04-29,100.806,H11077_local_long_bond_index
2011-05-03,101.051,H11077_local_long_bond_index
2011-05-04,101.057,H11077_local_long_bond_index
2011-05-05,101.078,H11077_local_long_bond_index
2011-05-06,101.296,H11077_local_long_bond_index
2011-05-09,101.337,H11077_local_long_bond_index
2011-05-10,101.291,H11077_local_long_bond_index
2011-05-11,101.323,H11077_local_long_bond_index
2011-05-12,101.36,H11077_local_long_bond_index
2011-05-13,101.376,H11077_local_long_bond_index
2011-05-16,101.365,H11077_local_long_bond_index
2011-05-17,101.38,H11077_local_long_bond_index
2011-05-18,101.392,H11077_local_long_bond_index
2011-05-19,101.395,H11077_local_long_bond_index
2011-05-20,101.386,H11077_local_long_bond_index
2011-05-23,101.442,H11077_local_long_bond_index
2011-05-24,101.487,H11077_local_long_bond_index
2011-05-25,101.457,H11077_local_long_bond_index
2011-05-26,101.472,H11077_local_long_bond_index
2011-05-27,101.59,H11077_local_long_bond_index
2011-05-30,101.585,H11077_local_long_bond_index
2011-05-31,101.496,H11077_local_long_bond_index
2011-06-01,101.621,H11077_local_long_bond_index
2011-06-02,101.391,H11077_local_long_bond_index
2011-06-03,101.419,H11077_local_long_bond_index
2011-06-07,101.443,H11077_local_long_bond_index
2011-06-08,101.404,H11077_local_long_bond_index
2011-06-09,100.999,H11077_local_long_bond_index
2011-06-10,101.061,H11077_local_long_bond_index
2011-06-13,101.069,H11077_local_long_bond_index
2011-06-14,100.768,H11077_local_long_bond_index
2011-06-15,100.188,H11077_local_long_bond_index
2011-06-16,100.245,H11077_local_long_bond_index
2011-06-17,100.607,H11077_local_long_bond_index
2011-06-20,100.722,H11077_local_long_bond_index
2011-06-21,101.068,H11077_local_long_bond_index
2011-06-22,100.61,H11077_local_long_bond_index
2011-06-23,100.583,H11077_local_long_bond_index
2011-06-24,101.117,H11077_local_long_bond_index
2011-06-27,101.224,H11077_local_long_bond_index
2011-06-28,101.144,H11077_local_long_bond_index
2011-06-29,101.135,H11077_local_long_bond_index
2011-06-30,101.087,H11077_local_long_bond_index
2011-07-01,101.222,H11077_local_long_bond_index
2011-07-04,101.325,H11077_local_long_bond_index
2011-07-05,101.297,H11077_local_long_bond_index
2011-07-06,101.252,H11077_local_long_bond_index
2011-07-07,101.288,H11077_local_long_bond_index
2011-07-08,101.289,H11077_local_long_bond_index
2011-07-11,101.097,H11077_local_long_bond_index
2011-07-12,101.244,H11077_local_long_bond_index
2011-07-13,101.2,H11077_local_long_bond_index
2011-07-14,101.12,H11077_local_long_bond_index
2011-07-15,101.112,H11077_local_long_bond_index
2011-07-18,100.982,H11077_local_long_bond_index
2011-07-19,100.503,H11077_local_long_bond_index
2011-07-20,99.962,H11077_local_long_bond_index
2011-07-21,99.725,H11077_local_long_bond_index
2011-07-22,100.157,H11077_local_long_bond_index
2011-07-25,100.089,H11077_local_long_bond_index
2011-07-26,100.088,H11077_local_long_bond_index
2011-07-27,99.743,H11077_local_long_bond_index
2011-07-28,99.822,H11077_local_long_bond_index
2011-07-29,100.277,H11077_local_long_bond_index
2011-08-01,100.243,H11077_local_long_bond_index
2011-08-02,100.132,H11077_local_long_bond_index
2011-08-03,99.616,H11077_local_long_bond_index
2011-08-04,99.864,H11077_local_long_bond_index
2011-08-05,100.323,H11077_local_long_bond_index
2011-08-08,100.655,H11077_local_long_bond_index
2011-08-09,100.982,H11077_local_long_bond_index
2011-08-10,100.785,H11077_local_long_bond_index
2011-08-11,101.16,H11077_local_long_bond_index
2011-08-12,101.133,H11077_local_long_bond_index
2011-08-15,101.215,H11077_local_long_bond_index
2011-08-16,101.194,H11077_local_long_bond_index
2011-08-17,101.151,H11077_local_long_bond_index
2011-08-18,100.984,H11077_local_long_bond_index
2011-08-19,101.183,H11077_local_long_bond_index
2011-08-22,101.208,H11077_local_long_bond_index
2011-08-23,101.225,H11077_local_long_bond_index
2011-08-24,101.182,H11077_local_long_bond_index
2011-08-25,100.933,H11077_local_long_bond_index
2011-08-26,100.889,H11077_local_long_bond_index
2011-08-29,100.065,H11077_local_long_bond_index
2011-08-30,99.795,H11077_local_long_bond_index
2011-08-31,99.873,H11077_local_long_bond_index
2011-09-01,100.102,H11077_local_long_bond_index
2011-09-02,100.324,H11077_local_long_bond_index
2011-09-05,100.472,H11077_local_long_bond_index
2011-09-06,100.781,H11077_local_long_bond_index
2011-09-07,100.535,H11077_local_long_bond_index
2011-09-08,100.446,H11077_local_long_bond_index
2011-09-09,100.578,H11077_local_long_bond_index
2011-09-13,100.86,H11077_local_long_bond_index
2011-09-14,100.841,H11077_local_long_bond_index
2011-09-15,100.532,H11077_local_long_bond_index
2011-09-16,100.513,H11077_local_long_bond_index
2011-09-19,100.397,H11077_local_long_bond_index
2011-09-20,100.414,H11077_local_long_bond_index
2011-09-21,100.351,H11077_local_long_bond_index
2011-09-22,100.685,H11077_local_long_bond_index
2011-09-23,101.513,H11077_local_long_bond_index
2011-09-26,102.208,H11077_local_long_bond_index
2011-09-27,101.742,H11077_local_long_bond_index
2011-09-28,101.744,H11077_local_long_bond_index
2011-09-29,102.055,H11077_local_long_bond_index
2011-09-30,102.398,H11077_local_long_bond_index
2011-10-10,103.185,H11077_local_long_bond_index
2011-10-11,103.664,H11077_local_long_bond_index
2011-10-12,102.913,H11077_local_long_bond_index
2011-10-13,102.902,H11077_local_long_bond_index
2011-10-14,103.314,H11077_local_long_bond_index
2011-10-17,103.178,H11077_local_long_bond_index
2011-10-18,103.63,H11077_local_long_bond_index
2011-10-19,103.616,H11077_local_long_bond_index
2011-10-20,103.618,H11077_local_long_bond_index
2011-10-21,103.503,H11077_local_long_bond_index
2011-10-24,103.342,H11077_local_long_bond_index
2011-10-25,102.961,H11077_local_long_bond_index
2011-10-26,103.104,H11077_local_long_bond_index
2011-10-27,103.111,H11077_local_long_bond_index
2011-10-28,103.234,H11077_local_long_bond_index
2011-10-31,103.155,H11077_local_long_bond_index
2011-11-01,103.734,H11077_local_long_bond_index
2011-11-02,103.784,H11077_local_long_bond_index
2011-11-03,103.814,H11077_local_long_bond_index
2011-11-04,103.851,H11077_local_long_bond_index
2011-11-07,103.773,H11077_local_long_bond_index
2011-11-08,104.023,H11077_local_long_bond_index
2011-11-09,104.541,H11077_local_long_bond_index
2011-11-10,105.121,H11077_local_long_bond_index
2011-11-11,104.905,H11077_local_long_bond_index
2011-11-14,104.984,H11077_local_long_bond_index
2011-11-15,104.44,H11077_local_long_bond_index
2011-11-16,104.491,H11077_local_long_bond_index
2011-11-17,104.572,H11077_local_long_bond_index
2011-11-18,104.58,H11077_local_long_bond_index
2011-11-21,104.561,H11077_local_long_bond_index
2011-11-22,104.672,H11077_local_long_bond_index
2011-11-23,105.0,H11077_local_long_bond_index
2011-11-24,104.919,H11077_local_long_bond_index
2011-11-25,104.906,H11077_local_long_bond_index
2011-11-28,104.733,H11077_local_long_bond_index
2011-11-29,104.764,H11077_local_long_bond_index
2011-11-30,104.927,H11077_local_long_bond_index
2011-12-01,105.845,H11077_local_long_bond_index
2011-12-02,105.961,H11077_local_long_bond_index
2011-12-05,106.282,H11077_local_long_bond_index
2011-12-06,106.19,H11077_local_long_bond_index
2011-12-07,106.12,H11077_local_long_bond_index
2011-12-08,105.971,H11077_local_long_bond_index
2011-12-09,106.043,H11077_local_long_bond_index
2011-12-12,106.012,H11077_local_long_bond_index
2011-12-13,106.032,H11077_local_long_bond_index
2011-12-14,106.025,H11077_local_long_bond_index
2011-12-15,106.043,H11077_local_long_bond_index
2011-12-16,106.232,H11077_local_long_bond_index
2011-12-19,106.259,H11077_local_long_bond_index
2011-12-20,106.253,H11077_local_long_bond_index
2011-12-21,106.262,H11077_local_long_bond_index
2011-12-22,106.224,H11077_local_long_bond_index
2011-12-23,106.245,H11077_local_long_bond_index
2011-12-26,106.276,H11077_local_long_bond_index
2011-12-27,106.411,H11077_local_long_bond_index
2011-12-28,106.44,H11077_local_long_bond_index
2011-12-29,106.552,H11077_local_long_bond_index
2011-12-30,106.757,H11077_local_long_bond_index
2012-01-04,106.708,H11077_local_long_bond_index
2012-01-05,106.679,H11077_local_long_bond_index
2012-01-06,107.006,H11077_local_long_bond_index
2012-01-09,107.102,H11077_local_long_bond_index
2012-01-10,106.807,H11077_local_long_bond_index
2012-01-11,106.887,H11077_local_long_bond_index
2012-01-12,107.052,H11077_local_long_bond_index
2012-01-13,107.019,H11077_local_long_bond_index
2012-01-16,107.015,H11077_local_long_bond_index
2012-01-17,107.058,H11077_local_long_bond_index
2012-01-18,107.161,H11077_local_long_bond_index
2012-01-19,107.27,H11077_local_long_bond_index
2012-01-20,107.298,H11077_local_long_bond_index
2012-01-30,107.325,H11077_local_long_bond_index
2012-01-31,107.195,H11077_local_long_bond_index
2012-02-01,106.914,H11077_local_long_bond_index
2012-02-02,106.868,H11077_local_long_bond_index
2012-02-03,106.858,H11077_local_long_bond_index
2012-02-06,106.587,H11077_local_long_bond_index
2012-02-07,106.574,H11077_local_long_bond_index
2012-02-08,106.439,H11077_local_long_bond_index
2012-02-09,106.151,H11077_local_long_bond_index
2012-02-10,106.288,H11077_local_long_bond_index
2012-02-13,106.437,H11077_local_long_bond_index
2012-02-14,106.41,H11077_local_long_bond_index
2012-02-15,106.373,H11077_local_long_bond_index
2012-02-16,106.27,H11077_local_long_bond_index
2012-02-17,106.283,H11077_local_long_bond_index
2012-02-20,106.446,H11077_local_long_bond_index
2012-02-21,106.398,H11077_local_long_bond_index
2012-02-22,106.412,H11077_local_long_bond_index
2012-02-23,106.431,H11077_local_long_bond_index
2012-02-24,106.482,H11077_local_long_bond_index
2012-02-27,106.264,H11077_local_long_bond_index
2012-02-28,106.28,H11077_local_long_bond_index
2012-02-29,106.442,H11077_local_long_bond_index
2012-03-01,106.377,H11077_local_long_bond_index
2012-03-02,106.197,H11077_local_long_bond_index
2012-03-05,106.244,H11077_local_long_bond_index
2012-03-06,106.283,H11077_local_long_bond_index
2012-03-07,106.42,H11077_local_long_bond_index
2012-03-08,106.517,H11077_local_long_bond_index
2012-03-09,106.544,H11077_local_long_bond_index
2012-03-12,106.58,H11077_local_long_bond_index
2012-03-13,106.553,H11077_local_long_bond_index
2012-03-14,106.495,H11077_local_long_bond_index
2012-03-15,106.39,H11077_local_long_bond_index
2012-03-16,106.403,H11077_local_long_bond_index
2012-03-19,106.455,H11077_local_long_bond_index
2012-03-20,106.421,H11077_local_long_bond_index
2012-03-21,106.463,H11077_local_long_bond_index
2012-03-22,106.49,H11077_local_long_bond_index
2012-03-23,106.714,H11077_local_long_bond_index
2012-03-26,106.753,H11077_local_long_bond_index
2012-03-27,106.713,H11077_local_long_bond_index
2012-03-28,106.728,H11077_local_long_bond_index
2012-03-29,106.956,H11077_local_long_bond_index
2012-03-30,106.996,H11077_local_long_bond_index
2012-04-05,106.903,H11077_local_long_bond_index
2012-04-06,106.812,H11077_local_long_bond_index
2012-04-09,106.784,H11077_local_long_bond_index
2012-04-10,106.779,H11077_local_long_bond_index
2012-04-11,106.754,H11077_local_long_bond_index
2012-04-12,106.703,H11077_local_long_bond_index
2012-04-13,106.81,H11077_local_long_bond_index
2012-04-16,106.858,H11077_local_long_bond_index
2012-04-17,106.88,H11077_local_long_bond_index
2012-04-18,106.814,H11077_local_long_bond_index
2012-04-19,106.806,H11077_local_long_bond_index
2012-04-20,106.85,H11077_local_long_bond_index
2012-04-23,106.903,H11077_local_long_bond_index
2012-04-24,106.961,H11077_local_long_bond_index
2012-04-25,106.933,H11077_local_long_bond_index
2012-04-26,106.942,H11077_local_long_bond_index
2012-04-27,106.956,H11077_local_long_bond_index
2012-05-02,107.001,H11077_local_long_bond_index
2012-05-03,107.008,H11077_local_long_bond_index
2012-05-04,107.0,H11077_local_long_bond_index
2012-05-07,107.064,H11077_local_long_bond_index
2012-05-08,107.097,H11077_local_long_bond_index
2012-05-09,107.212,H11077_local_long_bond_index
2012-05-10,107.319,H11077_local_long_bond_index
2012-05-11,107.639,H11077_local_long_bond_index
2012-05-14,107.849,H11077_local_long_bond_index
2012-05-15,107.992,H11077_local_long_bond_index
2012-05-16,108.796,H11077_local_long_bond_index
2012-05-17,108.313,H11077_local_long_bond_index
2012-05-18,108.419,H11077_local_long_bond_index
2012-05-21,108.503,H11077_local_long_bond_index
2012-05-22,108.341,H11077_local_long_bond_index
2012-05-23,108.425,H11077_local_long_bond_index
2012-05-24,108.58,H11077_local_long_bond_index
2012-05-25,108.98,H11077_local_long_bond_index
2012-05-28,108.844,H11077_local_long_bond_index
2012-05-29,108.652,H11077_local_long_bond_index
2012-05-30,108.662,H11077_local_long_bond_index
2012-05-31,109.261,H11077_local_long_bond_index
2012-06-01,109.021,H11077_local_long_bond_index
2012-06-04,108.875,H11077_local_long_bond_index
2012-06-05,108.808,H11077_local_long_bond_index
2012-06-06,108.82,H11077_local_long_bond_index
2012-06-07,108.761,H11077_local_long_bond_index
2012-06-08,109.244,H11077_local_long_bond_index
2012-06-11,108.893,H11077_local_long_bond_index
2012-06-12,108.913,H11077_local_long_bond_index
2012-06-13,108.833,H11077_local_long_bond_index
2012-06-14,108.791,H11077_local_long_bond_index
2012-06-15,108.837,H11077_local_long_bond_index
2012-06-18,108.673,H11077_local_long_bond_index
2012-06-19,108.743,H11077_local_long_bond_index
2012-06-20,108.733,H11077_local_long_bond_index
2012-06-21,108.942,H11077_local_long_bond_index
2012-06-25,109.091,H11077_local_long_bond_index
2012-06-26,109.165,H11077_local_long_bond_index
2012-06-27,109.302,H11077_local_long_bond_index
2012-06-28,109.348,H11077_local_long_bond_index
2012-06-29,109.51,H11077_local_long_bond_index
2012-07-02,109.454,H11077_local_long_bond_index
2012-07-03,109.445,H11077_local_long_bond_index
2012-07-04,109.455,H11077_local_long_bond_index
2012-07-05,109.449,H11077_local_long_bond_index
2012-07-06,109.814,H11077_local_long_bond_index
2012-07-09,110.137,H11077_local_long_bond_index
2012-07-10,110.21,H11077_local_long_bond_index
2012-07-11,110.233,H11077_local_long_bond_index
2012-07-12,110.245,H11077_local_long_bond_index
2012-07-13,110.044,H11077_local_long_bond_index
2012-07-16,109.94,H11077_local_long_bond_index
2012-07-17,109.909,H11077_local_long_bond_index
2012-07-18,110.033,H11077_local_long_bond_index
2012-07-19,109.895,H11077_local_long_bond_index
2012-07-20,109.921,H11077_local_long_bond_index
2012-07-23,109.989,H11077_local_long_bond_index
2012-07-24,110.047,H11077_local_long_bond_index
2012-07-25,109.999,H11077_local_long_bond_index
2012-07-26,110.097,H11077_local_long_bond_index
2012-07-27,110.009,H11077_local_long_bond_index
2012-07-30,110.08,H11077_local_long_bond_index
2012-07-31,109.882,H11077_local_long_bond_index
2012-08-01,110.028,H11077_local_long_bond_index
2012-08-02,109.982,H11077_local_long_bond_index
2012-08-03,110.027,H11077_local_long_bond_index
2012-08-06,110.092,H11077_local_long_bond_index
2012-08-07,109.989,H11077_local_long_bond_index
2012-08-08,109.799,H11077_local_long_bond_index
2012-08-09,109.826,H11077_local_long_bond_index
2012-08-10,109.96,H11077_local_long_bond_index
2012-08-13,109.956,H11077_local_long_bond_index
2012-08-14,110.021,H11077_local_long_bond_index
2012-08-15,109.969,H11077_local_long_bond_index
2012-08-16,109.873,H11077_local_long_bond_index
2012-08-17,109.763,H11077_local_long_bond_index
2012-08-20,109.714,H11077_local_long_bond_index
2012-08-21,109.564,H11077_local_long_bond_index
2012-08-22,109.363,H11077_local_long_bond_index
2012-08-23,109.335,H11077_local_long_bond_index
2012-08-24,109.769,H11077_local_long_bond_index
2012-08-27,109.669,H11077_local_long_bond_index
2012-08-28,109.843,H11077_local_long_bond_index
2012-08-29,109.579,H11077_local_long_bond_index
2012-08-30,109.841,H11077_local_long_bond_index
2012-08-31,109.689,H11077_local_long_bond_index
2012-09-03,109.93,H11077_local_long_bond_index
2012-09-04,109.553,H11077_local_long_bond_index
2012-09-05,109.595,H11077_local_long_bond_index
2012-09-06,109.57,H11077_local_long_bond_index
2012-09-07,109.375,H11077_local_long_bond_index
2012-09-10,109.147,H11077_local_long_bond_index
2012-09-11,109.296,H11077_local_long_bond_index
2012-09-12,109.034,H11077_local_long_bond_index
2012-09-13,108.87,H11077_local_long_bond_index
2012-09-14,108.601,H11077_local_long_bond_index
2012-09-17,108.47,H11077_local_long_bond_index
2012-09-18,108.753,H11077_local_long_bond_index
2012-09-19,108.661,H11077_local_long_bond_index
2012-09-20,109.094,H11077_local_long_bond_index
2012-09-21,108.891,H11077_local_long_bond_index
2012-09-24,109.153,H11077_local_long_bond_index
2012-09-25,109.242,H11077_local_long_bond_index
2012-09-26,109.488,H11077_local_long_bond_index
2012-09-27,109.34,H11077_local_long_bond_index
2012-09-28,109.255,H11077_local_long_bond_index
2012-10-08,109.161,H11077_local_long_bond_index
2012-10-09,109.179,H11077_local_long_bond_index
2012-10-10,109.189,H11077_local_long_bond_index
2012-10-11,109.131,H11077_local_long_bond_index
2012-10-12,109.251,H11077_local_long_bond_index
2012-10-15,109.236,H11077_local_long_bond_index
2012-10-16,109.068,H11077_local_long_bond_index
2012-10-17,108.977,H11077_local_long_bond_index
2012-10-18,109.123,H11077_local_long_bond_index
2012-10-19,109.017,H11077_local_long_bond_index
2012-10-22,108.896,H11077_local_long_bond_index
2012-10-23,108.875,H11077_local_long_bond_index
2012-10-24,108.857,H11077_local_long_bond_index
2012-10-25,108.806,H11077_local_long_bond_index
2012-10-26,108.913,H11077_local_long_bond_index
2012-10-29,108.812,H11077_local_long_bond_index
2012-10-30,108.867,H11077_local_long_bond_index
2012-10-31,108.856,H11077_local_long_bond_index
2012-11-01,108.742,H11077_local_long_bond_index
2012-11-02,108.708,H11077_local_long_bond_index
2012-11-05,108.697,H11077_local_long_bond_index
2012-11-06,108.733,H11077_local_long_bond_index
2012-11-07,108.719,H11077_local_long_bond_index
2012-11-08,108.591,H11077_local_long_bond_index
2012-11-09,108.738,H11077_local_long_bond_index
2012-11-12,108.755,H11077_local_long_bond_index
2012-11-13,108.827,H11077_local_long_bond_index
2012-11-14,108.973,H11077_local_long_bond_index
2012-11-15,108.895,H11077_local_long_bond_index
2012-11-16,109.201,H11077_local_long_bond_index
2012-11-19,109.45,H11077_local_long_bond_index
2012-11-20,109.444,H11077_local_long_bond_index
2012-11-21,109.513,H11077_local_long_bond_index
2012-11-22,109.399,H11077_local_long_bond_index
2012-11-23,109.443,H11077_local_long_bond_index
2012-11-26,109.333,H11077_local_long_bond_index
2012-11-27,109.423,H11077_local_long_bond_index
2012-11-28,109.425,H11077_local_long_bond_index
2012-11-29,109.538,H11077_local_long_bond_index
2012-11-30,109.531,H11077_local_long_bond_index
2012-12-03,109.524,H11077_local_long_bond_index
2012-12-04,109.516,H11077_local_long_bond_index
2012-12-05,109.47,H11077_local_long_bond_index
2012-12-06,109.31,H11077_local_long_bond_index
2012-12-07,109.296,H11077_local_long_bond_index
2012-12-10,109.246,H11077_local_long_bond_index
2012-12-11,109.27,H11077_local_long_bond_index
2012-12-12,109.288,H11077_local_long_bond_index
2012-12-13,109.327,H11077_local_long_bond_index
2012-12-14,109.278,H11077_local_long_bond_index
2012-12-17,109.317,H11077_local_long_bond_index
2012-12-18,109.308,H11077_local_long_bond_index
2012-12-19,109.257,H11077_local_long_bond_index
2012-12-20,109.312,H11077_local_long_bond_index
2012-12-21,109.279,H11077_local_long_bond_index
2012-12-24,109.378,H11077_local_long_bond_index
2012-12-25,109.384,H11077_local_long_bond_index
2012-12-26,109.365,H11077_local_long_bond_index
2012-12-27,109.419,H11077_local_long_bond_index
2012-12-28,109.461,H11077_local_long_bond_index
2012-12-31,109.478,H11077_local_long_bond_index
2013-01-04,109.317,H11077_local_long_bond_index
2013-01-07,109.348,H11077_local_long_bond_index
2013-01-08,109.482,H11077_local_long_bond_index
2013-01-09,109.527,H11077_local_long_bond_index
2013-01-10,109.445,H11077_local_long_bond_index
2013-01-11,109.34,H11077_local_long_bond_index
2013-01-14,109.419,H11077_local_long_bond_index
2013-01-15,109.36,H11077_local_long_bond_index
2013-01-16,109.487,H11077_local_long_bond_index
2013-01-17,109.51,H11077_local_long_bond_index
2013-01-18,109.344,H11077_local_long_bond_index
2013-01-21,109.389,H11077_local_long_bond_index
2013-01-22,109.457,H11077_local_long_bond_index
2013-01-23,109.44,H11077_local_long_bond_index
2013-01-24,109.517,H11077_local_long_bond_index
2013-01-25,109.698,H11077_local_long_bond_index
2013-01-28,109.662,H11077_local_long_bond_index
2013-01-29,109.817,H11077_local_long_bond_index
2013-01-30,109.872,H11077_local_long_bond_index
2013-01-31,109.929,H11077_local_long_bond_index
2013-02-01,109.757,H11077_local_long_bond_index
2013-02-04,109.856,H11077_local_long_bond_index
2013-02-05,109.866,H11077_local_long_bond_index
2013-02-06,109.788,H11077_local_long_bond_index
2013-02-07,109.826,H11077_local_long_bond_index
2013-02-08,109.849,H11077_local_long_bond_index
2013-02-18,109.942,H11077_local_long_bond_index
2013-02-19,110.033,H11077_local_long_bond_index
2013-02-20,110.08,H11077_local_long_bond_index
2013-02-21,110.196,H11077_local_long_bond_index
2013-02-22,110.106,H11077_local_long_bond_index
2013-02-25,110.114,H11077_local_long_bond_index
2013-02-26,110.104,H11077_local_long_bond_index
2013-02-27,110.107,H11077_local_long_bond_index
2013-02-28,110.121,H11077_local_long_bond_index
2013-03-01,110.103,H11077_local_long_bond_index
2013-03-04,110.163,H11077_local_long_bond_index
2013-03-05,110.171,H11077_local_long_bond_index
2013-03-06,110.196,H11077_local_long_bond_index
2013-03-07,110.2007,H11077_local_long_bond_index
2013-03-08,110.2282,H11077_local_long_bond_index
2013-03-11,110.1763,H11077_local_long_bond_index
2013-03-12,110.1825,H11077_local_long_bond_index
2013-03-13,110.191,H11077_local_long_bond_index
2013-03-14,110.2184,H11077_local_long_bond_index
2013-03-15,110.1658,H11077_local_long_bond_index
2013-03-18,110.2013,H11077_local_long_bond_index
2013-03-19,110.1528,H11077_local_long_bond_index
2013-03-20,110.2239,H11077_local_long_bond_index
2013-03-21,110.2501,H11077_local_long_bond_index
2013-03-22,110.2762,H11077_local_long_bond_index
2013-03-25,110.2637,H11077_local_long_bond_index
2013-03-26,110.2955,H11077_local_long_bond_index
2013-03-27,110.3607,H11077_local_long_bond_index
2013-03-28,110.3916,H11077_local_long_bond_index
2013-03-29,110.4762,H11077_local_long_bond_index
2013-04-01,110.4871,H11077_local_long_bond_index
2013-04-02,110.6545,H11077_local_long_bond_index
2013-04-03,110.8281,H11077_local_long_bond_index
2013-04-08,111.0262,H11077_local_long_bond_index
2013-04-09,111.1514,H11077_local_long_bond_index
2013-04-10,111.1301,H11077_local_long_bond_index
2013-04-11,111.2058,H11077_local_long_bond_index
2013-04-12,111.2783,H11077_local_long_bond_index
2013-04-15,111.3827,H11077_local_long_bond_index
2013-04-16,111.5215,H11077_local_long_bond_index
2013-04-17,111.6703,H11077_local_long_bond_index
2013-04-18,111.6004,H11077_local_long_bond_index
2013-04-19,111.3859,H11077_local_long_bond_index
2013-04-22,111.4019,H11077_local_long_bond_index
2013-04-23,111.5597,H11077_local_long_bond_index
2013-04-24,111.5665,H11077_local_long_bond_index
2013-04-25,111.69,H11077_local_long_bond_index
2013-04-26,111.7279,H11077_local_long_bond_index
2013-05-02,111.8444,H11077_local_long_bond_index
2013-05-03,112.0047,H11077_local_long_bond_index
2013-05-06,111.9251,H11077_local_long_bond_index
2013-05-07,111.9676,H11077_local_long_bond_index
2013-05-08,111.8992,H11077_local_long_bond_index
2013-05-09,111.9487,H11077_local_long_bond_index
2013-05-10,111.9813,H11077_local_long_bond_index
2013-05-13,112.0455,H11077_local_long_bond_index
2013-05-14,112.0993,H11077_local_long_bond_index
2013-05-15,112.1339,H11077_local_long_bond_index
2013-05-16,112.1506,H11077_local_long_bond_index
2013-05-17,112.1571,H11077_local_long_bond_index
2013-05-20,112.1734,H11077_local_long_bond_index
2013-05-21,112.1894,H11077_local_long_bond_index
2013-05-22,112.1755,H11077_local_long_bond_index
2013-05-23,112.1882,H11077_local_long_bond_index
2013-05-24,112.2526,H11077_local_long_bond_index
2013-05-27,112.2801,H11077_local_long_bond_index
2013-05-28,112.2899,H11077_local_long_bond_index
2013-05-29,112.2436,H11077_local_long_bond_index
2013-05-30,112.2527,H11077_local_long_bond_index
2013-05-31,112.2363,H11077_local_long_bond_index
2013-06-03,112.179,H11077_local_long_bond_index
2013-06-04,112.0862,H11077_local_long_bond_index
2013-06-05,112.0427,H11077_local_long_bond_index
2013-06-06,112.0038,H11077_local_long_bond_index
2013-06-07,111.976,H11077_local_long_bond_index
2013-06-13,112.2282,H11077_local_long_bond_index
2013-06-14,112.1422,H11077_local_long_bond_index
2013-06-17,112.0562,H11077_local_long_bond_index
2013-06-18,111.8811,H11077_local_long_bond_index
2013-06-19,111.529,H11077_local_long_bond_index
2013-06-20,110.5585,H11077_local_long_bond_index
2013-06-21,110.8608,H11077_local_long_bond_index
2013-06-24,110.8355,H11077_local_long_bond_index
2013-06-25,110.9113,H11077_local_long_bond_index
2013-06-26,111.4416,H11077_local_long_bond_index
2013-06-27,111.6251,H11077_local_long_bond_index
2013-06-28,111.6629,H11077_local_long_bond_index
2013-07-01,111.822,H11077_local_long_bond_index
2013-07-02,111.7791,H11077_local_long_bond_index
2013-07-03,111.7031,H11077_local_long_bond_index
2013-07-04,111.721,H11077_local_long_bond_index
2013-07-05,111.8089,H11077_local_long_bond_index
2013-07-08,111.742,H11077_local_long_bond_index
2013-07-09,111.6818,H11077_local_long_bond_index
2013-07-10,111.3838,H11077_local_long_bond_index
2013-07-11,111.188,H11077_local_long_bond_index
2013-07-12,111.2139,H11077_local_long_bond_index
2013-07-15,111.1479,H11077_local_long_bond_index
2013-07-16,110.9959,H11077_local_long_bond_index
2013-07-17,110.7171,H11077_local_long_bond_index
2013-07-18,110.5974,H11077_local_long_bond_index
2013-07-19,110.4608,H11077_local_long_bond_index
2013-07-22,110.339,H11077_local_long_bond_index
2013-07-23,110.0876,H11077_local_long_bond_index
2013-07-24,109.8169,H11077_local_long_bond_index
2013-07-25,110.1372,H11077_local_long_bond_index
2013-07-26,110.3835,H11077_local_long_bond_index
2013-07-29,110.4413,H11077_local_long_bond_index
2013-07-30,110.4827,H11077_local_long_bond_index
2013-07-31,110.4452,H11077_local_long_bond_index
2013-08-01,110.526,H11077_local_long_bond_index
2013-08-02,110.5615,H11077_local_long_bond_index
2013-08-05,110.4946,H11077_local_long_bond_index
2013-08-06,110.4966,H11077_local_long_bond_index
2013-08-07,110.294,H11077_local_long_bond_index
2013-08-08,109.9273,H11077_local_long_bond_index
2013-08-09,109.7835,H11077_local_long_bond_index
2013-08-12,109.643,H11077_local_long_bond_index
2013-08-13,109.0972,H11077_local_long_bond_index
2013-08-14,108.871,H11077_local_long_bond_index
2013-08-15,108.8219,H11077_local_long_bond_index
2013-08-16,108.8741,H11077_local_long_bond_index
2013-08-19,108.6221,H11077_local_long_bond_index
2013-08-20,108.2422,H11077_local_long_bond_index
2013-08-21,108.2516,H11077_local_long_bond_index
2013-08-22,108.2963,H11077_local_long_bond_index
2013-08-23,108.5497,H11077_local_long_bond_index
2013-08-26,108.7562,H11077_local_long_bond_index
2013-08-27,108.7093,H11077_local_long_bond_index
2013-08-28,108.4405,H11077_local_long_bond_index
2013-08-29,108.4094,H11077_local_long_bond_index
2013-08-30,108.4674,H11077_local_long_bond_index
2013-09-02,108.4645,H11077_local_long_bond_index
2013-09-03,108.3973,H11077_local_long_bond_index
2013-09-04,108.3182,H11077_local_long_bond_index
2013-09-05,108.3349,H11077_local_long_bond_index
2013-09-06,108.3565,H11077_local_long_bond_index
2013-09-09,108.1287,H11077_local_long_bond_index
2013-09-10,108.0643,H11077_local_long_bond_index
2013-09-11,107.7809,H11077_local_long_bond_index
2013-09-12,107.6756,H11077_local_long_bond_index
2013-09-13,107.6366,H11077_local_long_bond_index
2013-09-16,107.8375,H11077_local_long_bond_index
2013-09-17,108.0698,H11077_local_long_bond_index
2013-09-18,108.0609,H11077_local_long_bond_index
2013-09-23,108.6932,H11077_local_long_bond_index
2013-09-24,108.6397,H11077_local_long_bond_index
2013-09-25,108.6324,H11077_local_long_bond_index
2013-09-26,108.8637,H11077_local_long_bond_index
2013-09-27,108.863,H11077_local_long_bond_index
2013-09-30,108.841,H11077_local_long_bond_index
2013-10-08,108.9645,H11077_local_long_bond_index
2013-10-09,108.8604,H11077_local_long_bond_index
2013-10-10,108.8326,H11077_local_long_bond_index
2013-10-11,108.9775,H11077_local_long_bond_index
2013-10-14,108.7753,H11077_local_long_bond_index
2013-10-15,108.589,H11077_local_long_bond_index
2013-10-16,108.4444,H11077_local_long_bond_index
2013-10-17,108.3081,H11077_local_long_bond_index
2013-10-18,108.3752,H11077_local_long_bond_index
2013-10-21,108.2746,H11077_local_long_bond_index
2013-10-22,108.2059,H11077_local_long_bond_index
2013-10-23,108.1314,H11077_local_long_bond_index
2013-10-24,107.9317,H11077_local_long_bond_index
2013-10-25,107.8461,H11077_local_long_bond_index
2013-10-28,107.9613,H11077_local_long_bond_index
2013-10-29,107.8727,H11077_local_long_bond_index
2013-10-30,107.6628,H11077_local_long_bond_index
2013-10-31,108.0336,H11077_local_long_bond_index
2013-11-01,108.1569,H11077_local_long_bond_index
2013-11-04,108.0354,H11077_local_long_bond_index
2013-11-05,107.8778,H11077_local_long_bond_index
2013-11-06,107.793,H11077_local_long_bond_index
2013-11-07,107.3781,H11077_local_long_bond_index
2013-11-08,107.1911,H11077_local_long_bond_index
2013-11-11,106.6821,H11077_local_long_bond_index
2013-11-12,106.4253,H11077_local_long_bond_index
2013-11-13,106.3611,H11077_local_long_bond_index
2013-11-14,105.7085,H11077_local_long_bond_index
2013-11-15,105.1531,H11077_local_long_bond_index
2013-11-18,105.029,H11077_local_long_bond_index
2013-11-19,104.8546,H11077_local_long_bond_index
2013-11-20,104.5899,H11077_local_long_bond_index
2013-11-21,104.7254,H11077_local_long_bond_index
2013-11-22,105.3363,H11077_local_long_bond_index
2013-11-25,105.2037,H11077_local_long_bond_index
2013-11-26,105.1323,H11077_local_long_bond_index
2013-11-27,105.6763,H11077_local_long_bond_index
2013-11-28,105.9706,H11077_local_long_bond_index
2013-11-29,106.4966,H11077_local_long_bond_index
2013-12-02,106.2912,H11077_local_long_bond_index
2013-12-03,106.4686,H11077_local_long_bond_index
2013-12-04,106.3675,H11077_local_long_bond_index
2013-12-05,106.0364,H11077_local_long_bond_index
2013-12-06,105.7671,H11077_local_long_bond_index
2013-12-09,105.7053,H11077_local_long_bond_index
2013-12-10,105.1664,H11077_local_long_bond_index
2013-12-11,104.8854,H11077_local_long_bond_index
2013-12-12,105.3668,H11077_local_long_bond_index
2013-12-13,105.7768,H11077_local_long_bond_index
2013-12-16,105.5596,H11077_local_long_bond_index
2013-12-17,105.5132,H11077_local_long_bond_index
2013-12-18,105.3807,H11077_local_long_bond_index
2013-12-19,105.3738,H11077_local_long_bond_index
2013-12-20,105.3351,H11077_local_long_bond_index
2013-12-23,105.4105,H11077_local_long_bond_index
2013-12-24,105.5735,H11077_local_long_bond_index
2013-12-25,105.4381,H11077_local_long_bond_index
2013-12-26,105.4569,H11077_local_long_bond_index
2013-12-27,105.5389,H11077_local_long_bond_index
2013-12-30,105.625,H11077_local_long_bond_index
2013-12-31,105.6832,H11077_local_long_bond_index
2014-01-02,105.5862,H11077_local_long_bond_index
2014-01-03,105.3087,H11077_local_long_bond_index
2014-01-06,105.0439,H11077_local_long_bond_index
2014-01-07,105.2617,H11077_local_long_bond_index
2014-01-08,105.4023,H11077_local_long_bond_index
2014-01-09,105.5815,H11077_local_long_bond_index
2014-01-10,105.5746,H11077_local_long_bond_index
2014-01-13,105.6702,H11077_local_long_bond_index
2014-01-14,105.5989,H11077_local_long_bond_index
2014-01-15,105.6064,H11077_local_long_bond_index
2014-01-16,105.7747,H11077_local_long_bond_index
2014-01-17,105.7138,H11077_local_long_bond_index
2014-01-20,105.7142,H11077_local_long_bond_index
2014-01-21,106.2097,H11077_local_long_bond_index
2014-01-22,106.3702,H11077_local_long_bond_index
2014-01-23,106.4501,H11077_local_long_bond_index
2014-01-24,106.4056,H11077_local_long_bond_index
2014-01-27,106.9478,H11077_local_long_bond_index
2014-01-28,106.7612,H11077_local_long_bond_index
2014-01-29,106.7907,H11077_local_long_bond_index
2014-01-30,106.779,H11077_local_long_bond_index
2014-02-07,107.0994,H11077_local_long_bond_index
2014-02-10,106.8784,H11077_local_long_bond_index
2014-02-11,106.9283,H11077_local_long_bond_index
2014-02-12,106.9654,H11077_local_long_bond_index
2014-02-13,106.7655,H11077_local_long_bond_index
2014-02-14,106.8378,H11077_local_long_bond_index
2014-02-17,106.7946,H11077_local_long_bond_index
2014-02-18,106.6917,H11077_local_long_bond_index
2014-02-19,106.5495,H11077_local_long_bond_index
2014-02-20,106.6335,H11077_local_long_bond_index
2014-02-21,106.7569,H11077_local_long_bond_index
2014-02-24,106.8656,H11077_local_long_bond_index
2014-02-25,107.4709,H11077_local_long_bond_index
2014-02-26,107.5301,H11077_local_long_bond_index
2014-02-27,107.9304,H11077_local_long_bond_index
2014-02-28,107.9859,H11077_local_long_bond_index
2014-03-03,107.8186,H11077_local_long_bond_index
2014-03-04,107.5027,H11077_local_long_bond_index
2014-03-05,107.2927,H11077_local_long_bond_index
2014-03-06,107.1042,H11077_local_long_bond_index
2014-03-07,107.1141,H11077_local_long_bond_index
2014-03-10,107.2247,H11077_local_long_bond_index
2014-03-11,107.4527,H11077_local_long_bond_index
2014-03-12,107.5032,H11077_local_long_bond_index
2014-03-13,107.5092,H11077_local_long_bond_index
2014-03-14,107.7644,H11077_local_long_bond_index
2014-03-17,107.8056,H11077_local_long_bond_index
2014-03-18,107.8563,H11077_local_long_bond_index
2014-03-19,107.7813,H11077_local_long_bond_index
2014-03-20,107.799,H11077_local_long_bond_index
2014-03-21,107.7672,H11077_local_long_bond_index
2014-03-24,107.9039,H11077_local_long_bond_index
2014-03-25,107.7273,H11077_local_long_bond_index
2014-03-26,107.7634,H11077_local_long_bond_index
2014-03-27,107.7879,H11077_local_long_bond_index
2014-03-28,107.8716,H11077_local_long_bond_index
2014-03-31,107.8316,H11077_local_long_bond_index
2014-04-01,107.8756,H11077_local_long_bond_index
2014-04-02,107.8974,H11077_local_long_bond_index
2014-04-03,107.6293,H11077_local_long_bond_index
2014-04-04,107.6335,H11077_local_long_bond_index
2014-04-08,107.7161,H11077_local_long_bond_index
2014-04-09,107.7084,H11077_local_long_bond_index
2014-04-10,107.7087,H11077_local_long_bond_index
2014-04-11,107.8101,H11077_local_long_bond_index
2014-04-14,108.038,H11077_local_long_bond_index
2014-04-15,108.1997,H11077_local_long_bond_index
2014-04-16,108.1382,H11077_local_long_bond_index
2014-04-17,108.5362,H11077_local_long_bond_index
2014-04-18,108.8391,H11077_local_long_bond_index
2014-04-21,108.8426,H11077_local_long_bond_index
2014-04-22,108.8808,H11077_local_long_bond_index
2014-04-23,108.8409,H11077_local_long_bond_index
2014-04-24,108.7644,H11077_local_long_bond_index
2014-04-25,108.6749,H11077_local_long_bond_index
2014-04-28,108.8435,H11077_local_long_bond_index
2014-04-29,108.8578,H11077_local_long_bond_index
2014-04-30,108.9688,H11077_local_long_bond_index
2014-05-05,109.0676,H11077_local_long_bond_index
2014-05-06,109.1886,H11077_local_long_bond_index
2014-05-07,109.3965,H11077_local_long_bond_index
2014-05-08,109.4582,H11077_local_long_bond_index
2014-05-09,110.1394,H11077_local_long_bond_index
2014-05-12,110.2733,H11077_local_long_bond_index
2014-05-13,110.1604,H11077_local_long_bond_index
2014-05-14,109.9494,H11077_local_long_bond_index
2014-05-15,110.1558,H11077_local_long_bond_index
2014-05-16,110.2516,H11077_local_long_bond_index
2014-05-19,109.9733,H11077_local_long_bond_index
2014-05-20,110.0819,H11077_local_long_bond_index
2014-05-21,110.1635,H11077_local_long_bond_index
2014-05-22,110.3914,H11077_local_long_bond_index
2014-05-23,110.4356,H11077_local_long_bond_index
2014-05-26,110.5177,H11077_local_long_bond_index
2014-05-27,110.4628,H11077_local_long_bond_index
2014-05-28,110.483,H11077_local_long_bond_index
2014-05-29,110.7893,H11077_local_long_bond_index
2014-05-30,110.9666,H11077_local_long_bond_index
2014-06-03,111.4906,H11077_local_long_bond_index
2014-06-04,111.8999,H11077_local_long_bond_index
2014-06-05,111.7597,H11077_local_long_bond_index
2014-06-06,111.7038,H11077_local_long_bond_index
2014-06-09,111.7181,H11077_local_long_bond_index
2014-06-10,111.7251,H11077_local_long_bond_index
2014-06-11,111.6792,H11077_local_long_bond_index
2014-06-12,111.7321,H11077_local_long_bond_index
2014-06-13,111.6098,H11077_local_long_bond_index
2014-06-16,111.7421,H11077_local_long_bond_index
2014-06-17,111.7971,H11077_local_long_bond_index
2014-06-18,111.7963,H11077_local_long_bond_index
2014-06-19,111.7691,H11077_local_long_bond_index
2014-06-20,111.9903,H11077_local_long_bond_index
2014-06-23,112.0919,H11077_local_long_bond_index
2014-06-24,112.0227,H11077_local_long_bond_index
2014-06-25,112.0365,H11077_local_long_bond_index
2014-06-26,112.0624,H11077_local_long_bond_index
2014-06-27,112.068,H11077_local_long_bond_index
2014-06-30,112.0163,H11077_local_long_bond_index
2014-07-01,111.977,H11077_local_long_bond_index
2014-07-02,111.6853,H11077_local_long_bond_index
2014-07-03,111.4068,H11077_local_long_bond_index
2014-07-04,111.2634,H11077_local_long_bond_index
2014-07-07,111.3461,H11077_local_long_bond_index
2014-07-08,111.395,H11077_local_long_bond_index
2014-07-09,111.3906,H11077_local_long_bond_index
2014-07-10,111.5139,H11077_local_long_bond_index
2014-07-11,111.4843,H11077_local_long_bond_index
2014-07-14,111.5003,H11077_local_long_bond_index
2014-07-15,111.4854,H11077_local_long_bond_index
2014-07-16,111.3267,H11077_local_long_bond_index
2014-07-17,111.0359,H11077_local_long_bond_index
2014-07-18,110.504,H11077_local_long_bond_index
2014-07-21,110.6085,H11077_local_long_bond_index
2014-07-22,110.7388,H11077_local_long_bond_index
2014-07-23,110.7647,H11077_local_long_bond_index
2014-07-24,110.7559,H11077_local_long_bond_index
2014-07-25,110.8594,H11077_local_long_bond_index
2014-07-28,110.9087,H11077_local_long_bond_index
2014-07-29,110.9404,H11077_local_long_bond_index
2014-07-30,110.7654,H11077_local_long_bond_index
2014-07-31,110.7654,H11077_local_long_bond_index
2014-08-01,110.9926,H11077_local_long_bond_index
2014-08-04,111.0558,H11077_local_long_bond_index
2014-08-05,111.1285,H11077_local_long_bond_index
2014-08-06,111.1648,H11077_local_long_bond_index
2014-08-07,111.116,H11077_local_long_bond_index
2014-08-08,111.1613,H11077_local_long_bond_index
2014-08-11,111.0786,H11077_local_long_bond_index
2014-08-12,111.0479,H11077_local_long_bond_index
2014-08-13,111.0577,H11077_local_long_bond_index
2014-08-14,111.267,H11077_local_long_bond_index
2014-08-15,111.2821,H11077_local_long_bond_index
2014-08-18,111.4351,H11077_local_long_bond_index
2014-08-19,111.4436,H11077_local_long_bond_index
2014-08-20,111.4065,H11077_local_long_bond_index
2014-08-21,111.3863,H11077_local_long_bond_index
2014-08-22,111.3841,H11077_local_long_bond_index
2014-08-25,111.4229,H11077_local_long_bond_index
2014-08-26,111.4469,H11077_local_long_bond_index
2014-08-27,111.4839,H11077_local_long_bond_index
2014-08-28,111.6335,H11077_local_long_bond_index
2014-08-29,111.6506,H11077_local_long_bond_index
2014-09-01,111.6542,H11077_local_long_bond_index
2014-09-02,111.6868,H11077_local_long_bond_index
2014-09-03,111.6504,H11077_local_long_bond_index
2014-09-04,111.5862,H11077_local_long_bond_index
2014-09-05,111.5857,H11077_local_long_bond_index
2014-09-09,111.6376,H11077_local_long_bond_index
2014-09-10,111.6535,H11077_local_long_bond_index
2014-09-11,111.6321,H11077_local_long_bond_index
2014-09-12,111.6229,H11077_local_long_bond_index
2014-09-15,111.7565,H11077_local_long_bond_index
2014-09-16,111.7223,H11077_local_long_bond_index
2014-09-17,111.9241,H11077_local_long_bond_index
2014-09-18,112.4547,H11077_local_long_bond_index
2014-09-19,113.0324,H11077_local_long_bond_index
2014-09-22,113.4502,H11077_local_long_bond_index
2014-09-23,113.5072,H11077_local_long_bond_index
2014-09-24,113.3717,H11077_local_long_bond_index
2014-09-25,113.3513,H11077_local_long_bond_index
2014-09-26,113.4444,H11077_local_long_bond_index
2014-09-29,113.6174,H11077_local_long_bond_index
2014-09-30,113.6223,H11077_local_long_bond_index
2014-10-08,113.9711,H11077_local_long_bond_index
2014-10-09,113.5895,H11077_local_long_bond_index
2014-10-10,113.6307,H11077_local_long_bond_index
2014-10-13,113.774,H11077_local_long_bond_index
2014-10-14,114.3182,H11077_local_long_bond_index
2014-10-15,115.1459,H11077_local_long_bond_index
2014-10-16,115.3472,H11077_local_long_bond_index
2014-10-17,115.3137,H11077_local_long_bond_index
2014-10-20,115.8672,H11077_local_long_bond_index
2014-10-21,116.0047,H11077_local_long_bond_index
2014-10-22,115.8945,H11077_local_long_bond_index
2014-10-23,115.8118,H11077_local_long_bond_index
2014-10-24,115.7477,H11077_local_long_bond_index
2014-10-27,115.8796,H11077_local_long_bond_index
2014-10-28,115.9275,H11077_local_long_bond_index
2014-10-29,116.2475,H11077_local_long_bond_index
2014-10-30,116.1836,H11077_local_long_bond_index
2014-10-31,116.1024,H11077_local_long_bond_index
2014-11-03,116.2929,H11077_local_long_bond_index
2014-11-04,116.7881,H11077_local_long_bond_index
2014-11-05,117.1883,H11077_local_long_bond_index
2014-11-06,117.3855,H11077_local_long_bond_index
2014-11-07,117.8311,H11077_local_long_bond_index
2014-11-10,117.9828,H11077_local_long_bond_index
2014-11-11,118.5004,H11077_local_long_bond_index
2014-11-12,118.3189,H11077_local_long_bond_index
2014-11-13,118.2059,H11077_local_long_bond_index
2014-11-14,117.3797,H11077_local_long_bond_index
2014-11-17,117.4355,H11077_local_long_bond_index
2014-11-18,117.3542,H11077_local_long_bond_index
2014-11-19,117.4691,H11077_local_long_bond_index
2014-11-20,117.3906,H11077_local_long_bond_index
2014-11-21,117.1785,H11077_local_long_bond_index
2014-11-24,118.6892,H11077_local_long_bond_index
2014-11-25,118.5446,H11077_local_long_bond_index
2014-11-26,118.3841,H11077_local_long_bond_index
2014-11-27,118.4489,H11077_local_long_bond_index
2014-11-28,118.4845,H11077_local_long_bond_index
2014-12-01,118.3714,H11077_local_long_bond_index
2014-12-02,118.3721,H11077_local_long_bond_index
2014-12-03,118.1329,H11077_local_long_bond_index
2014-12-04,117.3697,H11077_local_long_bond_index
2014-12-05,116.6231,H11077_local_long_bond_index
2014-12-08,116.4636,H11077_local_long_bond_index
2014-12-09,116.1524,H11077_local_long_bond_index
2014-12-10,116.386,H11077_local_long_bond_index
2014-12-11,116.4382,H11077_local_long_bond_index
2014-12-12,116.6423,H11077_local_long_bond_index
2014-12-15,116.2528,H11077_local_long_bond_index
2014-12-16,116.1311,H11077_local_long_bond_index
2014-12-17,116.2299,H11077_local_long_bond_index
2014-12-18,116.5645,H11077_local_long_bond_index
2014-12-19,116.722,H11077_local_long_bond_index
2014-12-22,116.6509,H11077_local_long_bond_index
2014-12-23,117.1898,H11077_local_long_bond_index
2014-12-24,117.6115,H11077_local_long_bond_index
2014-12-25,117.7061,H11077_local_long_bond_index
2014-12-26,117.6582,H11077_local_long_bond_index
2014-12-29,117.8074,H11077_local_long_bond_index
2014-12-30,117.8429,H11077_local_long_bond_index
2014-12-31,117.6105,H11077_local_long_bond_index
2015-01-05,117.8887,H11077_local_long_bond_index
2015-01-06,117.9078,H11077_local_long_bond_index
2015-01-07,117.8085,H11077_local_long_bond_index
2015-01-08,117.9289,H11077_local_long_bond_index
2015-01-09,117.896,H11077_local_long_bond_index
2015-01-12,117.9262,H11077_local_long_bond_index
2015-01-13,117.9469,H11077_local_long_bond_index
2015-01-14,118.6039,H11077_local_long_bond_index
2015-01-15,118.6335,H11077_local_long_bond_index
2015-01-16,118.9418,H11077_local_long_bond_index
2015-01-19,119.1531,H11077_local_long_bond_index
2015-01-20,118.8901,H11077_local_long_bond_index
2015-01-21,119.3444,H11077_local_long_bond_index
2015-01-22,119.274,H11077_local_long_bond_index
2015-01-23,119.2597,H11077_local_long_bond_index
2015-01-26,119.8605,H11077_local_long_bond_index
2015-01-27,119.317,H11077_local_long_bond_index
2015-01-28,119.4426,H11077_local_long_bond_index
2015-01-29,119.2638,H11077_local_long_bond_index
2015-01-30,119.2412,H11077_local_long_bond_index
2015-02-02,119.2889,H11077_local_long_bond_index
2015-02-03,119.2283,H11077_local_long_bond_index
2015-02-04,119.487,H11077_local_long_bond_index
2015-02-05,119.8726,H11077_local_long_bond_index
2015-02-06,119.5499,H11077_local_long_bond_index
2015-02-09,119.7522,H11077_local_long_bond_index
2015-02-10,119.6383,H11077_local_long_bond_index
2015-02-11,119.7648,H11077_local_long_bond_index
2015-02-12,120.0209,H11077_local_long_bond_index
2015-02-13,120.2752,H11077_local_long_bond_index
2015-02-16,120.6066,H11077_local_long_bond_index
2015-02-17,120.6733,H11077_local_long_bond_index
2015-02-25,120.8765,H11077_local_long_bond_index
2015-02-26,120.636,H11077_local_long_bond_index
2015-02-27,120.5718,H11077_local_long_bond_index
2015-03-02,120.7085,H11077_local_long_bond_index
2015-03-03,120.5592,H11077_local_long_bond_index
2015-03-04,120.2577,H11077_local_long_bond_index
2015-03-05,120.0399,H11077_local_long_bond_index
2015-03-06,119.9811,H11077_local_long_bond_index
2015-03-09,119.6887,H11077_local_long_bond_index
2015-03-10,119.6958,H11077_local_long_bond_index
2015-03-11,119.831,H11077_local_long_bond_index
2015-03-12,120.073,H11077_local_long_bond_index
2015-03-13,120.0902,H11077_local_long_bond_index
2015-03-16,119.9047,H11077_local_long_bond_index
2015-03-17,119.6841,H11077_local_long_bond_index
2015-03-18,119.7494,H11077_local_long_bond_index
2015-03-19,119.5935,H11077_local_long_bond_index
2015-03-20,119.7716,H11077_local_long_bond_index
2015-03-23,119.8133,H11077_local_long_bond_index
2015-03-24,119.8743,H11077_local_long_bond_index
2015-03-25,119.8163,H11077_local_long_bond_index
2015-03-26,119.6555,H11077_local_long_bond_index
2015-03-27,118.9803,H11077_local_long_bond_index
2015-03-30,119.2576,H11077_local_long_bond_index
2015-03-31,118.6836,H11077_local_long_bond_index
2015-04-01,118.7106,H11077_local_long_bond_index
2015-04-02,119.223,H11077_local_long_bond_index
2015-04-03,119.3652,H11077_local_long_bond_index
2015-04-07,119.1779,H11077_local_long_bond_index
2015-04-08,119.0195,H11077_local_long_bond_index
2015-04-09,118.5237,H11077_local_long_bond_index
2015-04-10,118.7805,H11077_local_long_bond_index
2015-04-13,118.6421,H11077_local_long_bond_index
2015-04-14,118.9846,H11077_local_long_bond_index
2015-04-15,119.1971,H11077_local_long_bond_index
2015-04-16,119.5423,H11077_local_long_bond_index
2015-04-17,119.3689,H11077_local_long_bond_index
2015-04-20,120.0858,H11077_local_long_bond_index
2015-04-21,120.4429,H11077_local_long_bond_index
2015-04-22,120.0517,H11077_local_long_bond_index
2015-04-23,120.1811,H11077_local_long_bond_index
2015-04-24,120.2565,H11077_local_long_bond_index
2015-04-27,120.4387,H11077_local_long_bond_index
2015-04-28,120.2749,H11077_local_long_bond_index
2015-04-29,120.5849,H11077_local_long_bond_index
2015-04-30,120.9471,H11077_local_long_bond_index
2015-05-04,120.9472,H11077_local_long_bond_index
2015-05-05,120.6526,H11077_local_long_bond_index
2015-05-06,120.3856,H11077_local_long_bond_index
2015-05-07,120.5192,H11077_local_long_bond_index
2015-05-08,120.2009,H11077_local_long_bond_index
2015-05-11,120.9225,H11077_local_long_bond_index
2015-05-12,120.7586,H11077_local_long_bond_index
2015-05-13,120.9203,H11077_local_long_bond_index
2015-05-14,120.7467,H11077_local_long_bond_index
2015-05-15,121.028,H11077_local_long_bond_index
2015-05-18,121.1112,H11077_local_long_bond_index
2015-05-19,121.0722,H11077_local_long_bond_index
2015-05-20,120.7189,H11077_local_long_bond_index
2015-05-21,120.7291,H11077_local_long_bond_index
2015-05-22,121.0092,H11077_local_long_bond_index
2015-05-25,120.9802,H11077_local_long_bond_index
2015-05-26,121.0768,H11077_local_long_bond_index
2015-05-27,120.4233,H11077_local_long_bond_index
2015-05-28,120.2636,H11077_local_long_bond_index
2015-05-29,120.0919,H11077_local_long_bond_index
2015-06-01,120.0406,H11077_local_long_bond_index
2015-06-02,120.0183,H11077_local_long_bond_index
2015-06-03,120.1252,H11077_local_long_bond_index
2015-06-04,120.2901,H11077_local_long_bond_index
2015-06-05,120.2318,H11077_local_long_bond_index
2015-06-08,120.3571,H11077_local_long_bond_index
2015-06-09,120.3728,H11077_local_long_bond_index
2015-06-10,120.3278,H11077_local_long_bond_index
2015-06-11,120.2003,H11077_local_long_bond_index
2015-06-12,120.1692,H11077_local_long_bond_index
2015-06-15,120.0894,H11077_local_long_bond_index
2015-06-16,120.2775,H11077_local_long_bond_index
2015-06-17,120.3157,H11077_local_long_bond_index
2015-06-18,120.2283,H11077_local_long_bond_index
2015-06-19,120.4845,H11077_local_long_bond_index
2015-06-23,120.3227,H11077_local_long_bond_index
2015-06-24,120.5042,H11077_local_long_bond_index
2015-06-25,120.4832,H11077_local_long_bond_index
2015-06-26,120.4613,H11077_local_long_bond_index
2015-06-29,120.5688,H11077_local_long_bond_index
2015-06-30,120.4663,H11077_local_long_bond_index
2015-07-01,120.5299,H11077_local_long_bond_index
2015-07-02,120.4069,H11077_local_long_bond_index
2015-07-03,120.5243,H11077_local_long_bond_index
2015-07-06,120.8898,H11077_local_long_bond_index
2015-07-07,121.1399,H11077_local_long_bond_index
2015-07-08,121.5628,H11077_local_long_bond_index
2015-07-09,121.4678,H11077_local_long_bond_index
2015-07-10,121.25,H11077_local_long_bond_index
2015-07-13,121.2045,H11077_local_long_bond_index
2015-07-14,121.2772,H11077_local_long_bond_index
2015-07-15,121.3397,H11077_local_long_bond_index
2015-07-16,121.2321,H11077_local_long_bond_index
2015-07-17,120.851,H11077_local_long_bond_index
2015-07-20,121.1404,H11077_local_long_bond_index
2015-07-21,121.4568,H11077_local_long_bond_index
2015-07-22,121.35,H11077_local_long_bond_index
2015-07-23,121.2563,H11077_local_long_bond_index
2015-07-24,121.5331,H11077_local_long_bond_index
2015-07-27,121.5214,H11077_local_long_bond_index
2015-07-28,121.76,H11077_local_long_bond_index
2015-07-29,121.7399,H11077_local_long_bond_index
2015-07-30,121.7747,H11077_local_long_bond_index
2015-07-31,121.7997,H11077_local_long_bond_index
2015-08-03,121.5799,H11077_local_long_bond_index
2015-08-04,121.7212,H11077_local_long_bond_index
2015-08-05,121.8888,H11077_local_long_bond_index
2015-08-06,121.8586,H11077_local_long_bond_index
2015-08-07,121.9578,H11077_local_long_bond_index
2015-08-10,121.9904,H11077_local_long_bond_index
2015-08-11,121.8874,H11077_local_long_bond_index
2015-08-12,121.5601,H11077_local_long_bond_index
2015-08-13,121.6896,H11077_local_long_bond_index
2015-08-14,121.7031,H11077_local_long_bond_index
2015-08-17,121.8204,H11077_local_long_bond_index
2015-08-18,121.7804,H11077_local_long_bond_index
2015-08-19,121.6594,H11077_local_long_bond_index
2015-08-20,121.6097,H11077_local_long_bond_index
2015-08-21,121.7653,H11077_local_long_bond_index
2015-08-24,121.8652,H11077_local_long_bond_index
2015-08-25,122.1588,H11077_local_long_bond_index
2015-08-26,122.2181,H11077_local_long_bond_index
2015-08-27,122.3544,H11077_local_long_bond_index
2015-08-28,122.739,H11077_local_long_bond_index
2015-08-31,122.9206,H11077_local_long_bond_index
2015-09-01,123.2077,H11077_local_long_bond_index
2015-09-02,123.2738,H11077_local_long_bond_index
2015-09-07,123.444,H11077_local_long_bond_index
2015-09-08,123.1367,H11077_local_long_bond_index
2015-09-09,123.2866,H11077_local_long_bond_index
2015-09-10,123.2156,H11077_local_long_bond_index
2015-09-11,123.304,H11077_local_long_bond_index
2015-09-14,123.4053,H11077_local_long_bond_index
2015-09-15,123.4489,H11077_local_long_bond_index
2015-09-16,123.4343,H11077_local_long_bond_index
2015-09-17,123.5586,H11077_local_long_bond_index
2015-09-18,123.4039,H11077_local_long_bond_index
2015-09-21,123.4766,H11077_local_long_bond_index
2015-09-22,123.4193,H11077_local_long_bond_index
2015-09-23,123.4857,H11077_local_long_bond_index
2015-09-24,123.4994,H11077_local_long_bond_index
2015-09-25,123.4668,H11077_local_long_bond_index
2015-09-28,123.6381,H11077_local_long_bond_index
2015-09-29,124.029,H11077_local_long_bond_index
2015-09-30,124.1194,H11077_local_long_bond_index
2015-10-08,124.2525,H11077_local_long_bond_index
2015-10-09,124.5608,H11077_local_long_bond_index
2015-10-12,124.9187,H11077_local_long_bond_index
2015-10-13,125.1339,H11077_local_long_bond_index
2015-10-14,125.5189,H11077_local_long_bond_index
2015-10-15,125.7111,H11077_local_long_bond_index
2015-10-16,125.3594,H11077_local_long_bond_index
2015-10-19,125.3238,H11077_local_long_bond_index
2015-10-20,125.6746,H11077_local_long_bond_index
2015-10-21,125.8075,H11077_local_long_bond_index
2015-10-22,125.8573,H11077_local_long_bond_index
2015-10-23,125.9778,H11077_local_long_bond_index
2015-10-26,126.1372,H11077_local_long_bond_index
2015-10-27,126.4127,H11077_local_long_bond_index
2015-10-28,126.5506,H11077_local_long_bond_index
2015-10-29,126.3101,H11077_local_long_bond_index
2015-10-30,126.1385,H11077_local_long_bond_index
2015-11-02,126.2346,H11077_local_long_bond_index
2015-11-03,126.1992,H11077_local_long_bond_index
2015-11-04,125.9009,H11077_local_long_bond_index
2015-11-05,125.8205,H11077_local_long_bond_index
2015-11-06,125.8542,H11077_local_long_bond_index
2015-11-09,125.4303,H11077_local_long_bond_index
2015-11-10,124.8567,H11077_local_long_bond_index
2015-11-11,125.1326,H11077_local_long_bond_index
2015-11-12,125.4423,H11077_local_long_bond_index
2015-11-13,125.4826,H11077_local_long_bond_index
2015-11-16,125.486,H11077_local_long_bond_index
2015-11-17,125.5113,H11077_local_long_bond_index
2015-11-18,125.4573,H11077_local_long_bond_index
2015-11-19,125.3525,H11077_local_long_bond_index
2015-11-20,125.4982,H11077_local_long_bond_index
2015-11-23,125.661,H11077_local_long_bond_index
2015-11-24,125.6112,H11077_local_long_bond_index
2015-11-25,125.763,H11077_local_long_bond_index
2015-11-26,126.0093,H11077_local_long_bond_index
2015-11-27,126.0059,H11077_local_long_bond_index
2015-11-30,126.1574,H11077_local_long_bond_index
2015-12-01,126.3716,H11077_local_long_bond_index
2015-12-02,126.4733,H11077_local_long_bond_index
2015-12-03,126.5493,H11077_local_long_bond_index
2015-12-04,126.6423,H11077_local_long_bond_index
2015-12-07,126.7235,H11077_local_long_bond_index
2015-12-08,126.9297,H11077_local_long_bond_index
2015-12-09,126.8253,H11077_local_long_bond_index
2015-12-10,127.0978,H11077_local_long_bond_index
2015-12-11,127.018,H11077_local_long_bond_index
2015-12-14,126.915,H11077_local_long_bond_index
2015-12-15,126.795,H11077_local_long_bond_index
2015-12-16,126.9197,H11077_local_long_bond_index
2015-12-17,127.0027,H11077_local_long_bond_index
2015-12-18,127.3261,H11077_local_long_bond_index
2015-12-21,127.7878,H11077_local_long_bond_index
2015-12-22,128.1223,H11077_local_long_bond_index
2015-12-23,128.1005,H11077_local_long_bond_index
2015-12-24,128.4501,H11077_local_long_bond_index
2015-12-25,128.7881,H11077_local_long_bond_index
2015-12-28,128.7641,H11077_local_long_bond_index
2015-12-29,128.9072,H11077_local_long_bond_index
2015-12-30,128.8122,H11077_local_long_bond_index
2015-12-31,129.0035,H11077_local_long_bond_index
2016-01-04,128.8703,H11077_local_long_bond_index
2016-01-05,128.4962,H11077_local_long_bond_index
2016-01-06,128.4966,H11077_local_long_bond_index
2016-01-07,128.6741,H11077_local_long_bond_index
2016-01-08,128.8925,H11077_local_long_bond_index
2016-01-11,128.9578,H11077_local_long_bond_index
2016-01-12,129.0666,H11077_local_long_bond_index
2016-01-13,129.4035,H11077_local_long_bond_index
2016-01-14,129.5968,H11077_local_long_bond_index
2016-01-15,129.3156,H11077_local_long_bond_index
2016-01-18,129.2126,H11077_local_long_bond_index
2016-01-19,129.0082,H11077_local_long_bond_index
2016-01-20,128.8412,H11077_local_long_bond_index
2016-01-21,128.8068,H11077_local_long_bond_index
2016-01-22,129.0141,H11077_local_long_bond_index
2016-01-25,128.8887,H11077_local_long_bond_index
2016-01-26,128.5712,H11077_local_long_bond_index
2016-01-27,128.638,H11077_local_long_bond_index
2016-01-28,128.688,H11077_local_long_bond_index
2016-01-29,128.7789,H11077_local_long_bond_index
2016-02-01,128.8735,H11077_local_long_bond_index
2016-02-02,128.8547,H11077_local_long_bond_index
2016-02-03,128.681,H11077_local_long_bond_index
2016-02-04,128.7962,H11077_local_long_bond_index
2016-02-05,128.7381,H11077_local_long_bond_index
2016-02-15,129.1787,H11077_local_long_bond_index
2016-02-16,129.0197,H11077_local_long_bond_index
2016-02-17,128.9899,H11077_local_long_bond_index
2016-02-18,129.0075,H11077_local_long_bond_index
2016-02-19,129.0295,H11077_local_long_bond_index
2016-02-22,129.0005,H11077_local_long_bond_index
2016-02-23,128.9276,H11077_local_long_bond_index
2016-02-24,128.999,H11077_local_long_bond_index
2016-02-25,128.9747,H11077_local_long_bond_index
2016-02-26,129.0129,H11077_local_long_bond_index
2016-02-29,129.0387,H11077_local_long_bond_index
2016-03-01,129.0445,H11077_local_long_bond_index
2016-03-02,129.0384,H11077_local_long_bond_index
2016-03-03,129.0556,H11077_local_long_bond_index
2016-03-04,128.9703,H11077_local_long_bond_index
2016-03-07,129.0305,H11077_local_long_bond_index
2016-03-08,128.8797,H11077_local_long_bond_index
2016-03-09,128.95,H11077_local_long_bond_index
2016-03-10,129.0875,H11077_local_long_bond_index
2016-03-11,129.2289,H11077_local_long_bond_index
2016-03-14,129.3472,H11077_local_long_bond_index
2016-03-15,129.326,H11077_local_long_bond_index
2016-03-16,129.5394,H11077_local_long_bond_index
2016-03-17,129.6287,H11077_local_long_bond_index
2016-03-18,129.5811,H11077_local_long_bond_index
2016-03-21,129.6157,H11077_local_long_bond_index
2016-03-22,129.5229,H11077_local_long_bond_index
2016-03-23,129.5539,H11077_local_long_bond_index
2016-03-24,129.7033,H11077_local_long_bond_index
2016-03-25,129.6909,H11077_local_long_bond_index
2016-03-28,129.6556,H11077_local_long_bond_index
2016-03-29,129.6374,H11077_local_long_bond_index
2016-03-30,129.7798,H11077_local_long_bond_index
2016-03-31,129.7534,H11077_local_long_bond_index
2016-04-01,129.7694,H11077_local_long_bond_index
2016-04-05,129.877,H11077_local_long_bond_index
2016-04-06,129.7955,H11077_local_long_bond_index
2016-04-07,129.6802,H11077_local_long_bond_index
2016-04-08,129.6736,H11077_local_long_bond_index
2016-04-11,129.7556,H11077_local_long_bond_index
2016-04-12,129.7396,H11077_local_long_bond_index
2016-04-13,129.4989,H11077_local_long_bond_index
2016-04-14,129.4212,H11077_local_long_bond_index
2016-04-15,129.3903,H11077_local_long_bond_index
2016-04-18,129.5338,H11077_local_long_bond_index
2016-04-19,129.5788,H11077_local_long_bond_index
2016-04-20,129.4976,H11077_local_long_bond_index
2016-04-21,129.2825,H11077_local_long_bond_index
2016-04-22,129.3753,H11077_local_long_bond_index
2016-04-25,129.2435,H11077_local_long_bond_index
2016-04-26,129.1246,H11077_local_long_bond_index
2016-04-27,129.2938,H11077_local_long_bond_index
2016-04-28,129.3735,H11077_local_long_bond_index
2016-04-29,129.4604,H11077_local_long_bond_index
2016-05-03,129.7524,H11077_local_long_bond_index
2016-05-04,129.7029,H11077_local_long_bond_index
2016-05-05,129.6536,H11077_local_long_bond_index
2016-05-06,129.606,H11077_local_long_bond_index
2016-05-09,129.7103,H11077_local_long_bond_index
2016-05-10,129.9304,H11077_local_long_bond_index
2016-05-11,129.8062,H11077_local_long_bond_index
2016-05-12,129.8636,H11077_local_long_bond_index
2016-05-13,129.8811,H11077_local_long_bond_index
2016-05-16,129.8517,H11077_local_long_bond_index
2016-05-17,129.7678,H11077_local_long_bond_index
2016-05-18,129.8607,H11077_local_long_bond_index
2016-05-19,129.6321,H11077_local_long_bond_index
2016-05-20,129.5452,H11077_local_long_bond_index
2016-05-23,129.6452,H11077_local_long_bond_index
2016-05-24,129.7509,H11077_local_long_bond_index
2016-05-25,129.6653,H11077_local_long_bond_index
2016-05-26,129.6595,H11077_local_long_bond_index
2016-05-27,129.6765,H11077_local_long_bond_index
2016-05-30,129.6036,H11077_local_long_bond_index
2016-05-31,129.6707,H11077_local_long_bond_index
2016-06-01,129.5505,H11077_local_long_bond_index
2016-06-02,129.5181,H11077_local_long_bond_index
2016-06-03,129.4039,H11077_local_long_bond_index
2016-06-06,129.437,H11077_local_long_bond_index
2016-06-07,129.4532,H11077_local_long_bond_index
2016-06-08,129.3648,H11077_local_long_bond_index
2016-06-13,129.5,H11077_local_long_bond_index
2016-06-14,129.5339,H11077_local_long_bond_index
2016-06-15,129.7092,H11077_local_long_bond_index
2016-06-16,129.7825,H11077_local_long_bond_index
2016-06-17,129.8317,H11077_local_long_bond_index
2016-06-20,129.8791,H11077_local_long_bond_index
2016-06-21,129.8298,H11077_local_long_bond_index
2016-06-22,129.9424,H11077_local_long_bond_index
2016-06-23,129.9771,H11077_local_long_bond_index
2016-06-24,130.189,H11077_local_long_bond_index
2016-06-27,130.5913,H11077_local_long_bond_index
2016-06-28,130.8448,H11077_local_long_bond_index
2016-06-29,130.7273,H11077_local_long_bond_index
2016-06-30,130.7001,H11077_local_long_bond_index
2016-07-01,130.9092,H11077_local_long_bond_index
2016-07-04,131.1588,H11077_local_long_bond_index
2016-07-05,131.1144,H11077_local_long_bond_index
2016-07-06,131.0534,H11077_local_long_bond_index
2016-07-07,131.1331,H11077_local_long_bond_index
2016-07-08,131.1988,H11077_local_long_bond_index
2016-07-11,131.2317,H11077_local_long_bond_index
2016-07-12,131.1881,H11077_local_long_bond_index
2016-07-13,131.1548,H11077_local_long_bond_index
2016-07-14,131.2479,H11077_local_long_bond_index
2016-07-15,131.2316,H11077_local_long_bond_index
2016-07-18,131.2298,H11077_local_long_bond_index
2016-07-19,131.1749,H11077_local_long_bond_index
2016-07-20,131.3547,H11077_local_long_bond_index
2016-07-21,131.5909,H11077_local_long_bond_index
2016-07-22,131.5458,H11077_local_long_bond_index
2016-07-25,131.5187,H11077_local_long_bond_index
2016-07-26,131.5562,H11077_local_long_bond_index
2016-07-27,131.6346,H11077_local_long_bond_index
2016-07-28,131.5865,H11077_local_long_bond_index
2016-07-29,131.668,H11077_local_long_bond_index
2016-08-01,131.7032,H11077_local_long_bond_index
2016-08-02,131.7067,H11077_local_long_bond_index
2016-08-03,131.7784,H11077_local_long_bond_index
2016-08-04,131.8287,H11077_local_long_bond_index
2016-08-05,131.9612,H11077_local_long_bond_index
2016-08-08,132.0566,H11077_local_long_bond_index
2016-08-09,132.222,H11077_local_long_bond_index
2016-08-10,132.572,H11077_local_long_bond_index
2016-08-11,132.5835,H11077_local_long_bond_index
2016-08-12,132.6393,H11077_local_long_bond_index
2016-08-15,133.001,H11077_local_long_bond_index
2016-08-16,133.0545,H11077_local_long_bond_index
2016-08-17,132.8774,H11077_local_long_bond_index
2016-08-18,132.7453,H11077_local_long_bond_index
2016-08-19,132.6877,H11077_local_long_bond_index
2016-08-22,132.7735,H11077_local_long_bond_index
2016-08-23,132.7897,H11077_local_long_bond_index
2016-08-24,132.2313,H11077_local_long_bond_index
2016-08-25,132.4746,H11077_local_long_bond_index
2016-08-26,132.4363,H11077_local_long_bond_index
2016-08-29,132.4821,H11077_local_long_bond_index
2016-08-30,132.269,H11077_local_long_bond_index
2016-08-31,132.1009,H11077_local_long_bond_index
2016-09-01,132.0887,H11077_local_long_bond_index
2016-09-02,132.245,H11077_local_long_bond_index
2016-09-05,132.0398,H11077_local_long_bond_index
2016-09-06,132.0799,H11077_local_long_bond_index
2016-09-07,132.0795,H11077_local_long_bond_index
2016-09-08,132.0746,H11077_local_long_bond_index
2016-09-09,132.2621,H11077_local_long_bond_index
2016-09-12,132.1194,H11077_local_long_bond_index
2016-09-13,132.2729,H11077_local_long_bond_index
2016-09-14,132.4146,H11077_local_long_bond_index
2016-09-19,132.4978,H11077_local_long_bond_index
2016-09-20,132.6331,H11077_local_long_bond_index
2016-09-21,132.5126,H11077_local_long_bond_index
2016-09-22,132.5662,H11077_local_long_bond_index
2016-09-23,132.6072,H11077_local_long_bond_index
2016-09-26,132.8028,H11077_local_long_bond_index
2016-09-27,132.7936,H11077_local_long_bond_index
2016-09-28,132.7578,H11077_local_long_bond_index
2016-09-29,132.7445,H11077_local_long_bond_index
2016-09-30,132.7829,H11077_local_long_bond_index
2016-10-10,133.1735,H11077_local_long_bond_index
2016-10-11,133.2741,H11077_local_long_bond_index
2016-10-12,133.2867,H11077_local_long_bond_index
2016-10-13,133.2624,H11077_local_long_bond_index
2016-10-14,133.5722,H11077_local_long_bond_index
2016-10-17,133.5643,H11077_local_long_bond_index
2016-10-18,133.5418,H11077_local_long_bond_index
2016-10-19,133.7072,H11077_local_long_bond_index
2016-10-20,134.106,H11077_local_long_bond_index
2016-10-21,134.2168,H11077_local_long_bond_index
2016-10-24,134.2389,H11077_local_long_bond_index
2016-10-25,134.095,H11077_local_long_bond_index
2016-10-26,134.013,H11077_local_long_bond_index
2016-10-27,133.8864,H11077_local_long_bond_index
2016-10-28,133.994,H11077_local_long_bond_index
2016-10-31,133.8526,H11077_local_long_bond_index
2016-11-01,133.9344,H11077_local_long_bond_index
2016-11-02,133.8307,H11077_local_long_bond_index
2016-11-03,133.9949,H11077_local_long_bond_index
2016-11-04,133.9497,H11077_local_long_bond_index
2016-11-07,133.8238,H11077_local_long_bond_index
2016-11-08,133.6539,H11077_local_long_bond_index
2016-11-09,133.7204,H11077_local_long_bond_index
2016-11-10,133.4781,H11077_local_long_bond_index
2016-11-11,133.1204,H11077_local_long_bond_index
2016-11-14,132.942,H11077_local_long_bond_index
2016-11-15,132.6655,H11077_local_long_bond_index
2016-11-16,132.7768,H11077_local_long_bond_index
2016-11-17,132.4937,H11077_local_long_bond_index
2016-11-18,132.3348,H11077_local_long_bond_index
2016-11-21,132.2146,H11077_local_long_bond_index
2016-11-22,132.4288,H11077_local_long_bond_index
2016-11-23,132.3522,H11077_local_long_bond_index
2016-11-24,132.5278,H11077_local_long_bond_index
2016-11-25,132.3996,H11077_local_long_bond_index
2016-11-28,132.3671,H11077_local_long_bond_index
2016-11-29,132.3432,H11077_local_long_bond_index
2016-11-30,132.0415,H11077_local_long_bond_index
2016-12-01,131.7344,H11077_local_long_bond_index
2016-12-02,131.5476,H11077_local_long_bond_index
2016-12-05,131.5507,H11077_local_long_bond_index
2016-12-06,131.0969,H11077_local_long_bond_index
2016-12-07,130.6691,H11077_local_long_bond_index
2016-12-08,130.6073,H11077_local_long_bond_index
2016-12-09,130.83,H11077_local_long_bond_index
2016-12-12,130.4113,H11077_local_long_bond_index
2016-12-13,130.0779,H11077_local_long_bond_index
2016-12-14,129.9147,H11077_local_long_bond_index
2016-12-15,128.9365,H11077_local_long_bond_index
2016-12-16,128.8992,H11077_local_long_bond_index
2016-12-19,128.7238,H11077_local_long_bond_index
2016-12-20,128.3756,H11077_local_long_bond_index
2016-12-21,128.8403,H11077_local_long_bond_index
2016-12-22,129.4165,H11077_local_long_bond_index
2016-12-23,129.8316,H11077_local_long_bond_index
2016-12-26,130.2039,H11077_local_long_bond_index
2016-12-27,130.1417,H11077_local_long_bond_index
2016-12-28,130.2416,H11077_local_long_bond_index
2016-12-29,130.6218,H11077_local_long_bond_index
2016-12-30,131.1466,H11077_local_long_bond_index
2017-01-03,130.9375,H11077_local_long_bond_index
2017-01-04,130.4607,H11077_local_long_bond_index
2017-01-05,129.8921,H11077_local_long_bond_index
2017-01-06,129.9091,H11077_local_long_bond_index
2017-01-09,130.0617,H11077_local_long_bond_index
2017-01-10,130.2665,H11077_local_long_bond_index
2017-01-11,130.0453,H11077_local_long_bond_index
2017-01-12,130.0998,H11077_local_long_bond_index
2017-01-13,130.1606,H11077_local_long_bond_index
2017-01-16,130.0892,H11077_local_long_bond_index
2017-01-17,129.6306,H11077_local_long_bond_index
2017-01-18,129.6117,H11077_local_long_bond_index
2017-01-19,129.5835,H11077_local_long_bond_index
2017-01-20,129.6136,H11077_local_long_bond_index
2017-01-23,129.7673,H11077_local_long_bond_index
2017-01-24,129.6366,H11077_local_long_bond_index
2017-01-25,129.0987,H11077_local_long_bond_index
2017-01-26,129.1894,H11077_local_long_bond_index
2017-02-03,128.8662,H11077_local_long_bond_index
2017-02-06,128.7214,H11077_local_long_bond_index
2017-02-07,128.1459,H11077_local_long_bond_index
2017-02-08,128.2915,H11077_local_long_bond_index
2017-02-09,128.5699,H11077_local_long_bond_index
2017-02-10,128.6072,H11077_local_long_bond_index
2017-02-13,128.6254,H11077_local_long_bond_index
2017-02-14,128.7445,H11077_local_long_bond_index
2017-02-15,128.6596,H11077_local_long_bond_index
2017-02-16,128.7231,H11077_local_long_bond_index
2017-02-17,129.1705,H11077_local_long_bond_index
2017-02-20,129.549,H11077_local_long_bond_index
2017-02-21,129.307,H11077_local_long_bond_index
2017-02-22,129.5082,H11077_local_long_bond_index
2017-02-23,129.533,H11077_local_long_bond_index
2017-02-24,129.639,H11077_local_long_bond_index
2017-02-27,129.7489,H11077_local_long_bond_index
2017-02-28,129.7558,H11077_local_long_bond_index
2017-03-01,129.7405,H11077_local_long_bond_index
2017-03-02,129.5703,H11077_local_long_bond_index
2017-03-03,129.4563,H11077_local_long_bond_index
2017-03-06,129.38,H11077_local_long_bond_index
2017-03-07,129.399,H11077_local_long_bond_index
2017-03-08,129.2817,H11077_local_long_bond_index
2017-03-09,129.0985,H11077_local_long_bond_index
2017-03-10,129.2276,H11077_local_long_bond_index
2017-03-13,129.2834,H11077_local_long_bond_index
2017-03-14,129.4546,H11077_local_long_bond_index
2017-03-15,129.5029,H11077_local_long_bond_index
2017-03-16,129.6842,H11077_local_long_bond_index
2017-03-17,129.6985,H11077_local_long_bond_index
2017-03-20,129.7799,H11077_local_long_bond_index
2017-03-21,129.7742,H11077_local_long_bond_index
2017-03-22,129.8475,H11077_local_long_bond_index
2017-03-23,129.9269,H11077_local_long_bond_index
2017-03-24,130.0854,H11077_local_long_bond_index
2017-03-27,130.3278,H11077_local_long_bond_index
2017-03-28,130.437,H11077_local_long_bond_index
2017-03-29,130.2345,H11077_local_long_bond_index
2017-03-30,130.2576,H11077_local_long_bond_index
2017-03-31,130.22,H11077_local_long_bond_index
2017-04-05,130.1023,H11077_local_long_bond_index
2017-04-06,129.981,H11077_local_long_bond_index
2017-04-07,130.0856,H11077_local_long_bond_index
2017-04-10,130.2477,H11077_local_long_bond_index
2017-04-11,130.0782,H11077_local_long_bond_index
2017-04-12,130.1565,H11077_local_long_bond_index
2017-04-13,130.2593,H11077_local_long_bond_index
2017-04-14,130.0329,H11077_local_long_bond_index
2017-04-17,129.5805,H11077_local_long_bond_index
2017-04-18,129.4362,H11077_local_long_bond_index
2017-04-19,129.4066,H11077_local_long_bond_index
2017-04-20,129.2457,H11077_local_long_bond_index
2017-04-21,129.0593,H11077_local_long_bond_index
2017-04-24,128.84,H11077_local_long_bond_index
2017-04-25,129.0401,H11077_local_long_bond_index
2017-04-26,129.3235,H11077_local_long_bond_index
2017-04-27,129.415,H11077_local_long_bond_index
2017-04-28,129.2904,H11077_local_long_bond_index
2017-05-02,129.2955,H11077_local_long_bond_index
2017-05-03,129.0516,H11077_local_long_bond_index
2017-05-04,128.8738,H11077_local_long_bond_index
2017-05-05,128.563,H11077_local_long_bond_index
2017-05-08,128.3795,H11077_local_long_bond_index
2017-05-09,128.0561,H11077_local_long_bond_index
2017-05-10,127.6751,H11077_local_long_bond_index
2017-05-11,127.6874,H11077_local_long_bond_index
2017-05-12,127.7216,H11077_local_long_bond_index
2017-05-15,127.9511,H11077_local_long_bond_index
2017-05-16,127.9311,H11077_local_long_bond_index
2017-05-17,127.9272,H11077_local_long_bond_index
2017-05-18,127.9317,H11077_local_long_bond_index
2017-05-19,127.7376,H11077_local_long_bond_index
2017-05-22,127.6446,H11077_local_long_bond_index
2017-05-23,127.4589,H11077_local_long_bond_index
2017-05-24,127.367,H11077_local_long_bond_index
2017-05-25,127.5077,H11077_local_long_bond_index
2017-05-26,127.4753,H11077_local_long_bond_index
2017-05-31,127.6835,H11077_local_long_bond_index
2017-06-01,127.7858,H11077_local_long_bond_index
2017-06-02,127.766,H11077_local_long_bond_index
2017-06-05,127.8091,H11077_local_long_bond_index
2017-06-06,127.7276,H11077_local_long_bond_index
2017-06-07,127.6828,H11077_local_long_bond_index
2017-06-08,127.6884,H11077_local_long_bond_index
2017-06-09,127.8099,H11077_local_long_bond_index
2017-06-12,128.1519,H11077_local_long_bond_index
2017-06-13,128.3718,H11077_local_long_bond_index
2017-06-14,128.4219,H11077_local_long_bond_index
2017-06-15,128.5513,H11077_local_long_bond_index
2017-06-16,128.5191,H11077_local_long_bond_index
2017-06-19,128.8954,H11077_local_long_bond_index
2017-06-20,129.0454,H11077_local_long_bond_index
2017-06-21,128.8618,H11077_local_long_bond_index
2017-06-22,128.7431,H11077_local_long_bond_index
2017-06-23,128.6223,H11077_local_long_bond_index
2017-06-26,128.8514,H11077_local_long_bond_index
2017-06-27,129.0599,H11077_local_long_bond_index
2017-06-28,128.9688,H11077_local_long_bond_index
2017-06-29,128.7008,H11077_local_long_bond_index
2017-06-30,128.6032,H11077_local_long_bond_index
2017-07-03,128.3497,H11077_local_long_bond_index
2017-07-04,128.1652,H11077_local_long_bond_index
2017-07-05,128.2723,H11077_local_long_bond_index
2017-07-06,128.5753,H11077_local_long_bond_index
2017-07-07,128.513,H11077_local_long_bond_index
2017-07-10,128.4762,H11077_local_long_bond_index
2017-07-11,128.5439,H11077_local_long_bond_index
2017-07-12,128.6191,H11077_local_long_bond_index
2017-07-13,128.7499,H11077_local_long_bond_index
2017-07-14,128.7207,H11077_local_long_bond_index
2017-07-17,128.8043,H11077_local_long_bond_index
2017-07-18,128.6226,H11077_local_long_bond_index
2017-07-19,128.515,H11077_local_long_bond_index
2017-07-20,128.5835,H11077_local_long_bond_index
2017-07-21,128.6005,H11077_local_long_bond_index
2017-07-24,128.6135,H11077_local_long_bond_index
2017-07-25,128.5449,H11077_local_long_bond_index
2017-07-26,128.3996,H11077_local_long_bond_index
2017-07-27,128.4021,H11077_local_long_bond_index
2017-07-28,128.4899,H11077_local_long_bond_index
2017-07-31,128.4787,H11077_local_long_bond_index
2017-08-01,128.3749,H11077_local_long_bond_index
2017-08-02,128.4933,H11077_local_long_bond_index
2017-08-03,128.5333,H11077_local_long_bond_index
2017-08-04,128.5908,H11077_local_long_bond_index
2017-08-07,128.3274,H11077_local_long_bond_index
2017-08-08,128.2916,H11077_local_long_bond_index
2017-08-09,128.221,H11077_local_long_bond_index
2017-08-10,128.2734,H11077_local_long_bond_index
2017-08-11,128.4602,H11077_local_long_bond_index
2017-08-14,128.6163,H11077_local_long_bond_index
2017-08-15,128.6463,H11077_local_long_bond_index
2017-08-16,128.6156,H11077_local_long_bond_index
2017-08-17,128.5529,H11077_local_long_bond_index
2017-08-18,128.5632,H11077_local_long_bond_index
2017-08-21,128.5025,H11077_local_long_bond_index
2017-08-22,128.3836,H11077_local_long_bond_index
2017-08-23,128.5221,H11077_local_long_bond_index
2017-08-24,128.4453,511260_XSHG_onshore_etf
2017-08-25,128.86102654316645,511260_XSHG_onshore_etf
2017-08-28,129.0805095007388,511260_XSHG_onshore_etf
2017-08-29,128.81454779920995,511260_XSHG_onshore_etf
2017-08-30,128.94881972619538,511260_XSHG_onshore_etf
2017-08-31,129.10503994893807,511260_XSHG_onshore_etf
2017-09-01,128.93461788776423,511260_XSHG_onshore_etf
2017-09-04,128.95011080241642,511260_XSHG_onshore_etf
2017-09-05,128.9397821926483,511260_XSHG_onshore_etf
2017-09-06,128.9410732688693,511260_XSHG_onshore_etf
2017-09-07,128.87781053403964,511260_XSHG_onshore_etf
2017-09-08,129.05727012876056,511260_XSHG_onshore_etf
2017-09-11,129.10503994893807,511260_XSHG_onshore_etf
2017-09-12,129.05856120498157,511260_XSHG_onshore_etf
2017-09-13,129.10116672027502,511260_XSHG_onshore_etf
2017-09-14,129.11924178736922,511260_XSHG_onshore_etf
2017-09-15,129.35938196447776,511260_XSHG_onshore_etf
2017-09-18,129.4639591383799,511260_XSHG_onshore_etf
2017-09-19,129.26384232412275,511260_XSHG_onshore_etf
2017-09-20,129.39811425110818,511260_XSHG_onshore_etf
2017-09-21,129.46912344326395,511260_XSHG_onshore_etf
2017-09-22,129.69377070572034,511260_XSHG_onshore_etf
2017-09-25,129.81254971805365,511260_XSHG_onshore_etf
2017-09-26,129.5465880165248,511260_XSHG_onshore_etf
2017-09-27,129.51431111099944,511260_XSHG_onshore_etf
2017-09-28,129.660202723974,511260_XSHG_onshore_etf
2017-09-29,129.12053286359023,511260_XSHG_onshore_etf
2017-10-09,129.28320846743796,511260_XSHG_onshore_etf
2017-10-10,129.36583734558286,511260_XSHG_onshore_etf
2017-10-11,129.099875644054,511260_XSHG_onshore_etf
2017-10-12,129.09471133916995,511260_XSHG_onshore_etf
2017-10-13,128.99658954637292,511260_XSHG_onshore_etf
2017-10-16,128.97980555549972,511260_XSHG_onshore_etf
2017-10-17,128.59248268919558,511260_XSHG_onshore_etf
2017-10-18,128.65574542402527,511260_XSHG_onshore_etf
2017-10-19,128.89588560113384,511260_XSHG_onshore_etf
2017-10-20,128.7732333601375,511260_XSHG_onshore_etf
2017-10-23,128.72029923507597,511260_XSHG_onshore_etf
2017-10-24,128.67898479600353,511260_XSHG_onshore_etf
2017-10-25,128.6686561862354,511260_XSHG_onshore_etf
2017-10-26,128.6015202227427,511260_XSHG_onshore_etf
2017-10-27,128.59119161297457,511260_XSHG_onshore_etf
2017-10-30,128.33297636877182,511260_XSHG_onshore_etf
2017-10-31,128.31490130167762,511260_XSHG_onshore_etf
2017-11-01,128.33297636877182,511260_XSHG_onshore_etf
2017-11-02,128.20386874667042,511260_XSHG_onshore_etf
2017-11-03,128.07476112456905,511260_XSHG_onshore_etf
2017-11-06,128.09283619166325,511260_XSHG_onshore_etf
2017-11-07,128.09412726788426,511260_XSHG_onshore_etf
2017-11-08,128.07476112456905,511260_XSHG_onshore_etf
2017-11-09,127.94307135002565,511260_XSHG_onshore_etf
2017-11-10,127.39823718475782,511260_XSHG_onshore_etf
2017-11-13,127.42922301406216,511260_XSHG_onshore_etf
2017-11-14,127.79072435594603,511260_XSHG_onshore_etf
2017-11-15,126.89729961100446,511260_XSHG_onshore_etf
2017-11-16,126.5254696593525,511260_XSHG_onshore_etf
2017-11-17,126.76173660779803,511260_XSHG_onshore_etf
2017-11-20,126.80046889442842,511260_XSHG_onshore_etf
2017-11-21,126.82370826640667,511260_XSHG_onshore_etf
2017-11-22,126.58744131796115,511260_XSHG_onshore_etf
2017-11-23,127.66161673384462,511260_XSHG_onshore_etf
2017-11-24,126.78368490355525,511260_XSHG_onshore_etf
2017-11-27,127.42534978539912,511260_XSHG_onshore_etf
2017-11-28,126.65457728145387,511260_XSHG_onshore_etf
2017-11-29,125.82054204267895,511260_XSHG_onshore_etf
2017-11-30,126.29565809201203,511260_XSHG_onshore_etf
2017-12-01,126.52030535446843,511260_XSHG_onshore_etf
2017-12-04,126.5164321258054,511260_XSHG_onshore_etf
2017-12-05,126.5177232020264,511260_XSHG_onshore_etf
2017-12-06,126.33180822620041,511260_XSHG_onshore_etf
2017-12-07,126.52805181179451,511260_XSHG_onshore_etf
2017-12-08,126.26983656759177,511260_XSHG_onshore_etf
2017-12-11,126.2737097962548,511260_XSHG_onshore_etf
2017-12-12,126.39636203725112,511260_XSHG_onshore_etf
2017-12-13,126.45962477208079,511260_XSHG_onshore_etf
2017-12-14,126.40023526591416,511260_XSHG_onshore_etf
2017-12-15,126.26854549137074,511260_XSHG_onshore_etf
2017-12-18,126.39636203725112,511260_XSHG_onshore_etf
2017-12-19,126.33180822620041,511260_XSHG_onshore_etf
2017-12-20,126.71913109250457,511260_XSHG_onshore_etf
2017-12-21,126.71654894006252,511260_XSHG_onshore_etf
2017-12-22,126.72558647360964,511260_XSHG_onshore_etf
2017-12-25,126.7320418547147,511260_XSHG_onshore_etf
2017-12-26,126.84823871460594,511260_XSHG_onshore_etf
2017-12-27,126.67136127232705,511260_XSHG_onshore_etf
2017-12-28,125.29894724938937,511260_XSHG_onshore_etf
2017-12-29,126.67523450099009,511260_XSHG_onshore_etf
2018-01-02,126.78368490355525,511260_XSHG_onshore_etf
2018-01-03,126.7320418547147,511260_XSHG_onshore_etf
2018-01-04,126.73333293093572,511260_XSHG_onshore_etf
2018-01-05,126.62617360459157,511260_XSHG_onshore_etf
2018-01-08,126.50739459225831,511260_XSHG_onshore_etf
2018-01-09,126.6855631107582,511260_XSHG_onshore_etf
2018-01-10,126.53063396423656,511260_XSHG_onshore_etf
2018-01-11,126.19237199433094,511260_XSHG_onshore_etf
2018-01-12,126.2091559852041,511260_XSHG_onshore_etf
2018-01-15,126.26725441514972,511260_XSHG_onshore_etf
2018-01-16,126.34342791218954,511260_XSHG_onshore_etf
2018-01-17,126.05293576246144,511260_XSHG_onshore_etf
2018-01-18,126.14072894549038,511260_XSHG_onshore_etf
2018-01-19,126.52159643068946,511260_XSHG_onshore_etf
2018-01-22,127.11420041613479,511260_XSHG_onshore_etf
2018-01-23,126.84823871460594,511260_XSHG_onshore_etf
2018-01-24,126.84823871460594,511260_XSHG_onshore_etf
2018-01-25,126.28791163468595,511260_XSHG_onshore_etf
2018-01-26,126.56032871731986,511260_XSHG_onshore_etf
2018-01-29,126.53838042156264,511260_XSHG_onshore_etf
2018-01-30,126.34601006463159,511260_XSHG_onshore_etf
2018-01-31,126.59389669906622,511260_XSHG_onshore_etf
2018-02-01,126.48157306783801,511260_XSHG_onshore_etf
2018-02-02,126.74237046448282,511260_XSHG_onshore_etf
2018-02-05,126.74495261692483,511260_XSHG_onshore_etf
2018-02-06,126.52676073557352,511260_XSHG_onshore_etf
2018-02-07,126.78497597977626,511260_XSHG_onshore_etf
2018-02-08,126.9670177269392,511260_XSHG_onshore_etf
2018-02-09,127.04190014775801,511260_XSHG_onshore_etf
2018-02-12,126.84952979082696,511260_XSHG_onshore_etf
2018-02-13,126.88955315367839,511260_XSHG_onshore_etf
2018-02-14,127.6758185722758,511260_XSHG_onshore_etf
2018-02-22,127.30011539196076,511260_XSHG_onshore_etf
2018-02-23,127.30011539196076,511260_XSHG_onshore_etf
2018-02-26,128.26196717661605,511260_XSHG_onshore_etf
2018-02-27,128.4620839908732,511260_XSHG_onshore_etf
2018-02-28,128.41947847557975,511260_XSHG_onshore_etf
2018-03-01,128.32264775900373,511260_XSHG_onshore_etf
2018-03-02,128.19354013690233,511260_XSHG_onshore_etf
2018-03-05,128.07605220079006,511260_XSHG_onshore_etf
2018-03-06,128.1457703167248,511260_XSHG_onshore_etf
2018-03-07,128.07476112456905,511260_XSHG_onshore_etf
2018-03-08,127.90950336827929,511260_XSHG_onshore_etf
2018-03-09,127.9198319780474,511260_XSHG_onshore_etf
2018-03-12,127.93532489269955,511260_XSHG_onshore_etf
2018-03-13,127.88109969141698,511260_XSHG_onshore_etf
2018-03-14,127.78814220350398,511260_XSHG_onshore_etf
2018-03-15,127.84107632856555,511260_XSHG_onshore_etf
2018-03-16,127.85527816699671,511260_XSHG_onshore_etf
2018-03-19,128.03602883793863,511260_XSHG_onshore_etf
2018-03-20,128.07476112456905,511260_XSHG_onshore_etf
2018-03-21,128.05410390503283,511260_XSHG_onshore_etf
2018-03-22,128.32006560656168,511260_XSHG_onshore_etf
2018-03-23,129.09471133916995,511260_XSHG_onshore_etf
2018-03-26,128.72029923507597,511260_XSHG_onshore_etf
2018-03-27,128.53954856413404,511260_XSHG_onshore_etf
2018-03-28,128.67898479600353,511260_XSHG_onshore_etf
2018-03-29,128.24389210952185,511260_XSHG_onshore_etf
2018-03-30,128.54600394523908,511260_XSHG_onshore_etf
2018-04-02,128.80938349432589,511260_XSHG_onshore_etf
2018-04-03,128.82358533275706,511260_XSHG_onshore_etf
2018-04-04,128.9514018786374,511260_XSHG_onshore_etf
2018-04-09,129.39940532732922,511260_XSHG_onshore_etf
2018-04-10,129.30257461075317,511260_XSHG_onshore_etf
2018-04-11,129.43168223285457,511260_XSHG_onshore_etf
2018-04-12,129.4897806628002,511260_XSHG_onshore_etf
2018-04-13,129.4820342054741,511260_XSHG_onshore_etf
2018-04-16,129.62405258978563,511260_XSHG_onshore_etf
2018-04-17,130.01008437986874,511260_XSHG_onshore_etf
2018-04-18,130.3999893986149,511260_XSHG_onshore_etf
2018-04-19,131.17334405500216,511260_XSHG_onshore_etf
2018-04-20,131.20045665564348,511260_XSHG_onshore_etf
2018-04-23,131.17334405500216,511260_XSHG_onshore_etf
2018-04-24,131.30245167710356,511260_XSHG_onshore_etf
2018-04-25,131.17334405500216,511260_XSHG_onshore_etf
2018-04-26,131.17334405500216,511260_XSHG_onshore_etf
2018-04-27,131.17334405500216,511260_XSHG_onshore_etf
2018-05-02,130.51618625850614,511260_XSHG_onshore_etf
2018-05-03,130.5407167067054,511260_XSHG_onshore_etf
2018-05-04,130.63883849950247,511260_XSHG_onshore_etf
2018-05-07,130.66078679525967,511260_XSHG_onshore_etf
2018-05-08,130.41290016082505,511260_XSHG_onshore_etf
2018-05-09,130.1017507915607,511260_XSHG_onshore_etf
2018-05-10,129.88226783398838,511260_XSHG_onshore_etf
2018-05-11,130.01137545608975,511260_XSHG_onshore_etf
2018-05-14,129.37358380290894,511260_XSHG_onshore_etf
2018-05-15,129.62534366600661,511260_XSHG_onshore_etf
2018-05-16,129.753160211887,511260_XSHG_onshore_etf
2018-05-17,129.88226783398838,511260_XSHG_onshore_etf
2018-05-18,129.88226783398838,511260_XSHG_onshore_etf
2018-05-21,130.01137545608975,511260_XSHG_onshore_etf
2018-05-22,130.26959070029253,511260_XSHG_onshore_etf
2018-05-23,130.26959070029253,511260_XSHG_onshore_etf
2018-05-24,130.58332222199886,511260_XSHG_onshore_etf
2018-05-25,130.50327549629603,511260_XSHG_onshore_etf
2018-05-28,131.1204099299406,511260_XSHG_onshore_etf
2018-05-29,131.21724064651664,511260_XSHG_onshore_etf
2018-05-30,131.43155929920493,511260_XSHG_onshore_etf
2018-05-31,131.4199396132158,511260_XSHG_onshore_etf
2018-06-01,131.3076159819876,511260_XSHG_onshore_etf
2018-06-04,131.22756925628477,511260_XSHG_onshore_etf
2018-06-05,130.94611464010373,511260_XSHG_onshore_etf
2018-06-06,131.00033984138634,511260_XSHG_onshore_etf
2018-06-07,130.7434156734046,511260_XSHG_onshore_etf
2018-06-08,130.5394256304844,511260_XSHG_onshore_etf
2018-06-11,130.86606791440087,511260_XSHG_onshore_etf
2018-06-12,130.84282854242264,511260_XSHG_onshore_etf
2018-06-13,130.52909702071628,511260_XSHG_onshore_etf
2018-06-14,130.60656159397712,511260_XSHG_onshore_etf
2018-06-15,130.7356692160785,511260_XSHG_onshore_etf
2018-06-19,130.5316791731583,511260_XSHG_onshore_etf
2018-06-20,130.78602118869804,511260_XSHG_onshore_etf
2018-06-21,131.17334405500216,511260_XSHG_onshore_etf
2018-06-22,131.41606638455278,511260_XSHG_onshore_etf
2018-06-25,131.6897745434077,511260_XSHG_onshore_etf
2018-06-26,131.56066692130634,511260_XSHG_onshore_etf
2018-06-27,131.1746351312232,511260_XSHG_onshore_etf
2018-06-28,131.56066692130634,511260_XSHG_onshore_etf
2018-06-29,131.94798978761045,511260_XSHG_onshore_etf
2018-07-02,132.20104072692916,511260_XSHG_onshore_etf
2018-07-03,132.71747121533468,511260_XSHG_onshore_etf
2018-07-04,132.3353126539146,511260_XSHG_onshore_etf
2018-07-05,132.3353126539146,511260_XSHG_onshore_etf
2018-07-06,132.3353126539146,511260_XSHG_onshore_etf
2018-07-09,132.07709740971183,511260_XSHG_onshore_etf
2018-07-10,132.17263705006684,511260_XSHG_onshore_etf
2018-07-11,131.89247351010687,511260_XSHG_onshore_etf
2018-07-12,132.20620503181323,511260_XSHG_onshore_etf
2018-07-13,132.20749610803423,511260_XSHG_onshore_etf
2018-07-16,132.6451709469579,511260_XSHG_onshore_etf
2018-07-17,132.82592161789984,511260_XSHG_onshore_etf
2018-07-18,132.62967803230575,511260_XSHG_onshore_etf
2018-07-19,132.97955968820048,511260_XSHG_onshore_etf
2018-07-20,133.10995838652286,511260_XSHG_onshore_etf
2018-07-23,132.72263552021874,511260_XSHG_onshore_etf
2018-07-24,132.48249534311014,511260_XSHG_onshore_etf
2018-07-25,132.3353126539146,511260_XSHG_onshore_etf
2018-07-26,132.45021843758482,511260_XSHG_onshore_etf
2018-07-27,132.52768301084566,511260_XSHG_onshore_etf
2018-07-30,132.46442027601597,511260_XSHG_onshore_etf
2018-07-31,132.59223682189634,511260_XSHG_onshore_etf
2018-08-01,132.59094574567533,511260_XSHG_onshore_etf
2018-08-02,133.23906600862426,511260_XSHG_onshore_etf
2018-08-03,133.36817363072564,511260_XSHG_onshore_etf
2018-08-06,133.8704022807,511260_XSHG_onshore_etf
2018-08-07,133.3165305818851,511260_XSHG_onshore_etf
2018-08-08,132.77298749283827,511260_XSHG_onshore_etf
2018-08-09,132.78848040749043,511260_XSHG_onshore_etf
2018-08-10,132.8581985234252,511260_XSHG_onshore_etf
2018-08-13,132.13003153477342,511260_XSHG_onshore_etf
2018-08-14,132.38824677897617,511260_XSHG_onshore_etf
2018-08-15,132.8323769990049,511260_XSHG_onshore_etf
2018-08-16,132.47087565712104,511260_XSHG_onshore_etf
2018-08-17,132.47087565712104,511260_XSHG_onshore_etf
2018-08-20,131.36829656437527,511260_XSHG_onshore_etf
2018-08-21,131.62651180857802,511260_XSHG_onshore_etf
2018-08-22,131.3540947259441,511260_XSHG_onshore_etf
2018-08-23,131.94798978761045,511260_XSHG_onshore_etf
2018-08-24,131.69622992451275,511260_XSHG_onshore_etf
2018-08-27,131.98284884557782,511260_XSHG_onshore_etf
2018-08-28,131.9712291595887,511260_XSHG_onshore_etf
2018-08-29,132.1197029250053,511260_XSHG_onshore_etf
2018-08-30,132.33014834903057,511260_XSHG_onshore_etf
2018-08-31,132.43472552293267,511260_XSHG_onshore_etf
2018-09-03,132.1932942696031,511260_XSHG_onshore_etf
2018-09-04,132.18167458361395,511260_XSHG_onshore_etf
2018-09-05,132.07709740971183,511260_XSHG_onshore_etf
2018-09-06,131.93249687295827,511260_XSHG_onshore_etf
2018-09-07,131.89247351010687,511260_XSHG_onshore_etf
2018-09-10,131.83179292771922,511260_XSHG_onshore_etf
2018-09-11,131.54388293043314,511260_XSHG_onshore_etf
2018-09-12,131.39411808879552,511260_XSHG_onshore_etf
2018-09-13,131.36829656437527,511260_XSHG_onshore_etf
2018-09-14,131.66395301898743,511260_XSHG_onshore_etf
2018-09-17,131.8201732417301,511260_XSHG_onshore_etf
2018-09-18,131.92733256807423,511260_XSHG_onshore_etf
2018-09-19,131.90667534853802,511260_XSHG_onshore_etf
2018-09-20,131.6510422567773,511260_XSHG_onshore_etf
2018-09-21,131.4560897474042,511260_XSHG_onshore_etf
2018-09-25,131.67686378119754,511260_XSHG_onshore_etf
2018-09-26,131.7285068300381,511260_XSHG_onshore_etf
2018-09-27,131.87052521434964,511260_XSHG_onshore_etf
2018-09-28,132.17134597384586,511260_XSHG_onshore_etf
2018-10-08,132.2152425653603,511260_XSHG_onshore_etf
2018-10-09,132.37662709298704,511260_XSHG_onshore_etf
2018-10-10,132.29658036728418,511260_XSHG_onshore_etf
2018-10-11,132.5147722486355,511260_XSHG_onshore_etf
2018-10-12,132.74071058731292,511260_XSHG_onshore_etf
2018-10-15,132.73038197754482,511260_XSHG_onshore_etf
2018-10-16,132.7742785690593,511260_XSHG_onshore_etf
2018-10-17,132.87240036185634,511260_XSHG_onshore_etf
2018-10-18,132.84270560877303,511260_XSHG_onshore_etf
2018-10-19,133.06864394745043,511260_XSHG_onshore_etf
2018-10-22,132.91629695337082,511260_XSHG_onshore_etf
2018-10-23,132.8478699136571,511260_XSHG_onshore_etf
2018-10-24,132.96794000221135,511260_XSHG_onshore_etf
2018-10-25,133.19904264577283,511260_XSHG_onshore_etf
2018-10-26,133.217117712867,511260_XSHG_onshore_etf
2018-10-29,133.23261062751916,511260_XSHG_onshore_etf
2018-10-30,133.53730461567844,511260_XSHG_onshore_etf
2018-10-31,133.49986340526905,511260_XSHG_onshore_etf
2018-11-01,133.588947664519,511260_XSHG_onshore_etf
2018-11-02,133.5231027772473,511260_XSHG_onshore_etf
2018-11-05,133.35913609717852,511260_XSHG_onshore_etf
2018-11-06,133.57603690230886,511260_XSHG_onshore_etf
2018-11-07,133.73354820127253,511260_XSHG_onshore_etf
2018-11-08,134.14281936333393,511260_XSHG_onshore_etf
2018-11-09,134.05244402786295,511260_XSHG_onshore_etf
2018-11-12,134.10537815292452,511260_XSHG_onshore_etf
2018-11-13,134.11054245780858,511260_XSHG_onshore_etf
2018-11-14,134.53401545830107,511260_XSHG_onshore_etf
2018-11-15,134.93166693437337,511260_XSHG_onshore_etf
2018-11-16,135.18600894991306,511260_XSHG_onshore_etf
2018-11-19,135.36030423974992,511260_XSHG_onshore_etf
2018-11-20,135.22215908410146,511260_XSHG_onshore_etf
2018-11-21,135.23119661764855,511260_XSHG_onshore_etf
2018-11-22,135.14211235839858,511260_XSHG_onshore_etf
2018-11-23,135.15502312060875,511260_XSHG_onshore_etf
2018-11-26,134.91488294350015,511260_XSHG_onshore_etf
2018-11-27,134.9265026294893,511260_XSHG_onshore_etf
2018-11-28,134.97556352588782,511260_XSHG_onshore_etf
2018-11-29,135.24281630363768,511260_XSHG_onshore_etf
2018-11-30,135.0297887271704,511260_XSHG_onshore_etf
2018-12-03,135.22345016032247,511260_XSHG_onshore_etf
2018-12-04,135.51910661493463,511260_XSHG_onshore_etf
2018-12-05,135.85091320373516,511260_XSHG_onshore_etf
2018-12-06,136.00067804537278,511260_XSHG_onshore_etf
2018-12-07,136.05361217043435,511260_XSHG_onshore_etf
2018-12-10,136.20725024073496,511260_XSHG_onshore_etf
2018-12-11,136.4073670549921,511260_XSHG_onshore_etf
2018-12-12,136.44739041784356,511260_XSHG_onshore_etf
2018-12-13,135.99551374048872,511260_XSHG_onshore_etf
2018-12-14,135.53976383447088,511260_XSHG_onshore_etf
2018-12-17,135.44680634655785,511260_XSHG_onshore_etf
2018-12-18,135.2350698463116,511260_XSHG_onshore_etf
2018-12-19,135.41452944103253,511260_XSHG_onshore_etf
2018-12-20,135.81476306954679,511260_XSHG_onshore_etf
2018-12-21,136.10783737171693,511260_XSHG_onshore_etf
2018-12-24,135.88577226170256,511260_XSHG_onshore_etf
2018-12-25,135.9580725300793,511260_XSHG_onshore_etf
2018-12-26,136.2550200609125,511260_XSHG_onshore_etf
2018-12-27,136.41253135987617,511260_XSHG_onshore_etf
2018-12-28,137.02708364107875,511260_XSHG_onshore_etf
2019-01-02,136.957365525144,511260_XSHG_onshore_etf
2019-01-03,137.18588601626345,511260_XSHG_onshore_etf
2019-01-04,137.00771749776354,511260_XSHG_onshore_etf
2019-01-07,136.86311696101,511260_XSHG_onshore_etf
2019-01-08,136.9728584397962,511260_XSHG_onshore_etf
2019-01-09,137.0761445374773,511260_XSHG_onshore_etf
2019-01-10,137.10067498567653,511260_XSHG_onshore_etf
2019-01-11,137.09163745212945,511260_XSHG_onshore_etf
2019-01-14,137.0399944032889,511260_XSHG_onshore_etf
2019-01-15,136.98318704956426,511260_XSHG_onshore_etf
2019-01-16,137.30853825725976,511260_XSHG_onshore_etf
2019-01-17,137.54996951058934,511260_XSHG_onshore_etf
2019-01-18,137.42215296470897,511260_XSHG_onshore_etf
2019-01-21,137.24140229376704,511260_XSHG_onshore_etf
2019-01-22,137.2659327419663,511260_XSHG_onshore_etf
2019-01-23,137.13940727230695,511260_XSHG_onshore_etf
2019-01-24,137.1936324735895,511260_XSHG_onshore_etf
2019-01-25,136.99997104043746,511260_XSHG_onshore_etf
2019-01-28,136.9948067355534,511260_XSHG_onshore_etf
2019-01-29,137.0877642234664,511260_XSHG_onshore_etf
2019-01-30,137.2013789309156,511260_XSHG_onshore_etf
2019-01-31,137.30724718103875,511260_XSHG_onshore_etf
2019-02-01,137.4428101842452,511260_XSHG_onshore_etf
2019-02-11,137.68165928513275,511260_XSHG_onshore_etf
2019-02-12,137.78365430659284,511260_XSHG_onshore_etf
2019-02-13,137.85982780363264,511260_XSHG_onshore_etf
2019-02-14,137.69457004734286,511260_XSHG_onshore_etf
2019-02-15,137.85982780363264,511260_XSHG_onshore_etf
2019-02-18,137.72684695286824,511260_XSHG_onshore_etf
2019-02-19,137.611941169198,511260_XSHG_onshore_etf
2019-02-20,137.46734063244443,511260_XSHG_onshore_etf
2019-02-21,137.37180099208942,511260_XSHG_onshore_etf
2019-02-22,137.15619126318012,511260_XSHG_onshore_etf
2019-02-25,137.00126211665847,511260_XSHG_onshore_etf
2019-02-26,136.59586418326015,511260_XSHG_onshore_etf
2019-02-27,136.8540794274629,511260_XSHG_onshore_etf
2019-02-28,136.86699018967303,511260_XSHG_onshore_etf
2019-03-01,136.80243637862233,511260_XSHG_onshore_etf
2019-03-04,136.78565238774917,511260_XSHG_onshore_etf
2019-03-05,136.6475072321007,511260_XSHG_onshore_etf
2019-03-06,136.6384696985536,511260_XSHG_onshore_etf
2019-03-07,137.08130884236132,511260_XSHG_onshore_etf
2019-03-08,137.15877341562216,511260_XSHG_onshore_etf
2019-03-11,137.1536091107381,511260_XSHG_onshore_etf
2019-03-12,137.26335058952426,511260_XSHG_onshore_etf
2019-03-13,137.33565085790104,511260_XSHG_onshore_etf
2019-03-14,137.31499363836485,511260_XSHG_onshore_etf
2019-03-15,137.36276345854233,511260_XSHG_onshore_etf
2019-03-18,137.30208287615469,511260_XSHG_onshore_etf
2019-03-19,137.37180099208945,511260_XSHG_onshore_etf
2019-03-20,137.48541569953863,511260_XSHG_onshore_etf
2019-03-21,137.4815424708756,511260_XSHG_onshore_etf
2019-03-22,137.706189733332,511260_XSHG_onshore_etf
2019-03-25,138.00184618794415,511260_XSHG_onshore_etf
2019-03-26,138.31041340476645,511260_XSHG_onshore_etf
2019-03-27,138.26135250836793,511260_XSHG_onshore_etf
2019-03-28,138.13224488626656,511260_XSHG_onshore_etf
2019-03-29,137.99022650195505,511260_XSHG_onshore_etf
2019-04-01,137.8637010322957,511260_XSHG_onshore_etf
2019-04-02,137.40795112627782,511260_XSHG_onshore_etf
2019-04-03,136.87990095188317,511260_XSHG_onshore_etf
2019-04-04,136.4990334666841,511260_XSHG_onshore_etf
2019-04-08,136.208541316956,511260_XSHG_onshore_etf
2019-04-09,136.25114683224945,511260_XSHG_onshore_etf
2019-04-10,136.01617096002494,511260_XSHG_onshore_etf
2019-04-11,136.29246127132188,511260_XSHG_onshore_etf
2019-04-12,136.1052552192749,511260_XSHG_onshore_etf
2019-04-15,135.38225253550718,511260_XSHG_onshore_etf
2019-04-16,135.07239424246387,511260_XSHG_onshore_etf
2019-04-17,135.42744020324264,511260_XSHG_onshore_etf
2019-04-18,135.30607903846735,511260_XSHG_onshore_etf
2019-04-19,135.44809742277886,511260_XSHG_onshore_etf
2019-04-22,135.18471787369205,511260_XSHG_onshore_etf
2019-04-23,134.96781706856174,511260_XSHG_onshore_etf
2019-04-24,134.85291128489152,511260_XSHG_onshore_etf
2019-04-25,134.9549063063516,511260_XSHG_onshore_etf
2019-04-26,135.1046711479892,511260_XSHG_onshore_etf
2019-04-29,134.90455433373205,511260_XSHG_onshore_etf
2019-04-30,135.2996236573623,511260_XSHG_onshore_etf
2019-05-06,135.67920006634034,511260_XSHG_onshore_etf
2019-05-07,135.72826096273886,511260_XSHG_onshore_etf
2019-05-08,135.83671136530404,511260_XSHG_onshore_etf
2019-05-09,136.01487988380393,511260_XSHG_onshore_etf
2019-05-10,136.24727360358642,511260_XSHG_onshore_etf
2019-05-13,136.78823454019118,511260_XSHG_onshore_etf
2019-05-14,136.6087749454703,511260_XSHG_onshore_etf
2019-05-15,136.6010284881442,511260_XSHG_onshore_etf
2019-05-16,136.6862395187311,511260_XSHG_onshore_etf
2019-05-17,136.8463329701368,511260_XSHG_onshore_etf
2019-05-20,136.86182588478897,511260_XSHG_onshore_etf
2019-05-21,136.57778911616595,511260_XSHG_onshore_etf
2019-05-22,136.46546548493774,511260_XSHG_onshore_etf
2019-05-23,136.49386916180006,511260_XSHG_onshore_etf
2019-05-24,136.40349382632908,511260_XSHG_onshore_etf
2019-05-27,135.9761475971735,511260_XSHG_onshore_etf
2019-05-28,136.2640575944596,511260_XSHG_onshore_etf
2019-05-29,136.49257808557903,511260_XSHG_onshore_etf
2019-05-30,136.6294321650065,511260_XSHG_onshore_etf
2019-05-31,136.74692010111875,511260_XSHG_onshore_etf
2019-06-03,137.00126211665847,511260_XSHG_onshore_etf
2019-06-04,137.27238812307138,511260_XSHG_onshore_etf
2019-06-05,137.46475848000242,511260_XSHG_onshore_etf
2019-06-06,137.49445323308575,511260_XSHG_onshore_etf
2019-06-10,137.37180099208945,511260_XSHG_onshore_etf
2019-06-11,137.0619426990461,511260_XSHG_onshore_etf
2019-06-12,137.03483009840483,511260_XSHG_onshore_etf
2019-06-13,137.2091253882417,511260_XSHG_onshore_etf
2019-06-14,137.42215296470897,511260_XSHG_onshore_etf
2019-06-17,137.51511045262197,511260_XSHG_onshore_etf
2019-06-18,137.38342067807855,511260_XSHG_onshore_etf
2019-06-19,137.30982933348076,511260_XSHG_onshore_etf
2019-06-20,137.37309206831046,511260_XSHG_onshore_etf
2019-06-21,137.37180099208945,511260_XSHG_onshore_etf
2019-06-24,137.33177762923802,511260_XSHG_onshore_etf
2019-06-25,137.42731726959303,511260_XSHG_onshore_etf
2019-06-26,137.36018130610032,511260_XSHG_onshore_etf
2019-06-27,137.3059561048177,511260_XSHG_onshore_etf
2019-06-28,137.41698865982494,511260_XSHG_onshore_etf
2019-07-01,137.50090861419082,511260_XSHG_onshore_etf
2019-07-02,137.6222697789661,511260_XSHG_onshore_etf
2019-07-03,137.8817760993899,511260_XSHG_onshore_etf
2019-07-04,138.23553098394765,511260_XSHG_onshore_etf
2019-07-05,138.0031372641652,511260_XSHG_onshore_etf
2019-07-08,137.90630654758914,511260_XSHG_onshore_etf
2019-07-09,138.03024986480648,511260_XSHG_onshore_etf
2019-07-10,137.96698712997681,511260_XSHG_onshore_etf
2019-07-11,138.0328320172485,511260_XSHG_onshore_etf
2019-07-12,138.04057847457457,511260_XSHG_onshore_etf
2019-07-15,138.13224488626656,511260_XSHG_onshore_etf
2019-07-16,138.09480367585715,511260_XSHG_onshore_etf
2019-07-17,138.11933412405642,511260_XSHG_onshore_etf
2019-07-18,138.21616484063247,511260_XSHG_onshore_etf
2019-07-19,138.24327744127376,511260_XSHG_onshore_etf
2019-07-22,138.3142866334295,511260_XSHG_onshore_etf
2019-07-23,138.3710939871541,511260_XSHG_onshore_etf
2019-07-24,138.32203309075558,511260_XSHG_onshore_etf
2019-07-25,138.18517901132813,511260_XSHG_onshore_etf
2019-07-26,138.2213291455165,511260_XSHG_onshore_etf
2019-07-29,138.14773780091875,511260_XSHG_onshore_etf
2019-07-30,138.11675197161438,511260_XSHG_onshore_etf
2019-07-31,138.3246152431976,511260_XSHG_onshore_etf
2019-08-01,138.36463860604906,511260_XSHG_onshore_etf
2019-08-02,138.7145202619438,511260_XSHG_onshore_etf
2019-08-05,139.22707752168625,511260_XSHG_onshore_etf
2019-08-06,139.56275733914984,511260_XSHG_onshore_etf
2019-08-07,139.4362318694905,511260_XSHG_onshore_etf
2019-08-08,139.59116101601217,511260_XSHG_onshore_etf
2019-08-09,140.10759150441768,511260_XSHG_onshore_etf
2019-08-12,140.00301433051555,511260_XSHG_onshore_etf
2019-08-13,140.14632379104808,511260_XSHG_onshore_etf
2019-08-14,140.22378836430892,511260_XSHG_onshore_etf
2019-08-15,140.16698101058432,511260_XSHG_onshore_etf
2019-08-16,139.99139464452645,511260_XSHG_onshore_etf
2019-08-19,139.80935289736348,511260_XSHG_onshore_etf
2019-08-20,139.69315603747225,511260_XSHG_onshore_etf
2019-08-21,139.61827361665345,511260_XSHG_onshore_etf
2019-08-22,139.5666305678129,511260_XSHG_onshore_etf
2019-08-23,139.4181568023963,511260_XSHG_onshore_etf
2019-08-26,139.72026863811354,511260_XSHG_onshore_etf
2019-08-27,139.54597334827668,511260_XSHG_onshore_etf
2019-08-28,139.60665393066432,511260_XSHG_onshore_etf
2019-08-29,139.73576155276572,511260_XSHG_onshore_etf
2019-08-30,139.6415129886317,511260_XSHG_onshore_etf
2019-09-02,139.50078568054118,511260_XSHG_onshore_etf
2019-09-03,139.5020767567622,511260_XSHG_onshore_etf
2019-09-04,139.51498751897236,511260_XSHG_onshore_etf
2019-09-05,139.61827361665345,511260_XSHG_onshore_etf
2019-09-06,139.9397515956859,511260_XSHG_onshore_etf
2019-09-09,139.72155971433455,511260_XSHG_onshore_etf
2019-09-10,139.59245209223317,511260_XSHG_onshore_etf
2019-09-11,139.60407177822228,511260_XSHG_onshore_etf
2019-09-12,139.43494079326948,511260_XSHG_onshore_etf
2019-09-16,139.24515258878046,511260_XSHG_onshore_etf
2019-09-17,139.33165469558838,511260_XSHG_onshore_etf
2019-09-18,139.2309507503493,511260_XSHG_onshore_etf
2019-09-19,139.1767255490667,511260_XSHG_onshore_etf
2019-09-20,139.1948006161609,511260_XSHG_onshore_etf
2019-09-23,139.2102935308131,511260_XSHG_onshore_etf
2019-09-24,139.1767255490667,511260_XSHG_onshore_etf
2019-09-25,139.1651058630776,511260_XSHG_onshore_etf
2019-09-26,138.829426045614,511260_XSHG_onshore_etf
2019-09-27,138.69257196618653,511260_XSHG_onshore_etf
2019-09-30,138.70031842351264,511260_XSHG_onshore_etf
2019-10-08,138.84104573160315,511260_XSHG_onshore_etf
2019-10-09,139.05020007940738,511260_XSHG_onshore_etf
2019-10-10,139.07473052760665,511260_XSHG_onshore_etf
2019-10-11,138.91721922864295,511260_XSHG_onshore_etf
2019-10-14,138.83588142671908,511260_XSHG_onshore_etf
2019-10-15,138.82167958828794,511260_XSHG_onshore_etf
2019-10-16,138.77907407299446,511260_XSHG_onshore_etf
2019-10-17,138.80360452119373,511260_XSHG_onshore_etf
2019-10-18,138.68611658508146,511260_XSHG_onshore_etf
2019-10-21,138.46792470373015,511260_XSHG_onshore_etf
2019-10-22,138.30008479499836,511260_XSHG_onshore_etf
2019-10-23,138.32719739563964,511260_XSHG_onshore_etf
2019-10-24,138.37238506337513,511260_XSHG_onshore_etf
2019-10-25,138.3026669474404,511260_XSHG_onshore_etf
2019-10-28,138.04316062701662,511260_XSHG_onshore_etf
2019-10-29,137.69198789490085,511260_XSHG_onshore_etf
2019-10-30,137.4996175379698,511260_XSHG_onshore_etf
2019-10-31,137.6945700473429,511260_XSHG_onshore_etf
2019-11-01,137.81076690723413,511260_XSHG_onshore_etf
2019-11-04,137.7242648004262,511260_XSHG_onshore_etf
2019-11-05,137.88694040427393,511260_XSHG_onshore_etf
2019-11-06,138.01733910259634,511260_XSHG_onshore_etf
2019-11-07,137.99022650195505,511260_XSHG_onshore_etf
2019-11-08,137.77719892548777,511260_XSHG_onshore_etf
2019-11-11,137.99151757817606,511260_XSHG_onshore_etf
2019-11-12,138.07801968498399,511260_XSHG_onshore_etf
2019-11-13,138.26909896569404,511260_XSHG_onshore_etf
2019-11-14,138.41886380733163,511260_XSHG_onshore_etf
2019-11-15,138.45630501774102,511260_XSHG_onshore_etf
2019-11-18,138.7158113381648,511260_XSHG_onshore_etf
2019-11-19,138.84362788404516,511260_XSHG_onshore_etf
2019-11-20,138.92754783841107,511260_XSHG_onshore_etf
2019-11-21,138.91980138108497,511260_XSHG_onshore_etf
2019-11-22,138.8746137133495,511260_XSHG_onshore_etf
2019-11-25,138.72226671926987,511260_XSHG_onshore_etf
2019-11-26,138.77907407299446,511260_XSHG_onshore_etf
2019-11-27,138.87977801823357,511260_XSHG_onshore_etf
2019-11-28,138.921092457306,511260_XSHG_onshore_etf
2019-11-29,138.91980138108497,511260_XSHG_onshore_etf
2019-12-02,139.03728931719724,511260_XSHG_onshore_etf
2019-12-03,139.012758868998,511260_XSHG_onshore_etf
2019-12-04,139.20771137837104,511260_XSHG_onshore_etf
2019-12-05,139.2761384180848,511260_XSHG_onshore_etf
2019-12-06,139.23611505523337,511260_XSHG_onshore_etf
2019-12-09,139.22836859790726,511260_XSHG_onshore_etf
2019-12-10,139.07473052760665,511260_XSHG_onshore_etf
2019-12-11,139.11088066179502,511260_XSHG_onshore_etf
2019-12-12,139.17156124418267,511260_XSHG_onshore_etf
2019-12-13,139.07860375626967,511260_XSHG_onshore_etf
2019-12-16,139.04245362208127,511260_XSHG_onshore_etf
2019-12-17,138.7906937589836,511260_XSHG_onshore_etf
2019-12-18,138.7906937589836,511260_XSHG_onshore_etf
2019-12-19,138.829426045614,511260_XSHG_onshore_etf
2019-12-20,139.05536438429144,511260_XSHG_onshore_etf
2019-12-23,139.60407177822228,511260_XSHG_onshore_etf
2019-12-24,139.7073578759034,511260_XSHG_onshore_etf
2019-12-25,139.83646549800477,511260_XSHG_onshore_etf
2019-12-26,140.0159250927257,511260_XSHG_onshore_etf
2019-12-27,140.01850724516774,511260_XSHG_onshore_etf
2019-12-30,140.00946971162062,511260_XSHG_onshore_etf
2019-12-31,140.04303769336698,511260_XSHG_onshore_etf
2020-01-02,139.88939962306634,511260_XSHG_onshore_etf
2020-01-03,139.89972823283443,511260_XSHG_onshore_etf
2020-01-06,140.0817699799974,511260_XSHG_onshore_etf
2020-01-07,139.99655894941048,511260_XSHG_onshore_etf
2020-01-08,140.00172325429452,511260_XSHG_onshore_etf
2020-01-09,140.02883585493583,511260_XSHG_onshore_etf
2020-01-10,140.56463248665656,511260_XSHG_onshore_etf
2020-01-13,140.50911620915298,511260_XSHG_onshore_etf
2020-01-14,140.39291934926172,511260_XSHG_onshore_etf
2020-01-15,140.43939809321822,511260_XSHG_onshore_etf
2020-01-16,140.40453903525085,511260_XSHG_onshore_etf
2020-01-17,140.514280514037,511260_XSHG_onshore_etf
2020-01-20,140.65888105079057,511260_XSHG_onshore_etf
2020-01-21,140.98552333470707,511260_XSHG_onshore_etf
2020-01-22,141.15336324343886,511260_XSHG_onshore_etf
2020-01-23,141.58329162503645,511260_XSHG_onshore_etf
2020-02-03,143.225540578166,511260_XSHG_onshore_etf
2020-02-04,143.10934371827477,511260_XSHG_onshore_etf
2020-02-05,143.14549385246315,511260_XSHG_onshore_etf
2020-02-06,143.14807600490516,511260_XSHG_onshore_etf
2020-02-07,143.3481928191623,511260_XSHG_onshore_etf
2020-02-10,143.59607945359699,511260_XSHG_onshore_etf
2020-02-11,143.7019477037201,511260_XSHG_onshore_etf
2020-02-12,143.69807447505707,511260_XSHG_onshore_etf
2020-02-13,143.5534739383035,511260_XSHG_onshore_etf
2020-02-14,143.53798102365135,511260_XSHG_onshore_etf
2020-02-17,143.30429622764785,511260_XSHG_onshore_etf
2020-02-18,143.02542376390886,511260_XSHG_onshore_etf
2020-02-19,142.9918557821625,511260_XSHG_onshore_etf
2020-02-20,142.79303004412637,511260_XSHG_onshore_etf
2020-02-21,143.0654471267603,511260_XSHG_onshore_etf
2020-02-24,143.3636857338145,511260_XSHG_onshore_etf
2020-02-25,143.3740143435826,511260_XSHG_onshore_etf
2020-02-26,143.49150227969486,511260_XSHG_onshore_etf
2020-02-27,143.7600461336657,511260_XSHG_onshore_etf
2020-02-28,144.21321388724158,511260_XSHG_onshore_etf
2020-03-02,144.2261246494517,511260_XSHG_onshore_etf
2020-03-03,144.2145049634626,511260_XSHG_onshore_etf
2020-03-04,144.47272020766536,511260_XSHG_onshore_etf
2020-03-05,144.75546590006738,511260_XSHG_onshore_etf
2020-03-06,145.30417329399822,511260_XSHG_onshore_etf
2020-03-09,147.11555323208057,511260_XSHG_onshore_etf
2020-03-10,145.98715261491452,511260_XSHG_onshore_etf
2020-03-11,146.00264552956668,511260_XSHG_onshore_etf
2020-03-12,146.25569646888542,511260_XSHG_onshore_etf
2020-03-13,145.0885635650889,511260_XSHG_onshore_etf
2020-03-16,145.10276540352007,511260_XSHG_onshore_etf
2020-03-17,144.56567769557833,511260_XSHG_onshore_etf
2020-03-18,144.6457244212812,511260_XSHG_onshore_etf
2020-03-19,144.25194617387197,511260_XSHG_onshore_etf
2020-03-20,144.21321388724158,511260_XSHG_onshore_etf
2020-03-23,144.9749488576397,511260_XSHG_onshore_etf
2020-03-24,145.21508903474827,511260_XSHG_onshore_etf
2020-03-25,145.2267087207374,511260_XSHG_onshore_etf
2020-03-26,145.4410273734257,511260_XSHG_onshore_etf
2020-03-27,145.47459535517206,511260_XSHG_onshore_etf
2020-03-30,145.51074548936043,511260_XSHG_onshore_etf
2020-03-31,145.65276387367194,511260_XSHG_onshore_etf
2020-04-01,145.8528806879291,511260_XSHG_onshore_etf
2020-04-02,145.80511086775158,511260_XSHG_onshore_etf
2020-04-03,145.8064019439726,511260_XSHG_onshore_etf
2020-04-07,146.40029700563892,511260_XSHG_onshore_etf
2020-04-08,146.6791694693779,511260_XSHG_onshore_etf
2020-04-09,146.5281135515193,511260_XSHG_onshore_etf
2020-04-10,146.38351301476575,511260_XSHG_onshore_etf
2020-04-13,146.49454556977295,511260_XSHG_onshore_etf
2020-04-14,146.44548467337444,511260_XSHG_onshore_etf
2020-04-15,146.6301085729794,511260_XSHG_onshore_etf
2020-04-16,147.0238868203886,511260_XSHG_onshore_etf
2020-04-17,146.89607027450822,511260_XSHG_onshore_etf
2020-04-20,146.44806682581645,511260_XSHG_onshore_etf
2020-04-21,146.44677574959545,511260_XSHG_onshore_etf
2020-04-22,146.81344139636334,511260_XSHG_onshore_etf
2020-04-23,147.5183690130369,511260_XSHG_onshore_etf
2020-04-24,147.86954174515267,511260_XSHG_onshore_etf
2020-04-27,147.83339161096424,511260_XSHG_onshore_etf
2020-04-28,148.00123151969606,511260_XSHG_onshore_etf
2020-04-29,148.14970528511265,511260_XSHG_onshore_etf
2020-04-30,147.82951838230122,511260_XSHG_onshore_etf
2020-05-06,147.5558102234463,511260_XSHG_onshore_etf
2020-05-07,146.8663755214249,511260_XSHG_onshore_etf
2020-05-08,146.50100095087802,511260_XSHG_onshore_etf
2020-05-11,145.79090902932043,511260_XSHG_onshore_etf
2020-05-12,146.19501588649774,511260_XSHG_onshore_etf
2020-05-13,145.86450037391822,511260_XSHG_onshore_etf
2020-05-14,145.7986554866465,511260_XSHG_onshore_etf
2020-05-15,146.06203503573335,511260_XSHG_onshore_etf
2020-05-18,145.4229523063315,511260_XSHG_onshore_etf
2020-05-19,145.61274051082052,511260_XSHG_onshore_etf
2020-05-20,145.87741113612833,511260_XSHG_onshore_etf
2020-05-21,145.94196494717906,511260_XSHG_onshore_etf
2020-05-22,146.61977996321127,511260_XSHG_onshore_etf
2020-05-25,146.1537014474253,511260_XSHG_onshore_etf
2020-05-26,145.61532266326256,511260_XSHG_onshore_etf
2020-05-27,145.61274051082052,511260_XSHG_onshore_etf
2020-05-28,146.03234028265,511260_XSHG_onshore_etf
2020-05-29,145.5468956235488,511260_XSHG_onshore_etf
2020-06-01,145.11825831817222,511260_XSHG_onshore_etf
2020-06-02,144.68187455546956,511260_XSHG_onshore_etf
2020-06-03,144.43527899725595,511260_XSHG_onshore_etf
2020-06-04,143.9537075668178,511260_XSHG_onshore_etf
2020-06-05,143.82976424960046,511260_XSHG_onshore_etf
2020-06-08,144.31779106114368,511260_XSHG_onshore_etf
2020-06-09,144.2919695367234,511260_XSHG_onshore_etf
2020-06-10,144.25323725009298,511260_XSHG_onshore_etf
2020-06-11,144.88844675083178,511260_XSHG_onshore_etf
2020-06-12,145.01109899182808,511260_XSHG_onshore_etf
2020-06-15,145.39971293435326,511260_XSHG_onshore_etf
2020-06-16,144.32553751846976,511260_XSHG_onshore_etf
2020-06-17,144.20546742991547,511260_XSHG_onshore_etf
2020-06-18,143.971782633912,511260_XSHG_onshore_etf
2020-06-19,144.00664169187937,511260_XSHG_onshore_etf
2020-06-22,144.03246321629965,511260_XSHG_onshore_etf
2020-06-23,143.32237129474206,511260_XSHG_onshore_etf
2020-06-24,143.9808201674591,511260_XSHG_onshore_etf
2020-06-29,144.04020967362572,511260_XSHG_onshore_etf
2020-06-30,143.9072288228613,511260_XSHG_onshore_etf
2020-07-01,144.04020967362572,511260_XSHG_onshore_etf
2020-07-02,144.23387110677777,511260_XSHG_onshore_etf
2020-07-03,144.08410626514018,511260_XSHG_onshore_etf
2020-07-06,142.77366390081116,511260_XSHG_onshore_etf
2020-07-07,142.1681491531557,511260_XSHG_onshore_etf
2020-07-08,141.70336171359074,511260_XSHG_onshore_etf
2020-07-09,141.4593483078191,511260_XSHG_onshore_etf
2020-07-10,141.81052103993488,511260_XSHG_onshore_etf
2020-07-13,141.56779871038427,511260_XSHG_onshore_etf
2020-07-14,142.13199901896732,511260_XSHG_onshore_etf
2020-07-15,142.64197412626777,511260_XSHG_onshore_etf
2020-07-16,142.97894501995236,511260_XSHG_onshore_etf
2020-07-17,142.59291322986923,511260_XSHG_onshore_etf
2020-07-20,142.4496037693367,511260_XSHG_onshore_etf
2020-07-21,142.52577726637654,511260_XSHG_onshore_etf
2020-07-22,143.40887340154995,511260_XSHG_onshore_etf
2020-07-23,143.57800438650278,511260_XSHG_onshore_etf
2020-07-24,143.81685348739032,511260_XSHG_onshore_etf
2020-07-27,143.88398945088304,511260_XSHG_onshore_etf
2020-07-28,143.504413041905,511260_XSHG_onshore_etf
2020-07-29,143.28751223677466,511260_XSHG_onshore_etf
2020-07-30,143.00347546815163,511260_XSHG_onshore_etf
2020-07-31,142.4844628273041,511260_XSHG_onshore_etf
2020-08-03,142.5890400012062,511260_XSHG_onshore_etf
2020-08-04,142.6161526018475,511260_XSHG_onshore_etf
2020-08-05,142.80077650145245,511260_XSHG_onshore_etf
2020-08-06,142.852419550293,511260_XSHG_onshore_etf
2020-08-07,142.67683318423514,511260_XSHG_onshore_etf
2020-08-10,142.81368726366262,511260_XSHG_onshore_etf
2020-08-11,142.64842950737284,511260_XSHG_onshore_etf
2020-08-12,142.42378224491642,511260_XSHG_onshore_etf
2020-08-13,142.78915681546334,511260_XSHG_onshore_etf
2020-08-14,142.83950878808287,511260_XSHG_onshore_etf
2020-08-17,142.95570564797413,511260_XSHG_onshore_etf
2020-08-18,142.99702008704656,511260_XSHG_onshore_etf
2020-08-19,142.76591744348508,511260_XSHG_onshore_etf
2020-08-20,142.43411085468455,511260_XSHG_onshore_etf
2020-08-21,142.48188067486205,511260_XSHG_onshore_etf
2020-08-24,142.4586413028838,511260_XSHG_onshore_etf
2020-08-25,142.06098982681155,511260_XSHG_onshore_etf
2020-08-26,141.87507485098556,511260_XSHG_onshore_etf
2020-08-27,141.9615769577935,511260_XSHG_onshore_etf
2020-08-28,141.5600522530582,511260_XSHG_onshore_etf
2020-08-31,141.6620472745183,511260_XSHG_onshore_etf
2020-09-01,142.16944022937673,511260_XSHG_onshore_etf
2020-09-02,141.9693234151196,511260_XSHG_onshore_etf
2020-09-03,142.36181058630777,511260_XSHG_onshore_etf
2020-09-04,142.39408749183312,511260_XSHG_onshore_etf
2020-09-07,142.08035597012676,511260_XSHG_onshore_etf
2020-09-08,142.5309415712606,511260_XSHG_onshore_etf
2020-09-09,142.90018937047054,511260_XSHG_onshore_etf
2020-09-10,142.98152717239438,511260_XSHG_onshore_etf
2020-09-11,142.25465125996362,511260_XSHG_onshore_etf
2020-09-14,141.7562958386523,511260_XSHG_onshore_etf
2020-09-15,142.29209247037303,511260_XSHG_onshore_etf
2020-09-16,142.34115336677155,511260_XSHG_onshore_etf
2020-09-17,142.27014417461578,511260_XSHG_onshore_etf
2020-09-18,142.29725677525707,511260_XSHG_onshore_etf
2020-09-21,142.945377038206,511260_XSHG_onshore_etf
2020-09-22,143.1777707579885,511260_XSHG_onshore_etf
2020-09-23,142.86145708384012,511260_XSHG_onshore_etf
2020-09-24,142.79948542523147,511260_XSHG_onshore_etf
2020-09-25,142.60324183963735,511260_XSHG_onshore_etf
2020-09-28,142.7852835868003,511260_XSHG_onshore_etf
2020-09-29,142.53868802858668,511260_XSHG_onshore_etf
2020-09-30,142.2611066410687,511260_XSHG_onshore_etf
2020-10-09,142.07002736035867,511260_XSHG_onshore_etf
2020-10-12,141.68270449405452,511260_XSHG_onshore_etf
2020-10-13,141.74338507644217,511260_XSHG_onshore_etf
2020-10-14,141.61427745434077,511260_XSHG_onshore_etf
2020-10-15,141.5058270517756,511260_XSHG_onshore_etf
2020-10-16,141.79115489661967,511260_XSHG_onshore_etf
2020-10-19,142.09843103722096,511260_XSHG_onshore_etf
2020-10-20,141.83505148813416,511260_XSHG_onshore_etf
2020-10-21,141.87249269854354,511260_XSHG_onshore_etf
2020-10-22,142.03904153105432,511260_XSHG_onshore_etf
2020-10-23,141.9615769577935,511260_XSHG_onshore_etf
2020-10-26,141.77695305818852,511260_XSHG_onshore_etf
2020-10-27,142.11650610431514,511260_XSHG_onshore_etf
2020-10-28,142.0945578085579,511260_XSHG_onshore_etf
2020-10-29,142.17460453426077,511260_XSHG_onshore_etf
2020-10-30,142.15265623850354,511260_XSHG_onshore_etf
2020-11-02,142.4470216168947,511260_XSHG_onshore_etf
2020-11-03,142.38763211072805,511260_XSHG_onshore_etf
2020-11-04,142.38504995828603,511260_XSHG_onshore_etf
2020-11-05,142.36697489119183,511260_XSHG_onshore_etf
2020-11-06,142.35277305276068,511260_XSHG_onshore_etf
2020-11-09,142.08293812256878,511260_XSHG_onshore_etf
2020-11-10,142.03645937861228,511260_XSHG_onshore_etf
2020-11-11,141.97965202488768,511260_XSHG_onshore_etf
2020-11-12,142.04162368349634,511260_XSHG_onshore_etf
2020-11-13,141.62073283544584,511260_XSHG_onshore_etf
2020-11-16,141.76016906731533,511260_XSHG_onshore_etf
2020-11-17,141.79761027772474,511260_XSHG_onshore_etf
2020-11-18,141.53035749997488,511260_XSHG_onshore_etf
2020-11-19,141.3831748107793,511260_XSHG_onshore_etf
2020-11-20,141.30571023751847,511260_XSHG_onshore_etf
2020-11-23,141.48000552735533,511260_XSHG_onshore_etf
2020-11-24,141.42578032607275,511260_XSHG_onshore_etf
2020-11-25,141.46967691758724,511260_XSHG_onshore_etf
2020-11-26,141.4554750791561,511260_XSHG_onshore_etf
2020-11-27,141.4115784876416,511260_XSHG_onshore_etf
2020-11-30,141.60782207323572,511260_XSHG_onshore_etf
2020-12-01,141.51486458532273,511260_XSHG_onshore_etf
2020-12-02,141.4386910882829,511260_XSHG_onshore_etf
2020-12-03,141.4089963351996,511260_XSHG_onshore_etf
2020-12-04,141.88927668941673,511260_XSHG_onshore_etf
2020-12-07,141.69690633248567,511260_XSHG_onshore_etf
2020-12-08,142.13329009518833,511260_XSHG_onshore_etf
2020-12-09,141.9990181682029,511260_XSHG_onshore_etf
2020-12-10,141.9615769577935,511260_XSHG_onshore_etf
2020-12-11,141.74080292400012,511260_XSHG_onshore_etf
2020-12-14,141.54068610974298,511260_XSHG_onshore_etf
2020-12-15,141.5794183963734,511260_XSHG_onshore_etf
2020-12-16,141.5858737774785,511260_XSHG_onshore_etf
2020-12-17,141.46838584136623,511260_XSHG_onshore_etf
2020-12-18,141.46967691758724,511260_XSHG_onshore_etf
2020-12-21,141.44901969805102,511260_XSHG_onshore_etf
2020-12-22,141.71627247580088,511260_XSHG_onshore_etf
2020-12-23,141.80148350638777,511260_XSHG_onshore_etf
2020-12-24,141.8131031923769,511260_XSHG_onshore_etf
2020-12-25,141.98739848221376,511260_XSHG_onshore_etf
2020-12-28,142.0183843115181,511260_XSHG_onshore_etf
2020-12-29,142.2623977172897,511260_XSHG_onshore_etf
2020-12-30,142.33986229055054,511260_XSHG_onshore_etf
2020-12-31,142.15394731472455,511260_XSHG_onshore_etf
2021-01-04,142.06744520791662,511260_XSHG_onshore_etf
2021-01-05,142.289510317931,511260_XSHG_onshore_etf
2021-01-06,142.58645784876418,511260_XSHG_onshore_etf
2021-01-07,142.56838278166998,511260_XSHG_onshore_etf
2021-01-08,142.59420430609026,511260_XSHG_onshore_etf
2021-01-11,142.54901663835477,511260_XSHG_onshore_etf
2021-01-12,142.62519013539458,511260_XSHG_onshore_etf
2021-01-13,142.945377038206,511260_XSHG_onshore_etf
2021-01-14,143.14032954757909,511260_XSHG_onshore_etf
2021-01-15,143.35077497160435,511260_XSHG_onshore_etf
2021-01-18,143.02155053524584,511260_XSHG_onshore_etf
2021-01-19,142.88469645581836,511260_XSHG_onshore_etf
2021-01-20,143.1622778433363,511260_XSHG_onshore_etf
2021-01-21,143.17002430066242,511260_XSHG_onshore_etf
2021-01-22,143.46180752661152,511260_XSHG_onshore_etf
2021-01-25,143.39725371556085,511260_XSHG_onshore_etf
2021-01-26,142.81885156854668,511260_XSHG_onshore_etf
2021-01-27,142.70652793731847,511260_XSHG_onshore_etf
2021-01-28,142.65875811714093,511260_XSHG_onshore_etf
2021-01-29,142.382467805844,511260_XSHG_onshore_etf
2021-02-01,142.81239618744158,511260_XSHG_onshore_etf
2021-02-02,142.9996022394886,511260_XSHG_onshore_etf
2021-02-03,142.88598753203937,511260_XSHG_onshore_etf
2021-02-04,142.87436784605023,511260_XSHG_onshore_etf
2021-02-05,142.46896991265191,511260_XSHG_onshore_etf
2021-02-08,142.18105991536584,511260_XSHG_onshore_etf
2021-02-09,142.28692816548897,511260_XSHG_onshore_etf
2021-02-10,142.62519013539458,511260_XSHG_onshore_etf
2021-02-18,142.49995574195626,511260_XSHG_onshore_etf
2021-02-19,142.6174436780685,511260_XSHG_onshore_etf
2021-02-22,142.48317175108306,511260_XSHG_onshore_etf
2021-02-23,142.70265470865542,511260_XSHG_onshore_etf
2021-02-24,142.75429775749595,511260_XSHG_onshore_etf
2021-02-25,142.72331192819163,511260_XSHG_onshore_etf
2021-02-26,142.59291322986923,511260_XSHG_onshore_etf
2021-03-01,142.37988565340197,511260_XSHG_onshore_etf
2021-03-02,142.81239618744158,511260_XSHG_onshore_etf
2021-03-03,142.63164551649965,511260_XSHG_onshore_etf
2021-03-04,142.6200258305105,511260_XSHG_onshore_etf
2021-03-05,142.79173896790536,511260_XSHG_onshore_etf
2021-03-08,142.95828780041614,511260_XSHG_onshore_etf
2021-03-09,143.0008933157096,511260_XSHG_onshore_etf
2021-03-10,143.131292014032,511260_XSHG_onshore_etf
2021-03-11,142.9621610290792,511260_XSHG_onshore_etf
2021-03-12,142.91826443756472,511260_XSHG_onshore_etf
2021-03-15,142.82014264476766,511260_XSHG_onshore_etf
2021-03-16,142.73364053795976,511260_XSHG_onshore_etf
2021-03-17,142.6729599555721,511260_XSHG_onshore_etf
2021-03-18,142.44443946445264,511260_XSHG_onshore_etf
2021-03-19,142.60195076341634,511260_XSHG_onshore_etf
2021-03-22,142.72072977574962,511260_XSHG_onshore_etf
2021-03-23,142.75946206238,511260_XSHG_onshore_etf
2021-03-24,142.9247198186698,511260_XSHG_onshore_etf
2021-03-25,142.98281824861542,511260_XSHG_onshore_etf
2021-03-26,142.87307676982925,511260_XSHG_onshore_etf
2021-03-29,142.84725524540895,511260_XSHG_onshore_etf
2021-03-30,142.95957887663715,511260_XSHG_onshore_etf
2021-03-31,143.224249501945,511260_XSHG_onshore_etf
2021-04-01,143.07061143164435,511260_XSHG_onshore_etf
2021-04-02,143.07835788897043,511260_XSHG_onshore_etf
2021-04-06,143.04220775478205,511260_XSHG_onshore_etf
2021-04-07,143.08739542251755,511260_XSHG_onshore_etf
2021-04-08,142.9531234955321,511260_XSHG_onshore_etf
2021-04-09,143.04866313588713,511260_XSHG_onshore_etf
2021-04-12,143.3365731331732,511260_XSHG_onshore_etf
2021-04-13,143.69678339883603,511260_XSHG_onshore_etf
2021-04-14,143.787158734307,511260_XSHG_onshore_etf
2021-04-15,143.58704192004987,511260_XSHG_onshore_etf
2021-04-16,144.0492472071728,511260_XSHG_onshore_etf
2021-04-19,143.97436478635402,511260_XSHG_onshore_etf
2021-04-20,144.08281518891917,511260_XSHG_onshore_etf
2021-04-21,144.09056164624525,511260_XSHG_onshore_etf
2021-04-22,144.00405953943732,511260_XSHG_onshore_etf
2021-04-23,144.3745984148683,511260_XSHG_onshore_etf
2021-04-26,144.21063173479953,511260_XSHG_onshore_etf
2021-04-27,144.08023303647713,511260_XSHG_onshore_etf
2021-04-28,143.7019477037201,511260_XSHG_onshore_etf
2021-04-29,143.8891537557671,511260_XSHG_onshore_etf
2021-04-30,144.16157083840102,511260_XSHG_onshore_etf
2021-05-06,144.13316716153872,511260_XSHG_onshore_etf
2021-05-07,144.1047634846764,511260_XSHG_onshore_etf
2021-05-10,144.1073456371184,511260_XSHG_onshore_etf
2021-05-11,144.39654671062553,511260_XSHG_onshore_etf
2021-05-12,144.37072518620525,511260_XSHG_onshore_etf
2021-05-13,144.2726033934082,511260_XSHG_onshore_etf
2021-05-14,144.34361258556396,511260_XSHG_onshore_etf
2021-05-17,144.30617137515458,511260_XSHG_onshore_etf
2021-05-18,144.24161756410385,511260_XSHG_onshore_etf
2021-05-19,144.55922231447326,511260_XSHG_onshore_etf
2021-05-20,144.8342215495492,511260_XSHG_onshore_etf
2021-05-21,145.24607486405262,511260_XSHG_onshore_etf
2021-05-24,145.375182486154,511260_XSHG_onshore_etf
2021-05-25,145.29900898911416,511260_XSHG_onshore_etf
2021-05-26,145.52365625157057,511260_XSHG_onshore_etf
2021-05-27,145.2086336536432,511260_XSHG_onshore_etf
2021-05-28,145.21896226341133,511260_XSHG_onshore_etf
2021-05-31,145.10663863218312,511260_XSHG_onshore_etf
2021-06-01,145.24607486405262,511260_XSHG_onshore_etf
2021-06-02,145.45006490697278,511260_XSHG_onshore_etf
2021-06-03,145.562388538201,511260_XSHG_onshore_etf
2021-06-04,145.31321082754533,511260_XSHG_onshore_etf
2021-06-07,145.08339926020486,511260_XSHG_onshore_etf
2021-06-08,145.07307065043676,511260_XSHG_onshore_etf
2021-06-09,145.0885635650889,511260_XSHG_onshore_etf
2021-06-10,145.09372786997298,511260_XSHG_onshore_etf
2021-06-11,144.9555827143245,511260_XSHG_onshore_etf
2021-06-15,144.7128603847739,511260_XSHG_onshore_etf
2021-06-16,144.88070029350573,511260_XSHG_onshore_etf
2021-06-17,144.6754191743645,511260_XSHG_onshore_etf
2021-06-18,144.90006643682094,511260_XSHG_onshore_etf
2021-06-21,145.06274204066864,511260_XSHG_onshore_etf
2021-06-22,144.98656854362883,511260_XSHG_onshore_etf
2021-06-23,144.95300056188248,511260_XSHG_onshore_etf
2021-06-24,145.02400975403822,511260_XSHG_onshore_etf
2021-06-25,145.17248351945483,511260_XSHG_onshore_etf
2021-06-28,145.11954939439326,511260_XSHG_onshore_etf
2021-06-29,145.30675544644026,511260_XSHG_onshore_etf
2021-06-30,145.53011163267564,511260_XSHG_onshore_etf
2021-07-01,145.6475995687879,511260_XSHG_onshore_etf
2021-07-02,145.71860876094365,511260_XSHG_onshore_etf
2021-07-05,145.71215337983858,511260_XSHG_onshore_etf
2021-07-06,145.76250535245813,511260_XSHG_onshore_etf
2021-07-07,145.93034526118993,511260_XSHG_onshore_etf
2021-07-08,146.40804346296503,511260_XSHG_onshore_etf
2021-07-09,146.67400516449385,511260_XSHG_onshore_etf
2021-07-12,146.71790175600833,511260_XSHG_onshore_etf
2021-07-13,147.35311125674713,511260_XSHG_onshore_etf
2021-07-14,147.60874434850786,511260_XSHG_onshore_etf
2021-07-15,147.03550650637771,511260_XSHG_onshore_etf
2021-07-16,147.10522462231248,511260_XSHG_onshore_etf
2021-07-19,147.04712619236685,511260_XSHG_onshore_etf
2021-07-20,147.3130878938957,511260_XSHG_onshore_etf
2021-07-21,147.4150829153558,511260_XSHG_onshore_etf
2021-07-22,147.3763506287254,511260_XSHG_onshore_etf
2021-07-23,147.44477766843912,511260_XSHG_onshore_etf
2021-07-26,147.64876771135928,511260_XSHG_onshore_etf
2021-07-27,147.72106797973606,511260_XSHG_onshore_etf
2021-07-28,147.77787533346066,511260_XSHG_onshore_etf
2021-07-29,147.65264094002234,511260_XSHG_onshore_etf
2021-07-30,147.91085618422508,511260_XSHG_onshore_etf
2021-08-02,148.28139505965606,511260_XSHG_onshore_etf
2021-08-03,148.62223918200368,511260_XSHG_onshore_etf
2021-08-04,148.3988829957683,511260_XSHG_onshore_etf
2021-08-05,148.46989218792407,511260_XSHG_onshore_etf
2021-08-06,148.4905494074603,511260_XSHG_onshore_etf
2021-08-09,148.03996380632648,511260_XSHG_onshore_etf
2021-08-10,147.89278111713088,511260_XSHG_onshore_etf
2021-08-11,147.4628527355333,511260_XSHG_onshore_etf
2021-08-12,147.68491784554766,511260_XSHG_onshore_etf
2021-08-13,147.808861162765,511260_XSHG_onshore_etf
2021-08-16,147.80111470543892,511260_XSHG_onshore_etf
2021-08-17,147.86695959271063,511260_XSHG_onshore_etf
2021-08-18,148.19489295284814,511260_XSHG_onshore_etf
2021-08-19,148.2581556876778,511260_XSHG_onshore_etf
2021-08-20,148.22200555348942,511260_XSHG_onshore_etf
2021-08-23,148.15874281865973,511260_XSHG_onshore_etf
2021-08-24,148.3214184225075,511260_XSHG_onshore_etf
2021-08-25,148.33820241338066,511260_XSHG_onshore_etf
2021-08-26,147.83339161096427,511260_XSHG_onshore_etf
2021-08-27,147.96508138550766,511260_XSHG_onshore_etf
2021-08-30,147.996067214812,511260_XSHG_onshore_etf
2021-08-31,148.10968192226122,511260_XSHG_onshore_etf
2021-09-01,148.47892972147116,511260_XSHG_onshore_etf
2021-09-02,148.40921160553643,511260_XSHG_onshore_etf
2021-09-03,148.4737654165871,511260_XSHG_onshore_etf
2021-09-06,148.42470452018858,511260_XSHG_onshore_etf
2021-09-07,148.34465779448573,511260_XSHG_onshore_etf
2021-09-08,148.2026394101742,511260_XSHG_onshore_etf
2021-09-09,148.14712313267063,511260_XSHG_onshore_etf
2021-09-10,148.14195882778657,511260_XSHG_onshore_etf
2021-09-13,147.9470063184135,511260_XSHG_onshore_etf
2021-09-14,147.7985325529969,511260_XSHG_onshore_etf
2021-09-15,147.63714802537018,511260_XSHG_onshore_etf
2021-09-16,147.810152238986,511260_XSHG_onshore_etf
2021-09-17,148.00768690080113,511260_XSHG_onshore_etf
2021-09-22,148.13292129423948,511260_XSHG_onshore_etf
2021-09-23,148.1355034466815,511260_XSHG_onshore_etf
2021-09-24,148.10322654115615,511260_XSHG_onshore_etf
2021-09-27,148.19101972418508,511260_XSHG_onshore_etf
2021-09-28,148.10451761737716,511260_XSHG_onshore_etf
2021-09-29,148.3808079286741,511260_XSHG_onshore_etf
2021-09-30,148.38339008111615,511260_XSHG_onshore_etf
2021-10-08,148.089024702725,511260_XSHG_onshore_etf
2021-10-11,147.98315645260186,511260_XSHG_onshore_etf
2021-10-12,147.69266430287377,511260_XSHG_onshore_etf
2021-10-13,147.66038739734842,511260_XSHG_onshore_etf
2021-10-14,147.74043412305127,511260_XSHG_onshore_etf
2021-10-15,147.72106797973606,511260_XSHG_onshore_etf
2021-10-18,147.19430888156242,511260_XSHG_onshore_etf
2021-10-19,147.10651569853349,511260_XSHG_onshore_etf
2021-10-20,147.2394965492979,511260_XSHG_onshore_etf
2021-10-21,147.4060453818087,511260_XSHG_onshore_etf
2021-10-22,147.4705991928594,511260_XSHG_onshore_etf
2021-10-25,147.4551062782072,511260_XSHG_onshore_etf
2021-10-26,147.59066928141368,511260_XSHG_onshore_etf
2021-10-27,147.66167847356942,511260_XSHG_onshore_etf
2021-10-28,147.69008215043172,511260_XSHG_onshore_etf
2021-10-29,147.8579220591635,511260_XSHG_onshore_etf
2021-11-01,148.05029241609458,511260_XSHG_onshore_etf
2021-11-02,148.36273286157993,511260_XSHG_onshore_etf
2021-11-03,148.60932841979357,511260_XSHG_onshore_etf
2021-11-04,148.5189530843226,511260_XSHG_onshore_etf
2021-11-05,148.6144927246776,511260_XSHG_onshore_etf
2021-11-08,148.72036097480074,511260_XSHG_onshore_etf
2021-11-09,148.62094810578267,511260_XSHG_onshore_etf
2021-11-10,148.46989218792407,511260_XSHG_onshore_etf
2021-11-11,148.20780371505825,511260_XSHG_onshore_etf
2021-11-12,148.3046344316343,511260_XSHG_onshore_etf
2021-11-15,148.54219245630082,511260_XSHG_onshore_etf
2021-11-16,148.72036097480074,511260_XSHG_onshore_etf
2021-11-17,148.55897644717402,511260_XSHG_onshore_etf
2021-11-18,148.8481775206811,511260_XSHG_onshore_etf
2021-11-19,148.6596803924131,511260_XSHG_onshore_etf
2021-11-22,148.7539289565471,511260_XSHG_onshore_etf
2021-11-23,148.76296649009421,511260_XSHG_onshore_etf
2021-11-24,148.8004077005036,511260_XSHG_onshore_etf
2021-11-25,148.89982056952167,511260_XSHG_onshore_etf
2021-11-26,149.2600308351845,511260_XSHG_onshore_etf
2021-11-29,149.18773056680774,511260_XSHG_onshore_etf
2021-11-30,149.01343527697088,511260_XSHG_onshore_etf
2021-12-01,148.88690980731153,511260_XSHG_onshore_etf
2021-12-02,149.04183895383318,511260_XSHG_onshore_etf
2021-12-03,148.98244944766654,511260_XSHG_onshore_etf
2021-12-06,149.17740195703962,511260_XSHG_onshore_etf
2021-12-07,149.03151034406508,511260_XSHG_onshore_etf
2021-12-08,149.0637872495904,511260_XSHG_onshore_etf
2021-12-09,148.88174550242746,511260_XSHG_onshore_etf
2021-12-10,149.10122845999982,511260_XSHG_onshore_etf
2021-12-13,148.88690980731153,511260_XSHG_onshore_etf
2021-12-14,149.27294159739466,511260_XSHG_onshore_etf
2021-12-15,149.17998410948167,511260_XSHG_onshore_etf
2021-12-16,149.09606415511576,511260_XSHG_onshore_etf
2021-12-17,149.2484111491954,511260_XSHG_onshore_etf
2021-12-20,149.1903127192498,511260_XSHG_onshore_etf
2021-12-21,149.18902164302875,511260_XSHG_onshore_etf
2021-12-22,149.33878648466634,511260_XSHG_onshore_etf
2021-12-23,149.62153217706836,511260_XSHG_onshore_etf
2021-12-24,149.62153217706836,511260_XSHG_onshore_etf
2021-12-27,149.8565080492929,511260_XSHG_onshore_etf
2021-12-28,149.80486500045234,511260_XSHG_onshore_etf
2021-12-29,149.78420778091612,511260_XSHG_onshore_etf
2021-12-30,150.05791593977105,511260_XSHG_onshore_etf
2021-12-31,150.01660150069858,511260_XSHG_onshore_etf
2022-01-04,150.22317369606083,511260_XSHG_onshore_etf
2022-01-05,150.1779860283253,511260_XSHG_onshore_etf
2022-01-06,149.9985264336044,511260_XSHG_onshore_etf
2022-01-07,150.0269301104667,511260_XSHG_onshore_etf
2022-01-10,150.17669495210433,511260_XSHG_onshore_etf
2022-01-11,150.149582351463,511260_XSHG_onshore_etf
2022-01-12,150.0889017690754,511260_XSHG_onshore_etf
2022-01-13,150.25674167780716,511260_XSHG_onshore_etf
2022-01-14,150.45427633962228,511260_XSHG_onshore_etf
2022-01-17,150.48913539758965,511260_XSHG_onshore_etf
2022-01-18,150.84676351081046,511260_XSHG_onshore_etf
2022-01-19,151.2431239106617,511260_XSHG_onshore_etf
2022-01-20,151.07270184948788,511260_XSHG_onshore_etf
2022-01-21,151.45098718224492,511260_XSHG_onshore_etf
2022-01-24,151.84605650587514,511260_XSHG_onshore_etf
2022-01-25,151.81765282901284,511260_XSHG_onshore_etf
2022-01-26,151.14758427030668,511260_XSHG_onshore_etf
2022-01-27,151.0481714012886,511260_XSHG_onshore_etf
2022-01-28,151.10626983123424,511260_XSHG_onshore_etf
2022-02-07,151.10368767879223,511260_XSHG_onshore_etf
2022-02-08,151.27152758752402,511260_XSHG_onshore_etf
2022-02-09,151.2792740448501,511260_XSHG_onshore_etf
2022-02-10,151.31025987415444,511260_XSHG_onshore_etf
2022-02-11,150.7473506417924,511260_XSHG_onshore_etf
2022-02-14,150.4555674158433,511260_XSHG_onshore_etf
2022-02-15,150.57176427573452,511260_XSHG_onshore_etf
2022-02-16,150.63244485812217,511260_XSHG_onshore_etf
2022-02-17,150.73443987958228,511260_XSHG_onshore_etf
2022-02-18,150.71507373626707,511260_XSHG_onshore_etf
2022-02-21,150.43620127252808,511260_XSHG_onshore_etf
2022-02-22,150.18315033320937,511260_XSHG_onshore_etf
2022-02-23,150.44136557741214,511260_XSHG_onshore_etf
2022-02-24,150.55885351352438,511260_XSHG_onshore_etf
2022-02-25,150.65181100143738,511260_XSHG_onshore_etf
2022-02-28,150.78995615708587,511260_XSHG_onshore_etf
2022-03-01,150.43878342497013,511260_XSHG_onshore_etf
2022-03-02,150.4090886718868,511260_XSHG_onshore_etf
2022-03-03,150.10955898861158,511260_XSHG_onshore_etf
2022-03-04,150.05016948244497,511260_XSHG_onshore_etf
2022-03-07,150.2606149064702,511260_XSHG_onshore_etf
2022-03-08,150.40392436700276,511260_XSHG_onshore_etf
2022-03-09,149.92622616522763,511260_XSHG_onshore_etf
2022-03-10,150.21026293385066,511260_XSHG_onshore_etf
2022-03-11,150.56272674218744,511260_XSHG_onshore_etf
2022-03-14,151.2986401881653,511260_XSHG_onshore_etf
2022-03-15,150.86096534924164,511260_XSHG_onshore_etf
2022-03-16,150.709909431383,511260_XSHG_onshore_etf
2022-03-17,150.60404118125987,511260_XSHG_onshore_etf
2022-03-18,150.83385274860035,511260_XSHG_onshore_etf
2022-03-21,150.64922884899536,511260_XSHG_onshore_etf
2022-03-22,150.57434642817657,511260_XSHG_onshore_etf
2022-03-23,150.62598947701713,511260_XSHG_onshore_etf
2022-03-24,150.6634306874265,511260_XSHG_onshore_etf
2022-03-25,150.90873516941912,511260_XSHG_onshore_etf
2022-03-28,150.95004960849158,511260_XSHG_onshore_etf
2022-03-29,151.00427480977416,511260_XSHG_onshore_etf
2022-03-30,151.10368767879223,511260_XSHG_onshore_etf
2022-03-31,150.90357086453508,511260_XSHG_onshore_etf
2022-04-01,151.14241996542262,511260_XSHG_onshore_etf
2022-04-06,151.2805651210711,511260_XSHG_onshore_etf
2022-04-07,151.36964938032105,511260_XSHG_onshore_etf
2022-04-08,151.67563444470133,511260_XSHG_onshore_etf
2022-04-11,151.57363942324125,511260_XSHG_onshore_etf
2022-04-12,151.6536861489441,511260_XSHG_onshore_etf
2022-04-13,151.53490713661083,511260_XSHG_onshore_etf
2022-04-14,151.71436673133175,511260_XSHG_onshore_etf
2022-04-15,151.5219963744007,511260_XSHG_onshore_etf
2022-04-18,151.28443834973416,511260_XSHG_onshore_etf
2022-04-19,151.1566218038538,511260_XSHG_onshore_etf
2022-04-20,150.93713884628144,511260_XSHG_onshore_etf
2022-04-21,151.1876076331581,511260_XSHG_onshore_etf
2022-04-22,151.16178610873783,511260_XSHG_onshore_etf
2022-04-25,151.31800633148052,511260_XSHG_onshore_etf
2022-04-26,151.44969610602394,511260_XSHG_onshore_etf
2022-04-27,151.34641000834281,511260_XSHG_onshore_etf
2022-04-28,151.1566218038538,511260_XSHG_onshore_etf
2022-04-29,151.31929740770153,511260_XSHG_onshore_etf
2022-05-05,151.2805651210711,511260_XSHG_onshore_etf
2022-05-06,151.2160113100204,511260_XSHG_onshore_etf
2022-05-09,151.37997799008917,511260_XSHG_onshore_etf
2022-05-10,151.6356110818499,511260_XSHG_onshore_etf
2022-05-11,151.48713731643332,511260_XSHG_onshore_etf
2022-05-12,151.61495386231368,511260_XSHG_onshore_etf
2022-05-13,151.66917906359626,511260_XSHG_onshore_etf
2022-05-16,151.58525910923035,511260_XSHG_onshore_etf
2022-05-17,151.63302892940789,511260_XSHG_onshore_etf
2022-05-18,151.68854520691147,511260_XSHG_onshore_etf
2022-05-19,151.6653058349332,511260_XSHG_onshore_etf
2022-05-20,151.6833809020274,511260_XSHG_onshore_etf
2022-05-23,151.8499297345382,511260_XSHG_onshore_etf
2022-05-24,151.98291058530262,511260_XSHG_onshore_etf
2022-05-25,152.15978802758153,511260_XSHG_onshore_etf
2022-05-26,152.47610170172987,511260_XSHG_onshore_etf
2022-05-27,152.50192322615018,511260_XSHG_onshore_etf
2022-05-30,152.3160082503242,511260_XSHG_onshore_etf
2022-05-31,152.06683053966853,511260_XSHG_onshore_etf
2022-06-01,152.15333264647643,511260_XSHG_onshore_etf
2022-06-02,152.03068040548013,511260_XSHG_onshore_etf
2022-06-06,151.9454693748932,511260_XSHG_onshore_etf
2022-06-07,151.95450690844032,511260_XSHG_onshore_etf
2022-06-08,151.97516412797654,511260_XSHG_onshore_etf
2022-06-09,152.204975695317,511260_XSHG_onshore_etf
2022-06-10,152.15462372269747,511260_XSHG_onshore_etf
2022-06-13,152.25274551549452,511260_XSHG_onshore_etf
2022-06-14,152.03197148170113,511260_XSHG_onshore_etf
2022-06-15,152.0397179390272,511260_XSHG_onshore_etf
2022-06-16,151.94676045111422,511260_XSHG_onshore_etf
2022-06-17,151.99840349995478,511260_XSHG_onshore_etf
2022-06-20,151.91964785047293,511260_XSHG_onshore_etf
2022-06-21,151.9441782986722,511260_XSHG_onshore_etf
2022-06-22,152.0371357865852,511260_XSHG_onshore_etf
2022-06-23,152.0087321097229,511260_XSHG_onshore_etf
2022-06-24,151.97774628041856,511260_XSHG_onshore_etf
2022-06-27,151.60333417632458,511260_XSHG_onshore_etf
2022-06-28,151.62786462452382,511260_XSHG_onshore_etf
2022-06-29,151.59429664277746,511260_XSHG_onshore_etf
2022-06-30,151.7853759234875,511260_XSHG_onshore_etf
2022-07-01,151.83056359122298,511260_XSHG_onshore_etf
2022-07-04,151.6059163287666,511260_XSHG_onshore_etf
2022-07-05,151.6059163287666,511260_XSHG_onshore_etf
2022-07-06,151.79828668569766,511260_XSHG_onshore_etf
2022-07-07,151.95838013710335,511260_XSHG_onshore_etf
2022-07-08,151.89253524983164,511260_XSHG_onshore_etf
2022-07-11,152.05262870123738,511260_XSHG_onshore_etf
2022-07-12,152.07328592077357,511260_XSHG_onshore_etf
2022-07-13,152.22692399107422,511260_XSHG_onshore_etf
2022-07-14,152.23983475328436,511260_XSHG_onshore_etf
2022-07-15,152.43607833887847,511260_XSHG_onshore_etf
2022-07-18,152.3160082503242,511260_XSHG_onshore_etf
2022-07-19,152.23337937217931,511260_XSHG_onshore_etf
2022-07-20,152.29405995456696,511260_XSHG_onshore_etf
2022-07-21,152.4683552444038,511260_XSHG_onshore_etf
2022-07-22,152.5316179792335,511260_XSHG_onshore_etf
2022-07-25,152.58713425673707,511260_XSHG_onshore_etf
2022-07-26,152.7472277081428,511260_XSHG_onshore_etf
2022-07-27,152.83372981495071,511260_XSHG_onshore_etf
2022-07-28,152.8117815191935,511260_XSHG_onshore_etf
2022-07-29,153.34628707469318,511260_XSHG_onshore_etf
2022-08-01,153.50896267854094,511260_XSHG_onshore_etf
2022-08-02,153.6832579683778,511260_XSHG_onshore_etf
2022-08-03,153.67938473971475,511260_XSHG_onshore_etf
2022-08-04,153.88595693507696,511260_XSHG_onshore_etf
2022-08-05,153.79299944716396,511260_XSHG_onshore_etf
2022-08-08,153.62774169087422,511260_XSHG_onshore_etf
2022-08-09,153.51929128830903,511260_XSHG_onshore_etf
2022-08-10,153.77234222762775,511260_XSHG_onshore_etf
2022-08-11,153.58642725180175,511260_XSHG_onshore_etf
2022-08-12,153.47410362057357,511260_XSHG_onshore_etf
2022-08-15,154.18419554213116,511260_XSHG_onshore_etf
2022-08-16,154.42820894790276,511260_XSHG_onshore_etf
2022-08-17,154.43208217656579,511260_XSHG_onshore_etf
2022-08-18,154.66189374390626,511260_XSHG_onshore_etf
2022-08-19,154.89816069235178,511260_XSHG_onshore_etf
2022-08-22,154.76388876536635,511260_XSHG_onshore_etf
2022-08-23,154.77421737513444,511260_XSHG_onshore_etf
2022-08-24,154.7793816800185,511260_XSHG_onshore_etf
2022-08-25,154.62316145727584,511260_XSHG_onshore_etf
2022-08-26,154.45273939610203,511260_XSHG_onshore_etf
2022-08-29,154.5741005608773,511260_XSHG_onshore_etf
2022-08-30,154.77421737513444,511260_XSHG_onshore_etf
2022-08-31,154.78841921356562,511260_XSHG_onshore_etf
2022-09-01,154.90848930211988,511260_XSHG_onshore_etf
2022-09-02,155.15766701277556,511260_XSHG_onshore_etf
2022-09-05,155.0582541437575,511260_XSHG_onshore_etf
2022-09-06,154.94205728386626,511260_XSHG_onshore_etf
2022-09-07,154.93043759787713,511260_XSHG_onshore_etf
2022-09-08,154.83231580508007,511260_XSHG_onshore_etf
2022-09-09,154.86975701548945,511260_XSHG_onshore_etf
2022-09-13,154.7019171067577,511260_XSHG_onshore_etf
2022-09-14,154.52891289314184,511260_XSHG_onshore_etf
2022-09-15,154.54311473157298,511260_XSHG_onshore_etf
2022-09-16,154.25133150562385,511260_XSHG_onshore_etf
2022-09-19,154.38302128016727,511260_XSHG_onshore_etf
2022-09-20,154.732902936062,511260_XSHG_onshore_etf
2022-09-21,154.83231580508007,511260_XSHG_onshore_etf
2022-09-22,154.81294966176486,511260_XSHG_onshore_etf
2022-09-23,154.4682323107542,511260_XSHG_onshore_etf
2022-09-26,153.72715455989226,511260_XSHG_onshore_etf
2022-09-27,153.76201361785965,511260_XSHG_onshore_etf
2022-09-28,153.80203698071105,511260_XSHG_onshore_etf
2022-09-29,153.41084088574388,511260_XSHG_onshore_etf
2022-09-30,153.51025375476195,511260_XSHG_onshore_etf
2022-10-10,153.9763322705479,511260_XSHG_onshore_etf
2022-10-11,154.0847826731131,511260_XSHG_onshore_etf
2022-10-12,153.97891442298996,511260_XSHG_onshore_etf
2022-10-13,154.05508792002976,511260_XSHG_onshore_etf
2022-10-14,154.31588531667455,511260_XSHG_onshore_etf
2022-10-17,154.33654253621077,511260_XSHG_onshore_etf
2022-10-18,154.3455800697579,511260_XSHG_onshore_etf
2022-10-19,154.4682323107542,511260_XSHG_onshore_etf
2022-10-20,154.2255099812036,511260_XSHG_onshore_etf
2022-10-21,154.38173020394626,511260_XSHG_onshore_etf
2022-10-24,154.47468769185926,511260_XSHG_onshore_etf
2022-10-25,154.43724648144985,511260_XSHG_onshore_etf
2022-10-26,154.4411197101129,511260_XSHG_onshore_etf
2022-10-27,154.76130661292433,511260_XSHG_onshore_etf
2022-10-28,154.90332499723584,511260_XSHG_onshore_etf
2022-10-31,155.26224418667766,511260_XSHG_onshore_etf
2022-11-01,155.03372369555822,511260_XSHG_onshore_etf
2022-11-02,154.65931159146422,511260_XSHG_onshore_etf
2022-11-03,154.92656436921408,511260_XSHG_onshore_etf
2022-11-04,154.69804387809464,511260_XSHG_onshore_etf
2022-11-07,154.80262105199677,511260_XSHG_onshore_etf
2022-11-08,154.88783208258369,511260_XSHG_onshore_etf
2022-11-09,155.03243261933721,511260_XSHG_onshore_etf
2022-11-10,154.9924092564858,511260_XSHG_onshore_etf
2022-11-11,154.6270346859389,511260_XSHG_onshore_etf
2022-11-14,153.8046191331531,511260_XSHG_onshore_etf
2022-11-15,153.6367792244213,511260_XSHG_onshore_etf
2022-11-16,153.18361147084545,511260_XSHG_onshore_etf
2022-11-17,153.6380703006423,511260_XSHG_onshore_etf
2022-11-18,153.59417370912783,511260_XSHG_onshore_etf
2022-11-21,153.86529971554074,511260_XSHG_onshore_etf
2022-11-22,153.6458167579684,511260_XSHG_onshore_etf
2022-11-23,153.93759998391752,511260_XSHG_onshore_etf
2022-11-24,154.32234069777962,511260_XSHG_onshore_etf
2022-11-25,154.0589611486928,511260_XSHG_onshore_etf
2022-11-28,153.6638918250626,511260_XSHG_onshore_etf
2022-11-29,153.10485582136363,511260_XSHG_onshore_etf
2022-11-30,153.29851725451567,511260_XSHG_onshore_etf
2022-12-01,153.45731962970038,511260_XSHG_onshore_etf
2022-12-02,153.5825540231387,511260_XSHG_onshore_etf
2022-12-05,153.44311779126923,511260_XSHG_onshore_etf
2022-12-06,153.10743797380565,511260_XSHG_onshore_etf
2022-12-07,153.13842380310996,511260_XSHG_onshore_etf
2022-12-08,153.51025375476195,511260_XSHG_onshore_etf
2022-12-09,153.32950308382001,511260_XSHG_onshore_etf
2022-12-12,153.3553246082403,511260_XSHG_onshore_etf
2022-12-13,153.1126022786897,511260_XSHG_onshore_etf
2022-12-14,153.49346976388878,511260_XSHG_onshore_etf
2022-12-15,153.53607527918223,511260_XSHG_onshore_etf
2022-12-16,153.55673249871845,511260_XSHG_onshore_etf
2022-12-19,153.83044065757338,511260_XSHG_onshore_etf
2022-12-20,153.7413563983234,511260_XSHG_onshore_etf
2022-12-21,153.80978343803713,511260_XSHG_onshore_etf
2022-12-22,153.8149477429212,511260_XSHG_onshore_etf
2022-12-23,153.79558159960598,511260_XSHG_onshore_etf
2022-12-26,153.68584012081982,511260_XSHG_onshore_etf
2022-12-27,153.6483989104104,511260_XSHG_onshore_etf
2022-12-28,153.67938473971475,511260_XSHG_onshore_etf
2022-12-29,153.85884433443567,511260_XSHG_onshore_etf
2022-12-30,154.0679986822399,511260_XSHG_onshore_etf
2023-01-03,154.07703621578702,511260_XSHG_onshore_etf
2023-01-04,154.20485276166735,511260_XSHG_onshore_etf
2023-01-05,154.2074349141094,511260_XSHG_onshore_etf
2023-01-06,154.01377348095733,511260_XSHG_onshore_etf
2023-01-09,154.08865590177612,511260_XSHG_onshore_etf
2023-01-10,153.96858581322184,511260_XSHG_onshore_etf
2023-01-11,153.79299944716396,511260_XSHG_onshore_etf
2023-01-12,153.8343138862364,511260_XSHG_onshore_etf
2023-01-13,153.80978343803713,511260_XSHG_onshore_etf
2023-01-16,153.5257466694141,511260_XSHG_onshore_etf
2023-01-17,153.5631878798235,511260_XSHG_onshore_etf
2023-01-18,153.46506608702646,511260_XSHG_onshore_etf
2023-01-19,153.41729626684895,511260_XSHG_onshore_etf
2023-01-20,153.59804693779088,511260_XSHG_onshore_etf
2023-01-30,153.701333035472,511260_XSHG_onshore_etf
2023-01-31,153.80203698071105,511260_XSHG_onshore_etf
2023-02-01,153.8149477429212,511260_XSHG_onshore_etf
2023-02-02,153.89757662106607,511260_XSHG_onshore_etf
2023-02-03,154.03184854805153,511260_XSHG_onshore_etf
2023-02-06,154.0383039291566,511260_XSHG_onshore_etf
2023-02-07,154.00602702363125,511260_XSHG_onshore_etf
2023-02-08,153.93243567903346,511260_XSHG_onshore_etf
2023-02-09,153.94921966990663,511260_XSHG_onshore_etf
2023-02-10,154.06154330113483,511260_XSHG_onshore_etf
2023-02-13,154.09640235910223,511260_XSHG_onshore_etf
2023-02-14,154.12222388352248,511260_XSHG_onshore_etf
2023-02-15,154.06412545357685,511260_XSHG_onshore_etf
2023-02-16,154.078327292008,511260_XSHG_onshore_etf
2023-02-17,154.1248060359645,511260_XSHG_onshore_etf
2023-02-20,154.08865590177612,511260_XSHG_onshore_etf
2023-02-21,154.06283437735584,511260_XSHG_onshore_etf
2023-02-22,154.09382020666018,511260_XSHG_onshore_etf
2023-02-23,154.10285774020727,511260_XSHG_onshore_etf
2023-02-24,154.08220052067105,511260_XSHG_onshore_etf
2023-02-27,154.0512146913667,511260_XSHG_onshore_etf
2023-02-28,154.02926639560948,511260_XSHG_onshore_etf
2023-03-01,154.05637899625077,511260_XSHG_onshore_etf
2023-03-02,154.0189377858414,511260_XSHG_onshore_etf
2023-03-03,153.99569841386312,511260_XSHG_onshore_etf
2023-03-06,154.20097953300433,511260_XSHG_onshore_etf
2023-03-07,154.3778569752832,511260_XSHG_onshore_etf
2023-03-08,154.53924150290993,511260_XSHG_onshore_etf
2023-03-09,154.53665935046791,511260_XSHG_onshore_etf
2023-03-10,154.5934667041925,511260_XSHG_onshore_etf
2023-03-13,154.64510975303307,511260_XSHG_onshore_etf
2023-03-14,154.69546172565262,511260_XSHG_onshore_etf
2023-03-15,154.63090791460192,511260_XSHG_onshore_etf
2023-03-16,154.78196383246052,511260_XSHG_onshore_etf
2023-03-17,154.88008562525758,511260_XSHG_onshore_etf
2023-03-20,154.92785544543509,511260_XSHG_onshore_etf
2023-03-21,154.70579033542072,511260_XSHG_onshore_etf
2023-03-22,154.77034414647142,511260_XSHG_onshore_etf
2023-03-23,154.73935831716707,511260_XSHG_onshore_etf
2023-03-24,154.69029742076856,511260_XSHG_onshore_etf
2023-03-27,154.73935831716707,511260_XSHG_onshore_etf
2023-03-28,154.72902970739898,511260_XSHG_onshore_etf
2023-03-29,154.825860423975,511260_XSHG_onshore_etf
2023-03-30,154.66834912501133,511260_XSHG_onshore_etf
2023-03-31,154.73806724094607,511260_XSHG_onshore_etf
2023-04-03,154.76647091780836,511260_XSHG_onshore_etf
2023-04-04,154.82198719531198,511260_XSHG_onshore_etf
2023-04-06,154.84909979595326,511260_XSHG_onshore_etf
2023-04-07,154.95496804607637,511260_XSHG_onshore_etf
2023-04-10,155.04534338154735,511260_XSHG_onshore_etf
2023-04-11,155.0569630675365,511260_XSHG_onshore_etf
2023-04-12,155.2183475951632,511260_XSHG_onshore_etf
2023-04-13,155.25707988179363,511260_XSHG_onshore_etf
2023-04-14,155.1796153085328,511260_XSHG_onshore_etf
2023-04-17,155.1692866987647,511260_XSHG_onshore_etf
2023-04-18,155.20543683295307,511260_XSHG_onshore_etf
2023-04-19,155.35520167459066,511260_XSHG_onshore_etf
2023-04-20,155.23771373847842,511260_XSHG_onshore_etf
2023-04-21,155.45461454360873,511260_XSHG_onshore_etf
2023-04-24,155.58759539437315,511260_XSHG_onshore_etf
2023-04-25,155.60696153768836,511260_XSHG_onshore_etf
2023-04-26,155.66893319629702,511260_XSHG_onshore_etf
2023-04-27,155.7864211324093,511260_XSHG_onshore_etf
2023-04-28,155.89616261119545,511260_XSHG_onshore_etf
2023-05-04,156.1737439987134,511260_XSHG_onshore_etf
2023-05-05,156.4332503191372,511260_XSHG_onshore_etf
2023-05-08,156.2654104104054,511260_XSHG_onshore_etf
2023-05-09,156.41259309960097,511260_XSHG_onshore_etf
2023-05-10,156.62174744740523,511260_XSHG_onshore_etf
2023-05-11,156.84897686230363,511260_XSHG_onshore_etf
2023-05-12,156.69146556333993,511260_XSHG_onshore_etf
2023-05-15,156.6850101822349,511260_XSHG_onshore_etf
2023-05-16,156.62820282851027,511260_XSHG_onshore_etf
2023-05-17,156.61400099007912,511260_XSHG_onshore_etf
2023-05-18,156.60238130409002,511260_XSHG_onshore_etf
2023-05-19,156.77151228904282,511260_XSHG_onshore_etf
2023-05-22,156.80508027078918,511260_XSHG_onshore_etf
2023-05-23,157.1343047071477,511260_XSHG_onshore_etf
2023-05-24,157.08137058208612,511260_XSHG_onshore_etf
2023-05-25,156.9483897313217,511260_XSHG_onshore_etf
2023-05-26,156.67468157246677,511260_XSHG_onshore_etf
2023-05-29,156.81282672811525,511260_XSHG_onshore_etf
2023-05-30,156.82057318544133,511260_XSHG_onshore_etf
2023-05-31,156.87092515806088,511260_XSHG_onshore_etf
2023-06-01,157.06458659121293,511260_XSHG_onshore_etf
2023-06-02,156.9677558746369,511260_XSHG_onshore_etf
2023-06-05,157.02843645702455,511260_XSHG_onshore_etf
2023-06-06,157.2014406706404,511260_XSHG_onshore_etf
2023-06-07,157.3421679787309,511260_XSHG_onshore_etf
2023-06-08,157.30989107320556,511260_XSHG_onshore_etf
2023-06-09,157.4816042106004,511260_XSHG_onshore_etf
2023-06-12,157.5861813845025,511260_XSHG_onshore_etf
2023-06-13,157.87150922934657,511260_XSHG_onshore_etf
2023-06-14,158.28336254384996,511260_XSHG_onshore_etf
2023-06-15,157.8276126378321,511260_XSHG_onshore_etf
2023-06-16,157.24533726215486,511260_XSHG_onshore_etf
2023-06-19,157.36669842693018,511260_XSHG_onshore_etf
2023-06-20,157.33829475006786,511260_XSHG_onshore_etf
2023-06-21,157.52420972589385,511260_XSHG_onshore_etf
2023-06-26,157.72949084503503,511260_XSHG_onshore_etf
2023-06-27,157.4751488294953,511260_XSHG_onshore_etf
2023-06-28,157.49709712525257,511260_XSHG_onshore_etf
2023-06-29,157.55132232653514,511260_XSHG_onshore_etf
2023-06-30,157.84956093358932,511260_XSHG_onshore_etf
2023-07-03,157.7733874365495,511260_XSHG_onshore_etf
2023-07-04,157.79146250364371,511260_XSHG_onshore_etf
2023-07-05,157.81211972317993,511260_XSHG_onshore_etf
2023-07-06,157.86763600068352,511260_XSHG_onshore_etf
2023-07-07,157.91024151597696,511260_XSHG_onshore_etf
2023-07-10,157.9386451928393,511260_XSHG_onshore_etf
2023-07-11,158.0612974338356,511260_XSHG_onshore_etf
2023-07-12,158.08841003447688,511260_XSHG_onshore_etf
2023-07-13,158.02127407098416,511260_XSHG_onshore_etf
2023-07-14,157.9580113361545,511260_XSHG_onshore_etf
2023-07-17,158.1090672540131,511260_XSHG_onshore_etf
2023-07-18,158.33500559269052,511260_XSHG_onshore_etf
2023-07-19,158.30401976338618,511260_XSHG_onshore_etf
2023-07-20,158.3156394493753,511260_XSHG_onshore_etf
2023-07-21,158.50671873008537,511260_XSHG_onshore_etf
2023-07-24,158.61387805642948,511260_XSHG_onshore_etf
2023-07-25,158.0174008423211,511260_XSHG_onshore_etf
2023-07-26,158.16974783640075,511260_XSHG_onshore_etf
2023-07-27,158.3427520500166,511260_XSHG_onshore_etf
2023-07-28,158.28981792495503,511260_XSHG_onshore_etf
2023-07-31,158.09744756802397,511260_XSHG_onshore_etf
2023-08-01,158.21493550413624,511260_XSHG_onshore_etf
2023-08-02,158.3517895835637,511260_XSHG_onshore_etf
2023-08-03,158.43312738548755,511260_XSHG_onshore_etf
2023-08-04,158.4344184617086,511260_XSHG_onshore_etf
2023-08-07,158.48993473921217,511260_XSHG_onshore_etf
2023-08-08,158.53770455938968,511260_XSHG_onshore_etf
2023-08-09,158.58934760823024,511260_XSHG_onshore_etf
2023-08-10,158.56869038869402,511260_XSHG_onshore_etf
2023-08-11,158.59063868445125,511260_XSHG_onshore_etf
2023-08-14,158.73653029742582,511260_XSHG_onshore_etf
2023-08-15,159.16258545036035,511260_XSHG_onshore_etf
2023-08-16,159.41563638967907,511260_XSHG_onshore_etf
2023-08-17,159.40272562746893,511260_XSHG_onshore_etf
2023-08-18,159.49955634404498,511260_XSHG_onshore_etf
2023-08-21,159.85976660970783,511260_XSHG_onshore_etf
2023-08-22,159.67385163388184,511260_XSHG_onshore_etf
2023-08-23,159.65835871922965,511260_XSHG_onshore_etf
2023-08-24,159.6234996612623,511260_XSHG_onshore_etf
2023-08-25,159.5499083166645,511260_XSHG_onshore_etf
2023-08-28,159.43629360921528,511260_XSHG_onshore_etf
2023-08-29,159.15225684059226,511260_XSHG_onshore_etf
2023-08-30,159.24392325228422,511260_XSHG_onshore_etf
2023-08-31,159.3536647310704,511260_XSHG_onshore_etf
2023-09-01,159.1948623558857,511260_XSHG_onshore_etf
2023-09-04,158.7274927638787,511260_XSHG_onshore_etf
2023-09-05,158.81786809934968,511260_XSHG_onshore_etf
2023-09-06,158.6332441997447,511260_XSHG_onshore_etf
2023-09-07,158.49251689165422,511260_XSHG_onshore_etf
2023-09-08,158.6061315991034,511260_XSHG_onshore_etf
2023-09-11,158.58934760823024,511260_XSHG_onshore_etf
2023-09-12,158.62937097108167,511260_XSHG_onshore_etf
2023-09-13,158.77655366027724,511260_XSHG_onshore_etf
2023-09-14,158.943102492788,511260_XSHG_onshore_etf
2023-09-15,158.7649339742881,511260_XSHG_onshore_etf
2023-09-18,158.5312491782846,511260_XSHG_onshore_etf
2023-09-19,158.53899563561072,511260_XSHG_onshore_etf
2023-09-20,158.5002633489803,511260_XSHG_onshore_etf
2023-09-21,158.54157778805273,511260_XSHG_onshore_etf
2023-09-22,158.3311323640275,511260_XSHG_onshore_etf
2023-09-25,158.13101554977035,511260_XSHG_onshore_etf
2023-09-26,158.01352761365808,511260_XSHG_onshore_etf
2023-09-27,157.99674362278492,511260_XSHG_onshore_etf
2023-09-28,158.4008504799622,511260_XSHG_onshore_etf
2023-10-09,158.44087384281366,511260_XSHG_onshore_etf
2023-10-10,158.4641132147919,511260_XSHG_onshore_etf
2023-10-11,158.18911397971596,511260_XSHG_onshore_etf
2023-10-12,158.22397303768335,511260_XSHG_onshore_etf
2023-10-13,158.41892554705643,511260_XSHG_onshore_etf
2023-10-16,158.5480331691578,511260_XSHG_onshore_etf
2023-10-17,158.4550756812448,511260_XSHG_onshore_etf
2023-10-18,158.4202166232774,511260_XSHG_onshore_etf
2023-10-19,158.18136752238988,511260_XSHG_onshore_etf
2023-10-20,158.4163433946144,511260_XSHG_onshore_etf
2023-10-23,158.58418330334618,511260_XSHG_onshore_etf
2023-10-24,158.3905218701941,511260_XSHG_onshore_etf
2023-10-25,158.54286886427374,511260_XSHG_onshore_etf
2023-10-26,158.58418330334618,511260_XSHG_onshore_etf
2023-10-27,158.59709406555632,511260_XSHG_onshore_etf
2023-10-30,158.66035680038598,511260_XSHG_onshore_etf
2023-10-31,158.8669289957482,511260_XSHG_onshore_etf
2023-11-01,159.02960459959596,511260_XSHG_onshore_etf
2023-11-02,159.18582482233862,511260_XSHG_onshore_etf
2023-11-03,159.17033190768643,511260_XSHG_onshore_etf
2023-11-06,159.15354791681327,511260_XSHG_onshore_etf
2023-11-07,159.23617679495814,511260_XSHG_onshore_etf
2023-11-08,159.24650540472626,511260_XSHG_onshore_etf
2023-11-09,159.25554293827335,511260_XSHG_onshore_etf
2023-11-10,159.27749123403058,511260_XSHG_onshore_etf
2023-11-13,159.34850042618635,511260_XSHG_onshore_etf
2023-11-14,159.2568340144944,511260_XSHG_onshore_etf
2023-11-15,159.2103552705379,511260_XSHG_onshore_etf
2023-11-16,159.33688074019722,511260_XSHG_onshore_etf
2023-11-17,159.40143455124792,511260_XSHG_onshore_etf
2023-11-20,159.39756132258486,511260_XSHG_onshore_etf
2023-11-21,159.43242038055226,511260_XSHG_onshore_etf
2023-11-22,159.34591827374433,511260_XSHG_onshore_etf
2023-11-23,159.13030854483503,511260_XSHG_onshore_etf
2023-11-24,159.15354791681327,511260_XSHG_onshore_etf
2023-11-27,159.10448702041472,511260_XSHG_onshore_etf
2023-11-28,159.221974956527,511260_XSHG_onshore_etf
2023-11-29,159.17420513634949,511260_XSHG_onshore_etf
2023-11-30,159.23101249007408,511260_XSHG_onshore_etf
2023-12-01,159.3730308743856,511260_XSHG_onshore_etf
2023-12-04,159.2865287675777,511260_XSHG_onshore_etf
2023-12-05,159.29298414868276,511260_XSHG_onshore_etf
2023-12-06,159.23488571873713,511260_XSHG_onshore_etf
2023-12-07,159.29427522490377,511260_XSHG_onshore_etf
2023-12-08,159.35624688351243,511260_XSHG_onshore_etf
2023-12-11,159.65061226190358,511260_XSHG_onshore_etf
2023-12-12,159.57443876486377,511260_XSHG_onshore_etf
2023-12-13,159.77068235045786,511260_XSHG_onshore_etf
2023-12-14,159.75906266446873,511260_XSHG_onshore_etf
2023-12-15,159.8610576859288,511260_XSHG_onshore_etf
2023-12-18,159.970799164715,511260_XSHG_onshore_etf
2023-12-19,159.98629207936716,511260_XSHG_onshore_etf
2023-12-20,159.92690257320052,511260_XSHG_onshore_etf
2023-12-21,159.9979117653563,511260_XSHG_onshore_etf
2023-12-22,160.11669077768957,511260_XSHG_onshore_etf
2023-12-25,160.248380552233,511260_XSHG_onshore_etf
2023-12-26,160.32326297305175,511260_XSHG_onshore_etf
2023-12-27,160.4497884427111,511260_XSHG_onshore_etf
2023-12-28,160.4497884427111,511260_XSHG_onshore_etf
2023-12-29,160.74157166866024,511260_XSHG_onshore_etf
2024-01-02,161.0359370470514,511260_XSHG_onshore_etf
2024-01-03,160.624083732548,511260_XSHG_onshore_etf
2024-01-04,160.94427063535943,511260_XSHG_onshore_etf
2024-01-05,161.40647592248234,511260_XSHG_onshore_etf
2024-01-08,161.16504466915276,511260_XSHG_onshore_etf
2024-01-09,161.36128825474685,511260_XSHG_onshore_etf
2024-01-10,161.3083541296853,511260_XSHG_onshore_etf
2024-01-11,161.2063591082252,511260_XSHG_onshore_etf
2024-01-12,161.03464597083038,511260_XSHG_onshore_etf
2024-01-15,161.05917641902965,511260_XSHG_onshore_etf
2024-01-16,161.01140659885212,511260_XSHG_onshore_etf
2024-01-17,161.20119480334117,511260_XSHG_onshore_etf
2024-01-18,161.31997381567442,511260_XSHG_onshore_etf
2024-01-19,161.40518484626133,511260_XSHG_onshore_etf
2024-01-22,161.54849430679386,511260_XSHG_onshore_etf
2024-01-23,161.46973865731204,511260_XSHG_onshore_etf
2024-01-24,161.4865226481852,511260_XSHG_onshore_etf
2024-01-25,161.49943341039534,511260_XSHG_onshore_etf
2024-01-26,161.6169213465076,511260_XSHG_onshore_etf
2024-01-29,161.70729668197856,511260_XSHG_onshore_etf
2024-01-30,162.1578822831124,511260_XSHG_onshore_etf
2024-01-31,162.42255290842022,511260_XSHG_onshore_etf
2024-02-01,162.43933689929338,511260_XSHG_onshore_etf
2024-02-02,162.404477841326,511260_XSHG_onshore_etf
2024-02-05,162.65623770442372,511260_XSHG_onshore_etf
2024-02-06,162.23276470393117,511260_XSHG_onshore_etf
2024-02-07,162.32314003940215,511260_XSHG_onshore_etf
2024-02-08,162.54649622563755,511260_XSHG_onshore_etf
2024-02-19,162.57619097872086,511260_XSHG_onshore_etf
2024-02-20,162.68722353372803,511260_XSHG_onshore_etf
2024-02-21,162.7969650125142,511260_XSHG_onshore_etf
2024-02-22,162.7672702594309,511260_XSHG_onshore_etf
2024-02-23,163.0009550554344,511260_XSHG_onshore_etf
2024-02-26,163.13135375375677,511260_XSHG_onshore_etf
2024-02-27,163.37278500708638,511260_XSHG_onshore_etf
2024-02-28,163.5819393548906,511260_XSHG_onshore_etf
2024-02-29,163.8427367515354,511260_XSHG_onshore_etf
2024-03-01,163.24109523254296,511260_XSHG_onshore_etf
2024-03-04,163.44508527546316,511260_XSHG_onshore_etf
2024-03-05,163.47994433343052,511260_XSHG_onshore_etf
2024-03-06,164.0015391267201,511260_XSHG_onshore_etf
2024-03-07,164.17454334033593,511260_XSHG_onshore_etf
2024-03-08,164.13710212992655,511260_XSHG_onshore_etf
2024-03-11,163.97313544985778,511260_XSHG_onshore_etf
2024-03-12,163.3469634826661,511260_XSHG_onshore_etf
2024-03-13,163.2824096716154,511260_XSHG_onshore_etf
2024-03-14,163.22818447033282,511260_XSHG_onshore_etf
2024-03-15,163.41668159860083,511260_XSHG_onshore_etf
2024-03-18,163.55482675424932,511260_XSHG_onshore_etf
2024-03-19,163.92149240101725,511260_XSHG_onshore_etf
2024-03-20,163.74203280629632,511260_XSHG_onshore_etf
2024-03-21,163.74203280629632,511260_XSHG_onshore_etf
2024-03-22,163.73428634897022,511260_XSHG_onshore_etf
2024-03-25,163.50834801029282,511260_XSHG_onshore_etf
2024-03-26,163.5328784584921,511260_XSHG_onshore_etf
2024-03-27,163.64391101349926,511260_XSHG_onshore_etf
2024-03-28,163.67360576658257,511260_XSHG_onshore_etf
2024-03-29,163.85564751374554,511260_XSHG_onshore_etf
2024-04-01,163.65940392815142,511260_XSHG_onshore_etf
2024-04-02,163.72912204408618,511260_XSHG_onshore_etf
2024-04-03,164.07383939509685,511260_XSHG_onshore_etf
2024-04-08,164.1409753585896,511260_XSHG_onshore_etf
2024-04-09,164.32172602953153,511260_XSHG_onshore_etf
2024-04-10,164.19649163609316,511260_XSHG_onshore_etf
2024-04-11,164.1719611878939,511260_XSHG_onshore_etf
2024-04-12,164.47536409983215,511260_XSHG_onshore_etf
2024-04-15,164.62512894146977,511260_XSHG_onshore_etf
2024-04-16,164.63933077990092,511260_XSHG_onshore_etf
2024-04-17,164.69742920984652,511260_XSHG_onshore_etf
2024-04-18,164.98017490224854,511260_XSHG_onshore_etf
2024-04-19,165.01761611265795,511260_XSHG_onshore_etf
2024-04-22,165.13123082010716,511260_XSHG_onshore_etf
2024-04-23,165.51468045774828,511260_XSHG_onshore_etf
2024-04-24,164.77618485932837,511260_XSHG_onshore_etf
2024-04-25,164.85623158503122,511260_XSHG_onshore_etf
2024-04-26,164.47407302361114,511260_XSHG_onshore_etf
2024-04-29,163.67877007146663,511260_XSHG_onshore_etf
2024-04-30,164.28170266668008,511260_XSHG_onshore_etf
2024-05-06,164.40048167901335,511260_XSHG_onshore_etf
2024-05-07,164.81233499351677,511260_XSHG_onshore_etf
2024-05-08,164.9750105973645,511260_XSHG_onshore_etf
2024-05-09,164.741325801361,511260_XSHG_onshore_etf
2024-05-10,164.51538746268358,511260_XSHG_onshore_etf
2024-05-13,164.85752266125223,511260_XSHG_onshore_etf
2024-05-14,164.9388604631761,511260_XSHG_onshore_etf
2024-05-15,164.82395467950587,511260_XSHG_onshore_etf
2024-05-16,164.71550427694072,511260_XSHG_onshore_etf
2024-05-17,164.49602131936837,511260_XSHG_onshore_etf
2024-05-20,164.78393131665445,511260_XSHG_onshore_etf
2024-05-21,164.67806306653134,511260_XSHG_onshore_etf
2024-05-22,164.80200638374865,511260_XSHG_onshore_etf
2024-05-23,164.98792135957464,511260_XSHG_onshore_etf
2024-05-24,164.91691216741887,511260_XSHG_onshore_etf
2024-05-27,164.88850849055657,511260_XSHG_onshore_etf
2024-05-28,165.10024499080282,511260_XSHG_onshore_etf
2024-05-29,165.2370990702303,511260_XSHG_onshore_etf
2024-05-30,165.2461366037774,511260_XSHG_onshore_etf
2024-05-31,164.99695889312173,511260_XSHG_onshore_etf
2024-06-03,165.10153606702386,511260_XSHG_onshore_etf
2024-06-04,165.113155753013,511260_XSHG_onshore_etf
2024-06-05,165.2951975001759,511260_XSHG_onshore_etf
2024-06-06,165.34296732035344,511260_XSHG_onshore_etf
2024-06-07,165.47465709489686,511260_XSHG_onshore_etf
2024-06-11,165.4978964668751,511260_XSHG_onshore_etf
2024-06-12,165.43592480826644,511260_XSHG_onshore_etf
2024-06-13,165.55986812548375,511260_XSHG_onshore_etf
2024-06-14,165.64637023229164,511260_XSHG_onshore_etf
2024-06-17,165.73803664398366,511260_XSHG_onshore_etf
2024-06-18,165.88909256184226,511260_XSHG_onshore_etf
2024-06-19,165.9187873149256,511260_XSHG_onshore_etf
2024-06-20,166.04531278458495,511260_XSHG_onshore_etf
2024-06-21,165.9149140862625,511260_XSHG_onshore_etf
2024-06-24,166.06338785167912,511260_XSHG_onshore_etf
2024-06-25,166.24413852262109,511260_XSHG_onshore_etf
2024-06-26,166.3151477147768,511260_XSHG_onshore_etf
2024-06-27,166.5281752912441,511260_XSHG_onshore_etf
2024-06-28,166.71667241951212,511260_XSHG_onshore_etf
2024-07-01,166.18733116889646,511260_XSHG_onshore_etf
2024-07-02,166.4520017942043,511260_XSHG_onshore_etf
2024-07-03,166.59531125473683,511260_XSHG_onshore_etf
2024-07-04,166.66502937067156,511260_XSHG_onshore_etf
2024-07-05,166.35517107762826,511260_XSHG_onshore_etf
2024-07-08,165.86972641852705,511260_XSHG_onshore_etf
2024-07-09,166.28028865680946,511260_XSHG_onshore_etf
2024-07-10,166.2738332757044,511260_XSHG_onshore_etf
2024-07-11,166.38357475449058,511260_XSHG_onshore_etf
2024-07-12,166.59143802607375,511260_XSHG_onshore_etf
2024-07-15,166.72958318172223,511260_XSHG_onshore_etf
2024-07-16,166.69472412375487,511260_XSHG_onshore_etf
2024-07-17,166.87805694713884,511260_XSHG_onshore_etf
2024-07-18,166.77993515434179,511260_XSHG_onshore_etf
2024-07-19,166.8186674409722,511260_XSHG_onshore_etf
2024-07-22,167.15822048709884,511260_XSHG_onshore_etf
2024-07-23,167.46033232281604,511260_XSHG_onshore_etf
2024-07-24,167.6062239357906,511260_XSHG_onshore_etf
2024-07-25,167.62817223154786,511260_XSHG_onshore_etf
2024-07-26,167.89542500929772,511260_XSHG_onshore_etf
2024-07-29,168.01936832651506,511260_XSHG_onshore_etf
2024-07-30,168.10199720465994,511260_XSHG_onshore_etf
2024-07-31,168.29953186647504,511260_XSHG_onshore_etf
2024-08-01,168.57324002532997,511260_XSHG_onshore_etf
2024-08-02,168.5951883210872,511260_XSHG_onshore_etf
2024-08-05,169.06514006553624,511260_XSHG_onshore_etf
2024-08-06,168.50352190939523,511260_XSHG_onshore_etf
2024-08-07,168.9411967483189,511260_XSHG_onshore_etf
2024-08-08,168.388616125725,511260_XSHG_onshore_etf
2024-08-09,168.04777200337733,511260_XSHG_onshore_etf
2024-08-12,166.95164829173663,511260_XSHG_onshore_etf
2024-08-13,167.45904124659506,511260_XSHG_onshore_etf
2024-08-14,168.0064575643049,511260_XSHG_onshore_etf
2024-08-15,167.80246752138473,511260_XSHG_onshore_etf
2024-08-16,167.95352343924333,511260_XSHG_onshore_etf
2024-08-19,168.20786545478305,511260_XSHG_onshore_etf
2024-08-20,168.13943841506932,511260_XSHG_onshore_etf
2024-08-21,167.95739666790638,511260_XSHG_onshore_etf
2024-08-22,168.29953186647504,511260_XSHG_onshore_etf
2024-08-23,168.37183213485181,511260_XSHG_onshore_etf
2024-08-26,168.38345182084092,511260_XSHG_onshore_etf
2024-08-27,168.0426076984933,511260_XSHG_onshore_etf
2024-08-28,168.24401558897142,511260_XSHG_onshore_etf
2024-08-29,168.04389877471428,511260_XSHG_onshore_etf
2024-08-30,168.0232415551781,511260_XSHG_onshore_etf
2024-09-02,168.3330998482214,511260_XSHG_onshore_etf
2024-09-03,168.54612742468868,511260_XSHG_onshore_etf
2024-09-04,168.6494135223698,511260_XSHG_onshore_etf
2024-09-05,168.83403742197476,511260_XSHG_onshore_etf
2024-09-06,168.83661957441677,511260_XSHG_onshore_etf
2024-09-09,168.96572719651817,511260_XSHG_onshore_etf
2024-09-10,169.15938862967022,511260_XSHG_onshore_etf
2024-09-11,169.3879091207897,511260_XSHG_onshore_etf
2024-09-12,169.25105504136218,511260_XSHG_onshore_etf
2024-09-13,169.5789884014997,511260_XSHG_onshore_etf
2024-09-18,169.8565697890177,511260_XSHG_onshore_etf
2024-09-19,169.75586584377862,511260_XSHG_onshore_etf
2024-09-20,170.0257007739705,511260_XSHG_onshore_etf
2024-09-23,170.1096207283364,511260_XSHG_onshore_etf
2024-09-24,169.5041059806809,511260_XSHG_onshore_etf
2024-09-25,170.04248476484366,511260_XSHG_onshore_etf
2024-09-26,169.5776973252787,511260_XSHG_onshore_etf
2024-09-27,168.17946177792075,511260_XSHG_onshore_etf
2024-09-30,167.5390879722979,511260_XSHG_onshore_etf
2024-10-08,167.7637352347543,511260_XSHG_onshore_etf
2024-10-09,168.09425074733383,511260_XSHG_onshore_etf
2024-10-10,168.82758204086966,511260_XSHG_onshore_etf
2024-10-11,168.71009410475745,511260_XSHG_onshore_etf
2024-10-14,168.72300486696756,511260_XSHG_onshore_etf
2024-10-15,168.95023428186602,511260_XSHG_onshore_etf
2024-10-16,168.94636105320293,511260_XSHG_onshore_etf
2024-10-17,169.20844952606876,511260_XSHG_onshore_etf
2024-10-18,169.13227602902893,511260_XSHG_onshore_etf
2024-10-21,169.14647786746008,511260_XSHG_onshore_etf
2024-10-22,169.03931854111593,511260_XSHG_onshore_etf
2024-10-23,168.72171379074655,511260_XSHG_onshore_etf
2024-10-24,168.66619751324293,511260_XSHG_onshore_etf
2024-10-25,168.56420249178288,511260_XSHG_onshore_etf
2024-10-28,168.4931932996271,511260_XSHG_onshore_etf
2024-10-29,168.7372067053987,511260_XSHG_onshore_etf
2024-10-30,168.7255870194096,511260_XSHG_onshore_etf
2024-10-31,168.76431930604002,511260_XSHG_onshore_etf
2024-11-01,169.02640777890582,511260_XSHG_onshore_etf
2024-11-04,169.05093822710506,511260_XSHG_onshore_etf
2024-11-05,169.12323849548184,511260_XSHG_onshore_etf
2024-11-06,169.231688898047,511260_XSHG_onshore_etf
2024-11-07,169.26783903223537,511260_XSHG_onshore_etf
2024-11-08,169.49765059957582,511260_XSHG_onshore_etf
2024-11-11,169.5492936484164,511260_XSHG_onshore_etf
2024-11-12,169.90563068541618,511260_XSHG_onshore_etf
2024-11-13,169.89013777076403,511260_XSHG_onshore_etf
2024-11-14,169.8565697890177,511260_XSHG_onshore_etf
2024-11-15,169.93790759094153,511260_XSHG_onshore_etf
2024-11-18,169.66032620342358,511260_XSHG_onshore_etf
2024-11-19,169.7339175480214,511260_XSHG_onshore_etf
2024-11-20,169.81783750238728,511260_XSHG_onshore_etf
2024-11-21,170.01279001176033,511260_XSHG_onshore_etf
2024-11-22,170.11478503322044,511260_XSHG_onshore_etf
2024-11-25,170.3265215334667,511260_XSHG_onshore_etf
2024-11-26,170.5511687959231,511260_XSHG_onshore_etf
2024-11-27,170.38978426829638,511260_XSHG_onshore_etf
2024-11-28,170.63379767406798,511260_XSHG_onshore_etf
2024-11-29,170.82100372611498,511260_XSHG_onshore_etf
2024-12-02,171.20316228753506,511260_XSHG_onshore_etf
2024-12-03,171.34647174806761,511260_XSHG_onshore_etf
2024-12-04,171.71701062349854,511260_XSHG_onshore_etf
2024-12-05,171.88226837978834,511260_XSHG_onshore_etf
2024-12-06,171.67698726064714,511260_XSHG_onshore_etf
2024-12-09,171.89130591333543,511260_XSHG_onshore_etf
2024-12-10,172.88414352729507,511260_XSHG_onshore_etf
2024-12-11,173.16947137213907,511260_XSHG_onshore_etf
2024-12-12,173.52451733291787,511260_XSHG_onshore_etf
2024-12-13,174.13648746167843,511260_XSHG_onshore_etf
2024-12-16,174.80526494416358,511260_XSHG_onshore_etf
2024-12-17,174.4334349925116,511260_XSHG_onshore_etf
2024-12-18,174.06418719330165,511260_XSHG_onshore_etf
2024-12-19,173.89118297968582,511260_XSHG_onshore_etf
2024-12-20,174.70843422758753,511260_XSHG_onshore_etf
2024-12-23,174.93953687114902,511260_XSHG_onshore_etf
2024-12-24,174.5831998341492,511260_XSHG_onshore_etf
2024-12-25,174.38953840099714,511260_XSHG_onshore_etf
2024-12-26,174.33531319971456,511260_XSHG_onshore_etf
2024-12-27,174.9485744046961,511260_XSHG_onshore_etf
2024-12-30,174.6864859318303,511260_XSHG_onshore_etf
2024-12-31,175.0105460633048,511260_XSHG_onshore_etf
2025-01-02,175.90655296068834,511260_XSHG_onshore_etf
2025-01-03,176.32098842763375,511260_XSHG_onshore_etf
2025-01-06,176.43072990641994,511260_XSHG_onshore_etf
2025-01-07,176.2022094153005,511260_XSHG_onshore_etf
2025-01-08,176.1841343482063,511260_XSHG_onshore_etf
2025-01-09,175.94786739976078,511260_XSHG_onshore_etf
2025-01-10,175.7529148903877,511260_XSHG_onshore_etf
2025-01-13,175.6599574024747,511260_XSHG_onshore_etf
2025-01-14,175.83941699719563,511260_XSHG_onshore_etf
2025-01-15,176.15831282378605,511260_XSHG_onshore_etf
2025-01-16,175.9401209424347,511260_XSHG_onshore_etf
2025-01-17,175.82650623498552,511260_XSHG_onshore_etf
2025-01-20,175.64317341160154,511260_XSHG_onshore_etf
2025-01-21,175.79164717701812,511260_XSHG_onshore_etf
2025-01-22,175.86911175027893,511260_XSHG_onshore_etf
2025-01-23,175.78131856725003,511260_XSHG_onshore_etf
2025-01-24,175.59282143898199,511260_XSHG_onshore_etf
2025-01-27,176.24997923547804,511260_XSHG_onshore_etf
2025-02-05,176.3326081136229,511260_XSHG_onshore_etf
2025-02-06,176.437185287525,511260_XSHG_onshore_etf
2025-02-07,176.36746717159025,511260_XSHG_onshore_etf
2025-02-10,176.19833618663745,511260_XSHG_onshore_etf
2025-02-11,176.247397083036,511260_XSHG_onshore_etf
2025-02-12,176.24481493059395,511260_XSHG_onshore_etf
2025-02-13,176.2009183390795,511260_XSHG_onshore_etf
2025-02-14,175.92462802778255,511260_XSHG_onshore_etf
2025-02-17,175.4430565973444,511260_XSHG_onshore_etf
2025-02-18,175.27779884105462,511260_XSHG_onshore_etf
2025-02-19,175.45596735955453,511260_XSHG_onshore_etf
2025-02-20,175.28167206971767,511260_XSHG_onshore_etf
2025-02-21,174.92404395649683,511260_XSHG_onshore_etf
2025-02-24,174.1532714525516,511260_XSHG_onshore_etf
2025-02-25,174.2914166082001,511260_XSHG_onshore_etf
2025-02-26,174.74200220933392,511260_XSHG_onshore_etf
2025-02-27,174.43472606873263,511260_XSHG_onshore_etf
2025-02-28,174.70197884648246,511260_XSHG_onshore_etf
2025-03-03,174.9304993376019,511260_XSHG_onshore_etf
2025-03-04,174.86981875521425,511260_XSHG_onshore_etf
2025-03-05,174.89951350829756,511260_XSHG_onshore_etf
2025-03-06,174.4618386693739,511260_XSHG_onshore_etf
2025-03-07,173.9725207816097,511260_XSHG_onshore_etf
2025-03-10,173.5916532964106,511260_XSHG_onshore_etf
2025-03-11,172.92287581392546,511260_XSHG_onshore_etf
2025-03-12,173.58003361042148,511260_XSHG_onshore_etf
2025-03-13,173.40186509192156,511260_XSHG_onshore_etf
2025-03-14,173.1346123141717,511260_XSHG_onshore_etf
2025-03-17,172.6155996733242,511260_XSHG_onshore_etf
2025-03-18,172.5936513775669,511260_XSHG_onshore_etf
2025-03-19,172.74212514298353,511260_XSHG_onshore_etf
2025-03-20,173.45738136942518,511260_XSHG_onshore_etf
2025-03-21,173.45479921698313,511260_XSHG_onshore_etf
2025-03-24,173.2650110124941,511260_XSHG_onshore_etf
2025-03-25,173.6781554032185,511260_XSHG_onshore_etf
2025-03-26,173.82017378753005,511260_XSHG_onshore_etf
2025-03-27,173.88989190346481,511260_XSHG_onshore_etf
2025-03-28,173.65878925990333,511260_XSHG_onshore_etf
2025-03-31,173.63554988792507,511260_XSHG_onshore_etf
2025-04-01,173.66137141234532,511260_XSHG_onshore_etf
2025-04-02,173.910549123001,511260_XSHG_onshore_etf
2025-04-03,174.9640673193483,511260_XSHG_onshore_etf
2025-04-07,176.10021439384042,511260_XSHG_onshore_etf
2025-04-08,175.57732852432983,511260_XSHG_onshore_etf
2025-04-09,175.70514507021022,511260_XSHG_onshore_etf
2025-04-10,175.7245112135254,511260_XSHG_onshore_etf
2025-04-11,175.6948164604421,511260_XSHG_onshore_etf
2025-04-14,175.6948164604421,511260_XSHG_onshore_etf
2025-04-15,175.81488654899636,511260_XSHG_onshore_etf
2025-04-16,176.0498624212209,511260_XSHG_onshore_etf
2025-04-17,176.00596582970638,511260_XSHG_onshore_etf
2025-04-18,175.90655296068834,511260_XSHG_onshore_etf
2025-04-21,175.7245112135254,511260_XSHG_onshore_etf
2025-04-22,175.89493327469924,511260_XSHG_onshore_etf
2025-04-23,175.7154736799783,511260_XSHG_onshore_etf
2025-04-24,175.60960542985518,511260_XSHG_onshore_etf
2025-04-25,175.71030937509425,511260_XSHG_onshore_etf
2025-04-28,175.82650623498552,511260_XSHG_onshore_etf
2025-04-29,176.23448632082588,511260_XSHG_onshore_etf
2025-04-30,176.29129367455045,511260_XSHG_onshore_etf
2025-05-06,176.23190416838383,511260_XSHG_onshore_etf
2025-05-07,176.08472147918826,511260_XSHG_onshore_etf
2025-05-08,176.22415771105776,511260_XSHG_onshore_etf
2025-05-09,176.3506831807171,511260_XSHG_onshore_etf
2025-05-12,176.1725146622172,511260_XSHG_onshore_etf
2025-05-13,175.95303170464484,511260_XSHG_onshore_etf
2025-05-14,175.81230439655437,511260_XSHG_onshore_etf
2025-05-15,175.77873641480798,511260_XSHG_onshore_etf
2025-05-16,175.6483377164856,511260_XSHG_onshore_etf
2025-05-19,175.74645950928263,511260_XSHG_onshore_etf
2025-05-20,175.85103668318476,511260_XSHG_onshore_etf
2025-05-21,175.90784403690935,511260_XSHG_onshore_etf
2025-05-22,175.85749206428983,511260_XSHG_onshore_etf
2025-05-23,175.84845453074274,511260_XSHG_onshore_etf
2025-05-26,175.8807314362681,511260_XSHG_onshore_etf
2025-05-27,175.82650623498552,511260_XSHG_onshore_etf
2025-05-28,175.77357210992395,511260_XSHG_onshore_etf
2025-05-29,175.59669466764504,511260_XSHG_onshore_etf
2025-05-30,175.74645950928263,511260_XSHG_onshore_etf
2025-06-03,175.77486318614493,511260_XSHG_onshore_etf
2025-06-04,175.84070807341664,511260_XSHG_onshore_etf
2025-06-05,175.88331358871008,511260_XSHG_onshore_etf
2025-06-06,176.0240408968006,511260_XSHG_onshore_etf
2025-06-09,176.2280309397208,511260_XSHG_onshore_etf
2025-06-10,176.29774905565552,511260_XSHG_onshore_etf
2025-06-11,176.44105851618806,511260_XSHG_onshore_etf
2025-06-12,176.42943883019893,511260_XSHG_onshore_etf
2025-06-13,176.42169237287285,511260_XSHG_onshore_etf
2025-06-16,176.46429788816633,511260_XSHG_onshore_etf
2025-06-17,176.63342887311913,511260_XSHG_onshore_etf
2025-06-18,176.623100263351,511260_XSHG_onshore_etf
2025-06-19,176.65666824509736,511260_XSHG_onshore_etf
2025-06-20,176.70056483661185,511260_XSHG_onshore_etf
2025-06-23,176.6605414737604,511260_XSHG_onshore_etf
2025-06-24,176.58436797672059,511260_XSHG_onshore_etf
2025-06-25,176.4255656015359,511260_XSHG_onshore_etf
2025-06-26,176.42685667775692,511260_XSHG_onshore_etf
2025-06-27,176.59856981515173,511260_XSHG_onshore_etf
2025-06-30,176.4074905344417,511260_XSHG_onshore_etf
2025-07-01,176.52626954677498,511260_XSHG_onshore_etf
2025-07-02,176.72251313236907,511260_XSHG_onshore_etf
2025-07-03,176.7534989616734,511260_XSHG_onshore_etf
2025-07-04,176.77802940987266,511260_XSHG_onshore_etf
2025-07-07,176.79739555318787,511260_XSHG_onshore_etf
2025-07-08,176.70572914149588,511260_XSHG_onshore_etf
2025-07-09,176.6605414737604,511260_XSHG_onshore_etf
2025-07-10,176.43847636374602,511260_XSHG_onshore_etf
2025-07-11,176.37134040025333,511260_XSHG_onshore_etf
2025-07-14,176.23835954948888,511260_XSHG_onshore_etf
2025-07-15,176.5378892327641,511260_XSHG_onshore_etf
2025-07-16,176.55209107119524,511260_XSHG_onshore_etf
2025-07-17,176.55079999497426,511260_XSHG_onshore_etf
2025-07-18,176.44622282107213,511260_XSHG_onshore_etf
2025-07-21,176.28354721722437,511260_XSHG_onshore_etf
2025-07-22,176.11441623227157,511260_XSHG_onshore_etf
2025-07-23,176.03049627790566,511260_XSHG_onshore_etf
2025-07-24,175.5850749816559,511260_XSHG_onshore_etf
2025-07-25,175.3591366429785,511260_XSHG_onshore_etf
2025-07-28,175.80972224411232,511260_XSHG_onshore_etf
2025-07-29,175.40174215827196,511260_XSHG_onshore_etf
2025-07-30,175.69352538422106,511260_XSHG_onshore_etf
2025-07-31,176.0330784303477,511260_XSHG_onshore_etf
2025-08-01,176.02791412546367,511260_XSHG_onshore_etf
2025-08-04,176.0317873541267,511260_XSHG_onshore_etf
2025-08-05,176.05244457366288,511260_XSHG_onshore_etf
2025-08-06,176.153148518902,511260_XSHG_onshore_etf
2025-08-07,176.20350049152154,511260_XSHG_onshore_etf
2025-08-08,176.27192753123526,511260_XSHG_onshore_etf
2025-08-11,175.92462802778255,511260_XSHG_onshore_etf
2025-08-12,175.78519179591305,511260_XSHG_onshore_etf
2025-08-13,175.87040282649997,511260_XSHG_onshore_etf
2025-08-14,175.6793235457899,511260_XSHG_onshore_etf
2025-08-15,175.64575556404355,511260_XSHG_onshore_etf
2025-08-18,175.0221657492939,511260_XSHG_onshore_etf
2025-08-19,175.0970481701127,511260_XSHG_onshore_etf
2025-08-20,174.92662610893888,511260_XSHG_onshore_etf
2025-08-21,174.9666494717903,511260_XSHG_onshore_etf
2025-08-22,174.9008045845186,511260_XSHG_onshore_etf
2025-08-25,175.17838597203655,511260_XSHG_onshore_etf
2025-08-26,175.29587390814882,511260_XSHG_onshore_etf
2025-08-27,175.41207076804008,511260_XSHG_onshore_etf
2025-08-28,175.028621130399,511260_XSHG_onshore_etf
2025-08-29,175.08542848412355,511260_XSHG_onshore_etf
2025-09-01,175.22357363977204,511260_XSHG_onshore_etf
2025-09-02,175.23261117331916,511260_XSHG_onshore_etf
2025-09-03,175.37979386251473,511260_XSHG_onshore_etf
2025-09-04,175.7412952043986,511260_XSHG_onshore_etf
2025-09-05,175.2390665544242,511260_XSHG_onshore_etf
2025-09-08,175.06606234080837,511260_XSHG_onshore_etf
2025-09-09,174.98085131022145,511260_XSHG_onshore_etf
2025-09-10,174.5909462914753,511260_XSHG_onshore_etf
2025-09-11,174.68390377938826,511260_XSHG_onshore_etf
2025-09-12,174.97310485289537,511260_XSHG_onshore_etf
2025-09-15,175.0996303225547,511260_XSHG_onshore_etf
2025-09-16,175.18225920069963,511260_XSHG_onshore_etf
2025-09-17,175.4133618442611,511260_XSHG_onshore_etf
2025-09-18,175.3772117100727,511260_XSHG_onshore_etf
2025-09-19,175.13578045674313,511260_XSHG_onshore_etf
2025-09-22,175.14740014273224,511260_XSHG_onshore_etf
2025-09-23,173.16559814347605,511260_XSHG_onshore_etf
2025-09-24,172.88543460351605,511260_XSHG_onshore_etf
2025-09-25,172.8312094022335,511260_XSHG_onshore_etf
2025-09-26,173.08038711288913,511260_XSHG_onshore_etf
2025-09-29,172.99646715852325,511260_XSHG_onshore_etf
2025-09-30,173.33214697598683,511260_XSHG_onshore_etf
2025-10-09,173.4999868847186,511260_XSHG_onshore_etf
2025-10-10,173.41090262546868,511260_XSHG_onshore_etf
2025-10-13,173.5813246866425,511260_XSHG_onshore_etf
2025-10-14,173.8808543699177,511260_XSHG_onshore_etf
2025-10-15,173.79047903444675,511260_XSHG_onshore_etf
2025-10-16,173.9260420376532,511260_XSHG_onshore_etf
2025-10-17,174.1997501965081,511260_XSHG_onshore_etf
2025-10-20,173.8808543699177,511260_XSHG_onshore_etf
2025-10-21,173.87052576014958,511260_XSHG_onshore_etf
2025-10-22,173.88989190346481,511260_XSHG_onshore_etf
2025-10-23,173.76078428136344,511260_XSHG_onshore_etf
2025-10-24,173.6781554032185,511260_XSHG_onshore_etf
2025-10-27,173.87181683637058,511260_XSHG_onshore_etf
2025-10-28,174.37146333390294,511260_XSHG_onshore_etf
2025-10-29,174.37146333390294,511260_XSHG_onshore_etf
2025-10-30,174.55996046217098,511260_XSHG_onshore_etf
2025-10-31,174.6658287122941,511260_XSHG_onshore_etf
2025-11-03,174.69035916049336,511260_XSHG_onshore_etf
2025-11-04,174.75233081910204,511260_XSHG_onshore_etf
2025-11-05,174.74974866666,511260_XSHG_onshore_etf
2025-11-06,174.56899799571804,511260_XSHG_onshore_etf
2025-11-07,174.5354300139717,511260_XSHG_onshore_etf
2025-11-10,174.46700297425798,511260_XSHG_onshore_etf
2025-11-11,174.37017225768193,511260_XSHG_onshore_etf
2025-11-12,174.50315310844636,511260_XSHG_onshore_etf
2025-11-13,174.38179194367106,511260_XSHG_onshore_etf
2025-11-14,174.47733158402605,511260_XSHG_onshore_etf
2025-11-17,174.6219321207796,511260_XSHG_onshore_etf
2025-11-18,174.66066440741002,511260_XSHG_onshore_etf
2025-11-19,174.58965521525428,511260_XSHG_onshore_etf
2025-11-20,174.63613395921078,511260_XSHG_onshore_etf
2025-11-21,174.60127490124339,511260_XSHG_onshore_etf
2025-11-24,174.6193499683376,511260_XSHG_onshore_etf
2025-11-25,174.46442082181593,511260_XSHG_onshore_etf
2025-11-26,174.06935149818568,511260_XSHG_onshore_etf
2025-11-27,174.08871764150092,511260_XSHG_onshore_etf
2025-11-28,174.11583024214218,511260_XSHG_onshore_etf
2025-12-01,174.27075938866386,511260_XSHG_onshore_etf
2025-12-02,174.1713465196458,511260_XSHG_onshore_etf
2025-12-03,174.25526647401168,511260_XSHG_onshore_etf
2025-12-04,173.7117233849649,511260_XSHG_onshore_etf
2025-12-05,174.0151262969031,511260_XSHG_onshore_etf
2025-12-08,174.00737983957703,511260_XSHG_onshore_etf
2025-12-09,174.26817723622185,511260_XSHG_onshore_etf
2025-12-10,174.25913970267476,511260_XSHG_onshore_etf
2025-12-11,174.43085284006955,511260_XSHG_onshore_etf
2025-12-12,174.3107827515153,511260_XSHG_onshore_etf
2025-12-15,173.95831894317854,511260_XSHG_onshore_etf
2025-12-16,173.9841404675988,511260_XSHG_onshore_etf
2025-12-17,174.1803840531929,511260_XSHG_onshore_etf
2025-12-18,174.2191163398233,511260_XSHG_onshore_etf
2025-12-19,174.32756674238848,511260_XSHG_onshore_etf
2025-12-22,174.15714468121465,511260_XSHG_onshore_etf
2025-12-23,174.57158014816008,511260_XSHG_onshore_etf
2025-12-24,174.46829405047896,511260_XSHG_onshore_etf
2025-12-25,174.52251925176154,511260_XSHG_onshore_etf
2025-12-26,173.35925957662812,511260_XSHG_onshore_etf
2025-12-29,172.83379155467549,511260_XSHG_onshore_etf
2025-12-30,172.76278236251972,511260_XSHG_onshore_etf
2025-12-31,172.78214850583495,511260_XSHG_onshore_etf
2026-01-05,172.67240702704876,511260_XSHG_onshore_etf
2026-01-06,172.43743115482428,511260_XSHG_onshore_etf
2026-01-07,172.3948256395308,511260_XSHG_onshore_etf
2026-01-08,172.66078734105966,511260_XSHG_onshore_etf
2026-01-09,172.82346294490742,511260_XSHG_onshore_etf
2026-01-12,172.84024693578056,511260_XSHG_onshore_etf
2026-01-13,172.98613854875512,511260_XSHG_onshore_etf
2026-01-14,173.06102096957395,511260_XSHG_onshore_etf
2026-01-15,173.19400182033834,511260_XSHG_onshore_etf
2026-01-16,173.30374329912453,511260_XSHG_onshore_etf
2026-01-19,173.347639890639,511260_XSHG_onshore_etf
2026-01-20,173.68461078432358,511260_XSHG_onshore_etf
2026-01-21,173.84341315950832,511260_XSHG_onshore_etf
2026-01-22,173.74787351915327,511260_XSHG_onshore_etf
2026-01-23,173.74916459537428,511260_XSHG_onshore_etf
2026-01-26,173.82275593997207,511260_XSHG_onshore_etf
2026-01-27,173.7594932051424,511260_XSHG_onshore_etf
2026-01-28,173.86923468392857,511260_XSHG_onshore_etf
2026-01-29,173.94669925718938,511260_XSHG_onshore_etf
2026-01-30,174.02803705911327,511260_XSHG_onshore_etf
2026-02-02,174.0370745926604,511260_XSHG_onshore_etf
2026-02-03,174.01125306824008,511260_XSHG_onshore_etf
2026-02-04,173.94928140963142,511260_XSHG_onshore_etf
2026-02-05,174.18683943429795,511260_XSHG_onshore_etf
2026-02-06,174.33014889483047,511260_XSHG_onshore_etf
2026-02-09,174.4050313156493,511260_XSHG_onshore_etf
2026-02-10,174.44505467850075,511260_XSHG_onshore_etf
2026-02-11,174.55866938594994,511260_XSHG_onshore_etf
2026-02-12,174.69294131293537,511260_XSHG_onshore_etf
2026-02-13,174.6283875018847,511260_XSHG_onshore_etf
2026-02-24,174.61418566345355,511260_XSHG_onshore_etf
2026-02-25,174.33531319971456,511260_XSHG_onshore_etf
2026-02-26,174.10291947993207,511260_XSHG_onshore_etf
2026-02-27,174.29658091308414,511260_XSHG_onshore_etf
2026-03-02,174.51348171821448,511260_XSHG_onshore_etf
2026-03-03,174.59611059635935,511260_XSHG_onshore_etf
2026-03-04,174.6103124347905,511260_XSHG_onshore_etf
2026-03-05,174.60902135856946,511260_XSHG_onshore_etf
2026-03-06,174.6658287122941,511260_XSHG_onshore_etf
2026-03-09,174.2475200166856,511260_XSHG_onshore_etf
2026-03-10,174.29012553197907,511260_XSHG_onshore_etf
2026-03-11,174.282379074653,511260_XSHG_onshore_etf
2026-03-12,174.3585525716928,511260_XSHG_onshore_etf
2026-03-13,174.33789535215655,511260_XSHG_onshore_etf
2026-03-16,174.01383522068213,511260_XSHG_onshore_etf
2026-03-17,174.09904625126904,511260_XSHG_onshore_etf
2026-03-18,174.34176858081963,511260_XSHG_onshore_etf
2026-03-19,174.40632239187033,511260_XSHG_onshore_etf
2026-03-20,174.2178252636023,511260_XSHG_onshore_etf
2026-03-23,174.04223889754442,511260_XSHG_onshore_etf
2026-03-24,174.1803840531929,511260_XSHG_onshore_etf
2026-03-25,173.41735800657372,511260_XSHG_onshore_etf
2026-03-26,173.54001024757005,511260_XSHG_onshore_etf
2026-03-27,173.52839056158095,511260_XSHG_onshore_etf
2026-03-30,173.73367168072213,511260_XSHG_onshore_etf
2026-03-31,173.7711128911315,511260_XSHG_onshore_etf
2026-04-01,173.57099607687437,511260_XSHG_onshore_etf
2026-04-02,173.65491603124028,511260_XSHG_onshore_etf
2026-04-03,173.66266248856635,511260_XSHG_onshore_etf
2026-04-07,173.73108952828008,511260_XSHG_onshore_etf
2026-04-08,173.71559661362792,511260_XSHG_onshore_etf
2026-04-09,173.81113625398294,511260_XSHG_onshore_etf
2026-04-10,173.83179347351916,511260_XSHG_onshore_etf
2026-04-13,173.95057248585243,511260_XSHG_onshore_etf
2026-04-14,174.22557172092837,511260_XSHG_onshore_etf
2026-04-15,174.25010216912764,511260_XSHG_onshore_etf
2026-04-16,174.27205046488487,511260_XSHG_onshore_etf
2026-04-17,174.52510140420358,511260_XSHG_onshore_etf
2026-04-20,174.53930324263473,511260_XSHG_onshore_etf
2026-04-21,174.61805889211658,511260_XSHG_onshore_etf
2026-04-22,174.8388329259099,511260_XSHG_onshore_etf
2026-04-23,174.71876283735565,511260_XSHG_onshore_etf
2026-04-24,174.58061768170717,511260_XSHG_onshore_etf
2026-04-27,174.20749665383417,511260_XSHG_onshore_etf
2026-04-28,174.45538328826882,511260_XSHG_onshore_etf
2026-04-29,174.5522140048449,511260_XSHG_onshore_etf
2026-04-30,174.55350508106588,511260_XSHG_onshore_etf
2026-05-06,174.38824732477613,511260_XSHG_onshore_etf
2026-05-07,174.40890454431232,511260_XSHG_onshore_etf
2026-05-08,174.52251925176154,511260_XSHG_onshore_etf
2026-05-11,174.5909462914753,511260_XSHG_onshore_etf
2026-05-12,174.75491297154403,511260_XSHG_onshore_etf
2026-05-13,174.8246310874788,511260_XSHG_onshore_etf
2026-05-14,174.77298803863823,511260_XSHG_onshore_etf
2026-05-15,174.82979539236283,511260_XSHG_onshore_etf
2026-05-18,174.935663642486,511260_XSHG_onshore_etf
2026-05-19,175.12932507563804,511260_XSHG_onshore_etf
2026-05-20,175.13061615185904,511260_XSHG_onshore_etf
2026-05-21,174.96923162423232,511260_XSHG_onshore_etf
2026-05-22,174.90855104184467,511260_XSHG_onshore_etf
2026-05-25,174.9782691577794,511260_XSHG_onshore_etf
2026-05-26,175.06089803592428,511260_XSHG_onshore_etf
2026-05-27,175.30878467035896,511260_XSHG_onshore_etf
2026-05-28,175.55408915235157,511260_XSHG_onshore_etf
2026-05-29,175.59669466764504,511260_XSHG_onshore_etf
2026-06-01,175.70385399398918,511260_XSHG_onshore_etf
2026-06-02,175.76711672881885,511260_XSHG_onshore_etf
2026-06-03,175.68707000311602,511260_XSHG_onshore_etf
2026-06-04,175.75807919527176,511260_XSHG_onshore_etf
2026-06-05,175.6780324695689,511260_XSHG_onshore_etf
2026-06-08,175.45596735955453,511260_XSHG_onshore_etf
2026-06-09,175.26359700262347,511260_XSHG_onshore_etf
2026-06-10,175.13836260918512,511260_XSHG_onshore_etf
2026-06-11,174.95502978580117,511260_XSHG_onshore_etf
2026-06-12,175.04669619749316,511260_XSHG_onshore_etf
2026-06-15,175.1616019811634,511260_XSHG_onshore_etf
2026-06-16,175.3772117100727,511260_XSHG_onshore_etf
2026-06-17,175.54892484746753,511260_XSHG_onshore_etf
2026-06-18,175.56570883834073,511260_XSHG_onshore_etf
2026-06-22,175.5360140852574,511260_XSHG_onshore_etf
2026-06-23,175.311366822801,511260_XSHG_onshore_etf
2026-06-24,175.47275135042773,511260_XSHG_onshore_etf
2026-06-25,173.96348324806257,511260_XSHG_onshore_etf
2026-06-26,174.0319102877763,511260_XSHG_onshore_etf
2026-06-29,174.2565575502327,511260_XSHG_onshore_etf
2026-06-30,174.10679270859512,511260_XSHG_onshore_etf
2026-07-01,173.85761499793944,511260_XSHG_onshore_etf
2026-07-02,173.99317800114588,511260_XSHG_onshore_etf
2026-07-03,173.94799033341042,511260_XSHG_onshore_etf
2026-07-06,174.09129979394297,511260_XSHG_onshore_etf
2026-07-07,174.1132480897002,511260_XSHG_onshore_etf
2026-07-08,174.18942158674,511260_XSHG_onshore_etf
2026-07-09,174.22944494959143,511260_XSHG_onshore_etf
2026-07-10,174.21395203493927,511260_XSHG_onshore_etf
2026-07-13,174.18942158674,511260_XSHG_onshore_etf
2026-07-14,174.15714468121465,511260_XSHG_onshore_etf
2026-07-15,174.21007880627621,511260_XSHG_onshore_etf
2026-07-16,174.19458589162406,511260_XSHG_onshore_etf
2026-07-17,174.25139324534868,511260_XSHG_onshore_etf
2026-07-20,174.25139324534868,511260_XSHG_onshore_etf
2026-07-21,174.27463261732692,511260_XSHG_onshore_etf
2026-07-22,174.41923315408044,511260_XSHG_onshore_etf
2026-07-23,174.40115808698624,511260_XSHG_onshore_etf
2026-07-24,174.5057352608884,511260_XSHG_onshore_etf
2026-07-27,174.51606387065647,511260_XSHG_onshore_etf
2026-07-28,174.48766019379417,511260_XSHG_onshore_etf
2026-07-29,174.49669772734129,511260_XSHG_onshore_etf
2026-07-30,174.63742503543176,511260_XSHG_onshore_etf
2026-07-31,174.78331664840633,511260_XSHG_onshore_etf
