date,close
2005-01-04,273.1514943523407
2005-01-05,271.460858587265
2005-01-06,270.12269644737245
2005-01-07,271.5312964820862
2005-01-10,271.3904838371277
2005-01-11,269.48878696632386
2005-01-12,271.74286274528504
2005-01-13,268.1504353923798
2005-01-14,270.686104888916
2005-01-17,270.686104888916
2005-01-18,272.7288669834137
2005-01-19,268.2207785701752
2005-01-20,263.07904904079436
2005-01-21,260.966054271698
2005-01-24,257.3033310995102
2005-01-25,258.5712132062912
2005-01-26,261.67048057842254
2005-01-27,261.3181174564362
2005-01-28,260.050298494339
2005-01-31,263.43131744575504
2005-02-01,264.2766195421219
2005-02-02,264.6990732631684
2005-02-03,261.67048057842254
2005-02-04,265.8965174751282
2005-02-16,267.5165259113312
2005-02-17,263.92436692333223
2005-02-18,263.07904904079436
2005-02-21,263.07904904079436
2005-02-22,259.83912688541415
2005-02-23,260.1912216424942
2005-02-24,263.5015501203537
2005-02-25,264.980824842453
2005-02-28,262.16345112514495
2005-03-01,265.0512943096161
2005-03-02,264.91035537528995
2005-03-03,262.7267490634918
2005-03-04,264.2766195421219
2005-03-07,268.0799974975586
2005-03-08,265.40345221138
2005-03-09,264.62876165771485
2005-03-10,264.2766195421219
2005-03-11,261.81121429252624
2005-03-14,263.0088479385376
2005-03-15,260.8956953077316
2005-03-16,257.9371142911911
2005-03-17,258.5712132062912
2005-03-18,257.1623763790131
2005-03-21,257.6556784353256
2005-03-22,254.48589423751832
2005-03-23,255.4014605808258
2005-03-24,255.47211948204043
2005-03-25,255.47211948204043
2005-03-28,255.96502688407898
2005-03-29,253.92228057575227
2005-03-30,258.71202585124973
2005-03-31,257.58505110645297
2005-04-01,254.97892792892458
2005-04-04,256.8102026910782
2005-04-05,257.5147237148285
2005-04-06,257.091891125679
2005-04-07,260.1912216424942
2005-04-08,258.0780690116882
2005-04-11,256.9511416254044
2005-04-12,258.2189921598435
2005-04-13,253.99290790462496
2005-04-14,250.40057526874543
2005-04-15,244.6952636499405
2005-04-18,244.76559104156496
2005-04-19,246.45610051727297
2005-04-20,244.4132910642624
2005-04-21,250.89360896015168
2005-04-22,247.16063732719422
2005-04-25,249.20325734615326
2005-04-26,246.87866474151613
2005-04-27,247.2309173603058
2005-04-28,244.76559104156496
2005-04-29,246.38578891181947
2005-05-09,253.78156264781953
2005-05-10,251.95024052715303
2005-05-11,253.21812263393403
2005-05-12,252.51363318252564
2005-05-13,255.2605058603287
2005-05-16,256.9511416254044
2005-05-17,258.5007437391281
2005-05-18,262.0224964046478
2005-05-19,264.20605535793305
2005-05-20,265.26270271110536
2005-05-23,266.60089642333986
2005-05-24,267.44608801651003
2005-05-25,266.31923956108096
2005-05-26,268.9957532749176
2005-05-27,269.13653434753417
2005-05-30,269.13653434753417
2005-05-31,268.2207785701752
2005-06-01,270.4043217372894
2005-06-02,272.3062711868286
2005-06-03,268.3618122215271
2005-06-06,268.4322816886902
2005-06-07,266.1783006267548
2005-06-08,265.61482904052735
2005-06-09,267.30533851623534
2005-06-10,264.4879963712692
2005-06-13,265.75567325782777
2005-06-14,264.6990732631684
2005-06-15,265.5442648563385
2005-06-16,266.95299118041993
2005-06-17,266.98819434165955
2005-06-20,266.98819434165955
2005-06-21,266.8472869796753
2005-06-22,266.565409111023
2005-06-23,263.604270734787
2005-06-24,260.64313235855104
2005-06-27,259.4447409763336
2005-06-28,261.9124036483765
2005-06-29,261.3480953950882
2005-06-30,259.303581035614
2005-07-01,258.9512336997986
2005-07-04,258.9512336997986
2005-07-05,261.6302100563049
2005-07-06,260.3613176345825
2005-07-07,261.2777522172928
2005-07-08,266.2831523742676
2005-07-11,268.75094133567814
2005-07-12,270.01983375740053
2005-07-13,270.6543431129456
2005-07-14,273.33335104179383
2005-07-15,274.1793950881958
2005-07-18,273.0515363178253
2005-07-19,276.2239883785248
2005-07-20,278.19801748466494
2005-07-21,278.2684553794861
2005-07-22,272.36205832099915
2005-07-25,271.2789066825867
2005-07-26,272.3217636051178
2005-07-27,274.4924645050049
2005-07-28,275.6422457580567
2005-07-29,273.28219138183596
2005-08-01,273.7315788696289
2005-08-02,276.6523927856445
2005-08-03,276.57924073333743
2005-08-04,273.8054169078827
2005-08-05,272.52787243995664
2005-08-08,270.7027113647461
2005-08-09,272.43158723831175
2005-08-10,270.0570214187622
2005-08-11,272.0650472625732
2005-08-12,270.47355216217045
2005-08-15,272.09890280342097
2005-08-16,267.78706115798946
2005-08-17,269.35747871932983
2005-08-18,268.01063232688904
2005-08-19,268.0049584346771
2005-08-22,268.17274820556645
2005-08-23,267.2681817214966
2005-08-24,265.65782942771915
2005-08-25,266.26910795288086
2005-08-26,265.25093186187746
2005-08-29,267.2836462600708
2005-08-30,266.3807031154633
2005-08-31,268.9467981239319
2005-09-01,268.3704348690033
2005-09-02,267.2897331790924
2005-09-05,267.2401953277588
2005-09-06,271.1457151885987
2005-09-07,271.6684947967529
2005-09-08,271.6669319057465
2005-09-09,273.220786781311
2005-09-12,273.8710502288818
2005-09-13,273.2358578796387
2005-09-14,270.03969489135744
2005-09-15,269.8283706893921
2005-09-16,271.4185737247467
2005-09-19,269.4060722381592
2005-09-20,268.24367417144776
2005-09-21,265.34955418586736
2005-09-22,266.2159004909516
2005-09-23,267.0693591384887
2005-09-26,267.20110443191527
2005-09-27,266.55093191528323
2005-09-28,266.6824018825531
2005-09-29,270.2376139984131
2005-09-30,271.99641847229003
2005-10-10,262.82865019226074
2005-10-11,261.38667149658204
2005-10-12,258.3375455703735
2005-10-13,260.30360689926147
2005-10-14,262.2685203125
2005-10-17,263.03360419120787
2005-10-18,261.27997184371947
2005-10-19,266.56410793762205
2005-10-20,264.0205841293335
2005-10-21,265.67452202224734
2005-10-24,269.91510004577634
2005-10-25,268.8314269489288
2005-10-26,267.34076040916443
2005-10-27,261.95168154144284
2005-10-28,263.8772665863037
2005-10-31,267.6813465251923
2005-11-01,267.5242846908569
2005-11-02,271.00691157684327
2005-11-03,275.0362273521423
2005-11-04,276.05150892333984
2005-11-07,276.4676075878143
2005-11-08,276.50255494384766
2005-11-09,276.60595998725887
2005-11-10,279.60194033432003
2005-11-11,280.35957255249025
2005-11-14,280.3907825683594
2005-11-15,279.0440991859436
2005-11-16,280.7309163208008
2005-11-17,284.48460032081607
2005-11-18,285.4026014648437
2005-11-21,286.09468547286986
2005-11-22,287.14892042541504
2005-11-23,287.75563031005856
2005-11-24,287.75563031005856
2005-11-25,288.3717220497131
2005-11-28,285.99758399009704
2005-11-29,284.5185845123291
2005-11-30,283.8584498962402
2005-12-01,289.13696711273195
2005-12-02,289.8537951477051
2005-12-05,287.7271452941894
2005-12-06,288.5908209762573
2005-12-07,288.0082479473114
2005-12-08,285.9759727706909
2005-12-09,287.0237207870483
2005-12-12,288.0733914299011
2005-12-13,289.17497923278813
2005-12-14,288.12275403900145
2005-12-15,288.65430876159667
2005-12-16,286.64411328887934
2005-12-19,282.0766141433716
2005-12-20,282.31831438446045
2005-12-21,283.64716432380675
2005-12-22,285.5444811630249
2005-12-23,285.49852538146973
2005-12-26,285.49852538146973
2005-12-27,282.88292411956786
2005-12-28,282.54184197425843
2005-12-29,280.6250119663238
2005-12-30,278.464568522644
2006-01-04,287.62952706069944
2006-01-05,288.7839932632446
2006-01-06,293.9649159561157
2006-01-09,295.1429586315155
2006-01-10,295.1482702331543
2006-01-11,297.6854144599914
2006-01-12,296.24987571144106
2006-01-13,296.1597267745972
2006-01-16,296.1597267745972
2006-01-17,294.1498896652222
2006-01-18,290.80687615013125
2006-01-19,292.9499151420593
2006-01-20,283.87938274993894
2006-01-23,284.1209758872986
2006-01-24,285.2897036075592
2006-01-25,284.0681292800904
2006-02-06,280.7261422729492
2006-02-07,279.5086136642456
2006-02-08,282.66807851028443
2006-02-09,280.03121058425904
2006-02-10,281.6039605682373
2006-02-13,278.22046522521975
2006-02-14,281.0553557186127
2006-02-15,282.8560350769043
2006-02-16,285.51345606689455
2006-02-17,283.24171393089296
2006-02-20,283.24171393089296
2006-02-21,280.0522709617615
2006-02-22,283.5995560295105
2006-02-23,282.7731791332245
2006-02-24,283.3705540649414
2006-02-27,286.48707733917234
2006-02-28,282.2118509330749
2006-03-01,285.96823399734495
2006-03-02,286.1883978378296
2006-03-03,284.4913075256348
2006-03-06,282.0275988327026
2006-03-07,280.5302319145203
2006-03-08,280.8456571075439
2006-03-09,278.4546168823242
2006-03-10,278.7708559326172
2006-03-13,279.64072511100767
2006-03-14,284.27072514953613
2006-03-15,286.32320758590697
2006-03-16,283.959865310669
2006-03-17,284.3580514801026
2006-03-20,284.9161843299866
2006-03-21,281.9763449951172
2006-03-22,282.78198736267086
2006-03-23,281.8462447494507
2006-03-24,283.51253353652953
2006-03-27,283.2528137397766
2006-03-28,281.9711703231812
2006-03-29,287.5608444671631
2006-03-30,288.4167264938354
2006-03-31,287.2246446826935
2006-04-03,287.7213392219544
2006-04-04,289.2401157562256
2006-04-05,291.69688421020504
2006-04-06,292.45269537734987
2006-04-07,289.76245848083494
2006-04-10,289.02652111816406
2006-04-11,286.71908065986634
2006-04-12,287.03833757972717
2006-04-13,288.6805045135498
2006-04-14,288.41789763450623
2006-04-17,285.34289794464115
2006-04-18,290.75711208343506
2006-04-19,292.0147560546875
2006-04-20,290.9221432380676
2006-04-21,287.69698158836366
2006-04-24,287.41587049827575
2006-04-25,286.5738650894165
2006-04-26,286.73079218673706
2006-04-27,289.6223404083252
2006-04-28,286.6693843536377
2006-05-08,288.7244894828796
2006-05-09,287.5289863021851
2006-05-10,284.9629080932617
2006-05-11,278.623921711731
2006-05-12,274.92430702514645
2006-05-15,274.62974198150636
2006-05-16,272.49316501235967
2006-05-17,268.85210833740234
2006-05-18,267.2560465259552
2006-05-19,269.57846700668335
2006-05-22,267.24152077865597
2006-05-23,264.5695133857727
2006-05-24,266.15292969703677
2006-05-25,269.8485860824585
2006-05-26,270.7737036266327
2006-05-29,270.7737036266327
2006-05-30,265.12698638916015
2006-05-31,266.0799640216827
2006-06-01,272.28069232177734
2006-06-02,271.7342465877533
2006-06-05,265.28229336433407
2006-06-06,265.2857909393311
2006-06-07,263.4680286125183
2006-06-08,262.7715008010864
2006-06-09,261.1454471740722
2006-06-12,256.1392591571808
2006-06-13,254.7427564212799
2006-06-14,257.1839467010498
2006-06-15,264.17162529754637
2006-06-16,262.2456325492859
2006-06-19,260.2553219203949
2006-06-20,260.51279438285826
2006-06-21,264.4851187713623
2006-06-22,261.11523179206847
2006-06-23,260.9525552207947
2006-06-26,261.63013146972656
2006-06-27,256.65713314819334
2006-06-28,258.5396994743347
2006-06-29,266.3532047920227
2006-06-30,265.01456421928407
2006-07-03,266.52335647888185
2006-07-04,266.52335647888185
2006-07-05,260.81554999160767
2006-07-06,260.50958869743346
2006-07-07,257.6095127685547
2006-07-10,255.26456419601442
2006-07-11,257.18716291236876
2006-07-12,252.27598667678834
2006-07-13,248.06250856876372
2006-07-14,245.7099847251892
2006-07-17,246.3683316116333
2006-07-18,247.3310877960205
2006-07-19,250.5529590244293
2006-07-20,246.54976157226562
2006-07-21,243.8889268245697
2006-07-24,248.59621469535827
2006-07-25,250.09580273437498
2006-07-26,249.8187131729126
2006-07-27,247.84150118637086
2006-07-28,253.1883524230957
2006-07-31,252.79658608436586
2006-08-01,248.6965031890869
2006-08-02,251.4602275619507
2006-08-03,253.11698634414674
2006-08-04,252.06831127929686
2006-08-07,250.1076275024414
2006-08-08,248.64035698242185
2006-08-09,249.0844706068039
2006-08-10,250.68427396011353
2006-08-11,249.02200036525727
2006-08-14,251.29615170288085
2006-08-15,257.88421630859375
2006-08-16,263.40135860710143
2006-08-17,263.88661804771425
2006-08-18,264.46467851867675
2006-08-21,261.8171905632019
2006-08-22,261.7704044635773
2006-08-23,259.9091375541687
2006-08-24,260.6456865722656
2006-08-25,261.1095392189026
2006-08-28,263.1382865600586
2006-08-29,263.6548044910431
2006-08-30,264.797117729187
2006-08-31,264.35207250671385
2006-09-01,265.76356192588804
2006-09-04,265.76356192588804
2006-09-05,268.21957006072995
2006-09-06,262.76687714767456
2006-09-07,261.34313607902527
2006-09-08,263.15649557304386
2006-09-11,264.98737633895877
2006-09-12,269.60965356445314
2006-09-13,271.53304774856565
2006-09-14,271.7090303817749
2006-09-15,272.5679654335022
2006-09-18,272.7595565547943
2006-09-19,270.5558647205353
2006-09-20,274.1719094482422
2006-09-21,272.4216809875488
2006-09-22,270.13910435485843
2006-09-25,274.9409165405273
2006-09-26,276.02765809440615
2006-09-27,275.2848949192047
2006-09-28,275.84007989311215
2006-09-29,274.8846778564453
2006-10-09,280.9707313232422
2006-10-10,281.6578451538086
2006-10-11,281.35794521484377
2006-10-12,285.7380992591858
2006-10-13,286.7764430999756
2006-10-16,287.4828447570801
2006-10-17,284.1612941761017
2006-10-18,282.7543896621704
2006-10-19,283.5597768173218
2006-10-20,283.9708495864868
2006-10-23,286.7074715503693
2006-10-24,284.89928169250487
2006-10-25,286.81274391555786
2006-10-26,289.2254921504974
2006-10-27,284.8777235191345
2006-10-30,286.12593377075194
2006-10-31,287.00702528762815
2006-11-01,282.84255522537234
2006-11-02,283.133267578125
2006-11-03,282.3745383396149
2006-11-06,286.6099977493286
2006-11-07,288.45400854492186
2006-11-08,289.5469550354004
2006-11-09,288.1791857471466
2006-11-10,289.48805239868165
2006-11-13,292.47405713195803
2006-11-14,295.561563079834
2006-11-15,296.9122448619843
2006-11-16,298.3276868034363
2006-11-17,298.34284707870484
2006-11-20,298.8616166542053
2006-11-21,299.2236654628754
2006-11-22,301.29230807762144
2006-11-23,301.29230807762144
2006-11-24,299.9283542785644
2006-11-27,292.8113918632507
2006-11-28,293.7362318725586
2006-11-29,295.2329030834198
2006-11-30,295.17137559509274
2006-12-01,292.66177621841433
2006-12-04,296.395920337677
2006-12-05,297.25079725265505
2006-12-06,296.2065880432129
2006-12-07,292.46632951583865
2006-12-08,293.83858380889893
2006-12-11,295.30537696838377
2006-12-12,293.3492554409027
2006-12-13,293.81726667022707
2006-12-14,296.9618128211975
2006-12-15,297.8626581230164
2006-12-18,294.6378683166504
2006-12-19,293.89143393859865
2006-12-20,292.5011212425232
2006-12-21,290.433196685791
2006-12-22,287.3947007686615
2006-12-25,287.3947007686615
2006-12-26,288.7695493587494
2006-12-27,290.3025343017578
2006-12-28,288.5300090087891
2006-12-29,288.52023608131407
2007-01-04,294.7216822013855
2007-01-05,293.1552310699463
2007-01-08,293.65659483184817
2007-01-09,294.8569429969788
2007-01-10,298.4101946926117
2007-01-11,300.9846008491516
2007-01-12,302.6715326904297
2007-01-15,302.6715326904297
2007-01-16,302.1454307174683
2007-01-17,299.10708924560544
2007-01-18,293.4016469154358
2007-01-19,294.17854068603515
2007-01-22,291.0078902568817
2007-01-23,290.26399276123044
2007-01-24,294.86611511802676
2007-01-25,291.0719553070068
2007-01-26,290.1675453231812
2007-01-29,290.3666086349487
2007-01-30,290.57472763061526
2007-01-31,293.3691641784668
2007-02-01,292.3793357563019
2007-02-02,293.36685212326046
2007-02-05,293.27874627990724
2007-02-06,292.7402648220062
2007-02-07,295.0513285751343
2007-02-08,295.0230847869873
2007-02-09,291.20967579956056
2007-02-12,290.4335800933838
2007-02-13,291.6632143310547
2007-02-14,296.3281313266754
2007-02-15,297.9786664981842
2007-02-16,296.5265699699402
2007-02-26,299.0008087158203
2007-02-27,286.4086640563965
2007-02-28,287.31469897460937
2007-03-01,286.0809466171265
2007-03-02,281.8060425796509
2007-03-05,279.50830099868773
2007-03-06,284.2898324752808
2007-03-07,283.07782874679566
2007-03-08,284.890779876709
2007-03-09,284.79114814567566
2007-03-12,286.68194175338743
2007-03-13,280.94897970962523
2007-03-14,284.9128173294067
2007-03-15,284.47059638214114
2007-03-16,283.70106372070313
2007-03-19,286.8936435070038
2007-03-20,288.818297164917
2007-03-21,294.4993609619141
2007-03-22,293.1960086631775
2007-03-23,292.2836230659485
2007-03-26,293.8785262939453
2007-03-27,291.58833316955565
2007-03-28,288.4131229194641
2007-03-29,288.60267059326173
2007-03-30,288.1585833251953
2007-04-02,288.7948447021484
2007-04-03,292.46150768928527
2007-04-04,293.9501233329773
2007-04-05,295.0457050323486
2007-04-06,295.0380663085937
2007-04-09,294.46984647750855
2007-04-10,296.0469481842041
2007-04-11,292.98215716514585
2007-04-12,295.0075114135742
2007-04-13,295.53451856384277
2007-04-16,298.4836830242157
2007-04-17,299.1654778411865
2007-04-18,297.86320613708494
2007-04-19,298.46846013069154
2007-04-20,300.2184311103821
2007-04-23,301.1882048950195
2007-04-24,302.9661042690277
2007-04-25,306.4464094192505
2007-04-26,308.42146812438966
2007-04-27,307.91150751571655
2007-04-30,303.68523656845093
2007-05-08,308.21640104637146
2007-05-09,308.83576878204343
2007-05-10,304.5952894836426
2007-05-11,308.08099183464054
2007-05-14,305.5117665309906
2007-05-15,304.00978973007204
2007-05-16,306.5462017593384
2007-05-17,304.7005013885498
2007-05-18,306.8233046356201
2007-05-21,308.8744307189942
2007-05-22,308.75028506469727
2007-05-23,307.0254864654541
2007-05-24,302.77132714271545
2007-05-25,304.6814970645905
2007-05-28,304.6814970645905
2007-05-29,306.99062173233034
2007-05-30,309.27650657463073
2007-05-31,310.93366967010496
2007-06-01,310.99630289230345
2007-06-04,311.9956841995239
2007-06-05,311.5633934066773
2007-06-06,308.14295755233763
2007-06-07,303.95205478668214
2007-06-08,308.25765984802246
2007-06-11,307.7224058990479
2007-06-12,304.9885499725342
2007-06-13,307.98405525588987
2007-06-14,310.21615481567386
2007-06-15,312.36382030677794
2007-06-18,312.21615236434934
2007-06-19,312.07704127311706
2007-06-20,309.15702352142335
2007-06-21,312.0816208984375
2007-06-22,309.1886002044678
2007-06-25,307.74759574508664
2007-06-26,305.94685867767333
2007-06-27,310.78224845504764
2007-06-28,310.6026846580505
2007-06-29,310.80709170532225
2007-07-02,313.34698296737673
2007-07-03,314.7302109100342
2007-07-04,314.7302109100342
2007-07-05,317.22728881835934
2007-07-06,318.5311904907226
2007-07-09,318.95742602348326
2007-07-10,315.4509969978332
2007-07-11,316.78180252075197
2007-07-12,321.7769450340271
2007-07-13,324.0701301879883
2007-07-16,323.53141200256346
2007-07-17,325.9588625324249
2007-07-18,325.586717042923
2007-07-19,326.23655037689207
2007-07-20,325.11707234077454
2007-07-23,324.92497060546873
2007-07-24,320.1566072616577
2007-07-25,320.33972257995606
2007-07-26,317.96908233642574
2007-07-27,311.377520401001
2007-07-30,315.2608546066284
2007-07-31,308.7190511627197
2007-08-01,310.91691781616214
2007-08-02,314.0340214477539
2007-08-03,307.80117069625857
2007-08-06,311.1162022521973
2007-08-07,313.70249336242676
2007-08-08,317.3450647491455
2007-08-09,309.65503574638365
2007-08-10,307.0060047210693
2007-08-13,309.64340251541137
2007-08-14,304.1533662643433
2007-08-15,298.6437503814697
2007-08-16,297.0063088260651
2007-08-17,301.7482487182617
2007-08-20,302.7426375770569
2007-08-21,306.2938729324341
2007-08-22,310.4505676715851
2007-08-23,309.3183868801117
2007-08-24,312.86414791107177
2007-08-27,310.5159506408691
2007-08-28,302.8461524372101
2007-08-29,311.34280249023436
2007-08-30,312.67151902770996
2007-08-31,316.3412096580505
2007-09-03,316.3412096580505
2007-09-04,321.7889309806824
2007-09-05,318.6768539657593
2007-09-06,317.53242728805543
2007-09-07,311.8177575263977
2007-09-10,311.06560285568236
2007-09-11,315.7137579421997
2007-09-12,315.73625308227537
2007-09-13,316.8628342781067
2007-09-14,317.3738856430054
2007-09-17,314.81395362854005
2007-09-18,322.87601934814455
2007-09-19,323.34885975837705
2007-09-20,322.1033207836151
2007-09-21,324.1588497161865
2007-09-24,325.96492532730105
2007-09-25,329.342703994751
2007-09-26,331.04289434814456
2007-09-27,332.60932073593136
2007-09-28,330.5998206481934
2007-10-08,342.56461023254394
2007-10-09,344.0332370738983
2007-10-10,344.77918244361877
2007-10-11,339.32494557189943
2007-10-12,344.9768839874268
2007-10-15,342.51704063034055
2007-10-16,340.8415435211181
2007-10-17,345.4092569595337
2007-10-18,346.85593350067137
2007-10-19,337.90742907714844
2007-10-22,341.9441091442108
2007-10-23,348.84051024627684
2007-10-24,345.76222334861757
2007-10-25,340.56324951171877
2007-10-26,347.02715848388675
2007-10-29,347.29035827941897
2007-10-30,347.95841070556645
2007-10-31,352.71681501846314
2007-11-01,345.65156838912964
2007-11-02,348.3308255081177
2007-11-05,345.95119972229
2007-11-06,349.68985805511477
2007-11-07,340.74937130737305
2007-11-08,329.474345470047
2007-11-09,318.36559038162227
2007-11-12,310.2791905632019
2007-11-13,323.46494968338015
2007-11-14,319.1967121124267
2007-11-15,317.47602138519284
2007-11-16,320.4074552536011
2007-11-19,316.98019310188295
2007-11-20,317.8788463592529
2007-11-21,313.8452026062012
2007-11-22,313.8452026062012
2007-11-23,316.8720860366821
2007-11-26,310.9461560096741
2007-11-27,316.71734862327577
2007-11-28,326.53008173561096
2007-11-29,327.45957275390623
2007-11-30,325.2095452880859
2007-12-03,323.18302294921875
2007-12-04,322.02286975860596
2007-12-05,327.1421947479248
2007-12-06,332.82341015625
2007-12-07,332.66249660110475
2007-12-10,333.23091606140133
2007-12-11,325.0087170562744
2007-12-12,327.6996778564453
2007-12-13,325.7507162475586
2007-12-14,322.61714458465576
2007-12-17,315.00334601211546
2007-12-18,315.74272876319884
2007-12-19,315.5810876441956
2007-12-20,321.8201982650757
2007-12-21,328.21741195678715
2007-12-24,329.7660382461548
2007-12-25,329.7660382461548
2007-12-26,331.29454050064084
2007-12-27,325.6658206550598
2007-12-28,325.1782627258301
2008-01-02,315.9231254524231
2008-01-03,316.4085097980499
2008-01-04,302.28254506874083
2008-01-07,300.88743925094604
2008-01-08,292.9384628677368
2008-01-09,298.9965022087097
2008-01-10,299.7425126647949
2008-01-11,293.5277942790985
2008-01-14,298.2773679008484
2008-01-15,289.328503200531
2008-01-16,286.4386312866211
2008-01-17,281.8529220561981
2008-01-18,282.1778492889404
2008-01-21,282.1778492889404
2008-01-22,275.01947556152345
2008-01-23,273.7493812561035
2008-01-24,278.68398905181886
2008-01-25,272.54781798744204
2008-01-28,274.02585010528566
2008-01-29,274.5777817955017
2008-01-30,274.12842658996584
2008-01-31,278.4594845100403
2008-02-01,281.4034773788452
2008-02-04,277.7233772907257
2008-02-05,269.5147568206787
2008-02-13,276.8961188987732
2008-02-14,271.53625314331055
2008-02-15,270.2333924636841
2008-02-18,270.2333924636841
2008-02-19,268.6315078525543
2008-02-20,269.63321675300597
2008-02-21,266.9438307800293
2008-02-22,267.9439542388916
2008-02-25,269.753791103363
2008-02-26,271.0178581466675
2008-02-27,271.68592826843263
2008-02-28,269.5058974456787
2008-02-29,262.41430659484865
2008-03-03,260.4103526515961
2008-03-04,261.9672830505371
2008-03-05,263.3048347759247
2008-03-06,257.44585922088623
2008-03-07,257.0195842666626
2008-03-10,251.89390783691405
2008-03-11,261.35754338760376
2008-03-12,260.5627413253784
2008-03-13,262.16921031951904
2008-03-14,257.32079707717895
2008-03-17,252.41744575881958
2008-03-18,263.5449090957642
2008-03-19,256.5465771713257
2008-03-20,261.2710798645019
2008-03-21,261.2525552558899
2008-03-24,270.4205312347412
2008-03-25,271.5129286651611
2008-03-26,270.1491673851013
2008-03-27,263.4707288265228
2008-03-28,262.20074336242675
2008-03-31,263.58731350708007
2008-04-01,274.8460057846069
2008-04-02,274.51289649009703
2008-04-03,274.97928155899046
2008-04-07,275.45363246536255
2008-04-08,273.3390125793457
2008-04-09,270.303910546875
2008-04-10,273.73785017013546
2008-04-11,266.7350947418213
2008-04-14,265.2650475769043
2008-04-15,265.45539506149294
2008-04-16,272.7548409423828
2008-04-17,271.84244375610353
2008-04-18,281.39325347900393
2008-04-21,283.1021575332642
2008-04-22,278.46698229598996
2008-04-23,281.5518493366241
2008-04-24,284.3195851020813
2008-04-25,284.1654840259552
2008-04-28,284.40320292663574
2008-04-29,285.85440534782407
2008-04-30,283.6138186340332
2008-05-05,291.9143416023254
2008-05-06,293.90456224823
2008-05-07,288.55859759521485
2008-05-08,291.30364990234375
2008-05-09,289.6460744842529
2008-05-12,294.9541792568207
2008-05-13,295.7691794456482
2008-05-14,295.53457985687254
2008-05-15,300.50804611968994
2008-05-16,300.4776289520264
2008-05-19,297.5462593460083
2008-05-20,295.3749197483063
2008-05-21,288.2893146270752
2008-05-22,288.59151665496825
2008-05-23,287.6629920501709
2008-05-26,287.6629920501709
2008-05-27,292.8962825775147
2008-05-28,293.9126590942383
2008-05-29,296.4061556987763
2008-05-30,298.4136727142334
2008-06-02,294.4553088283539
2008-06-03,292.91345685119626
2008-06-04,297.9187862262726
2008-06-05,301.89673587036134
2008-06-06,291.84938252639773
2008-06-10,289.0077737792969
2008-06-11,281.4184494457245
2008-06-12,281.61356967544555
2008-06-13,287.1472017990112
2008-06-16,289.14174339179993
2008-06-17,287.7807594902039
2008-06-18,284.14870997734073
2008-06-19,288.37275955963133
2008-06-20,280.6921099182129
2008-06-23,278.2752501907348
2008-06-24,276.690631539917
2008-06-25,280.99460978279114
2008-06-26,269.5629496421814
2008-06-27,269.5158163856506
2008-06-30,266.57691827774045
2008-07-01,270.42097695312503
2008-07-02,263.6736305580139
2008-07-03,263.1519194332123
2008-07-04,263.1519194332123
2008-07-07,264.8908067516327
2008-07-08,270.9778478279114
2008-07-09,264.25610840148926
2008-07-10,266.5989143714905
2008-07-11,262.0069024253845
2008-07-14,260.4928222084045
2008-07-15,259.6419876399994
2008-07-16,265.6804212890625
2008-07-17,267.772041268158
2008-07-18,261.5311201507568
2008-07-21,263.042268875885
2008-07-22,262.95365186157227
2008-07-23,266.5391609745025
2008-07-24,262.5945464630127
2008-07-25,265.60136261024473
2008-07-28,261.1608198867798
2008-07-29,266.30459707031247
2008-07-30,267.6868489013672
2008-07-31,267.4942732727051
2008-08-01,264.2166788471222
2008-08-04,261.7510737861633
2008-08-05,270.7066002170563
2008-08-06,274.75609864730836
2008-08-07,272.9253883666992
2008-08-08,279.3184391601563
2008-08-11,281.74569445610047
2008-08-12,282.3779737957001
2008-08-13,281.5491873161316
2008-08-14,284.7912733459473
2008-08-15,284.46329862442013
2008-08-18,281.38495690536496
2008-08-19,277.4684105800629
2008-08-20,277.65687239112856
2008-08-21,275.85971159172055
2008-08-22,279.2144811721802
2008-08-25,273.9230302734375
2008-08-26,270.85306503295897
2008-08-27,273.68858658599856
2008-08-28,277.27222954177853
2008-08-29,270.8383099945068
2008-09-01,270.8383099945068
2008-09-02,267.34594722747806
2008-09-03,265.65291369934084
2008-09-04,257.361150806427
2008-09-05,255.71203170776366
2008-09-08,255.38309710693358
2008-09-09,249.75751754493712
2008-09-10,251.70253049850464
2008-09-11,256.8386342411041
2008-09-12,253.3897438583374
2008-09-16,249.5584313209534
2008-09-17,236.26348694610596
2008-09-18,244.5584679603577
2008-09-19,252.47926697731017
2008-09-22,240.4185207481384
2008-09-23,237.92462053756714
2008-09-24,239.98526137275695
2008-09-25,243.50733007431032
2008-09-26,242.03678508110045
2008-10-06,205.3564531364441
2008-10-07,191.63770895576477
2008-10-08,190.11159539413453
2008-10-09,185.0892836894989
2008-10-10,184.33285248470307
2008-10-13,206.7565738290787
2008-10-14,197.75850996818542
2008-10-15,180.0768961715698
2008-10-16,189.79575064926146
2008-10-17,190.03111891784667
2008-10-20,195.23174730300903
2008-10-21,185.22029260368348
2008-10-22,180.11197241096497
2008-10-23,179.4400059299469
2008-10-24,173.87071378479004
2008-10-27,169.2591604106903
2008-10-28,187.587843998909
2008-10-29,187.13047564888
2008-10-30,193.42297804870606
2008-10-31,193.66086990280152
2008-11-03,193.20633285713197
2008-11-04,198.64325605010987
2008-11-05,188.0777872772217
2008-11-06,179.5652045383453
2008-11-07,183.2938653230667
2008-11-10,180.85743256778716
2008-11-11,176.91932740135192
2008-11-12,168.81354391727447
2008-11-13,179.09823004016877
2008-11-14,170.25895086364747
2008-11-17,166.74357747039795
2008-11-18,166.5062681148529
2008-11-19,157.9402898197174
2008-11-20,150.39514694595337
2008-11-21,156.83912930068968
2008-11-24,166.29558619365693
2008-11-25,165.46131951141356
2008-11-26,172.54898179092407
2008-11-27,172.54898179092407
2008-11-28,171.12660147628785
2008-12-01,159.62021820907592
2008-12-02,164.820538583374
2008-12-03,169.40065583572388
2008-12-04,164.7763452861786
2008-12-05,171.45918726119996
2008-12-08,178.10447286605833
2008-12-09,177.58671940040588
2008-12-10,176.76310821533204
2008-12-11,171.59904174785615
2008-12-12,174.84167445373535
2008-12-15,171.92908117675782
2008-12-16,180.09933504638673
2008-12-17,177.66404553413392
2008-12-18,174.52214244880676
2008-12-19,176.20903305053713
2008-12-22,172.54946151924133
2008-12-23,171.58825378417967
2008-12-24,171.74653980159758
2008-12-25,171.74653980159758
2008-12-26,171.8232415620804
2008-12-29,170.5022201036453
2008-12-30,173.65683613586427
2008-12-31,174.94946920871735
2009-01-05,182.67979360580443
2009-01-06,184.66752104187012
2009-01-07,179.34292108535766
2009-01-08,181.260037172699
2009-01-09,177.2148129272461
2009-01-12,174.0039831047058
2009-01-13,174.0095015247345
2009-01-14,168.72087534923554
2009-01-15,171.5308653909683
2009-01-16,173.43228524150848
2009-01-19,173.43228524150848
2009-01-20,164.9075297103882
2009-01-21,171.89841483306884
2009-01-22,169.5439934978485
2009-01-23,170.42421585998534
2009-02-02,173.62947648620607
2009-02-03,176.1623884780884
2009-02-04,176.23318200874328
2009-02-05,180.17472298336028
2009-02-06,184.84383116607665
2009-02-09,185.7564800201416
2009-02-10,178.52090195503234
2009-02-11,177.93408399658202
2009-02-12,180.14836430835726
2009-02-13,179.44662247467042
2009-02-16,179.44662247467042
2009-02-17,172.21804755592345
2009-02-18,172.39389555587766
2009-02-19,169.66631502456667
2009-02-20,170.1850579027176
2009-02-23,164.202376619339
2009-02-24,169.65699519348146
2009-02-25,168.5394408979416
2009-02-26,163.80417617053985
2009-02-27,162.35240426158904
2009-03-02,157.20253817367552
2009-03-03,157.02713931217195
2009-03-04,161.26012912597656
2009-03-05,156.36234211120606
2009-03-06,155.09865041160583
2009-03-09,151.8029142463684
2009-03-10,161.20828608703613
2009-03-11,163.65933129901887
2009-03-12,169.04558859729767
2009-03-13,169.45096601486208
2009-03-16,166.62333453292845
2009-03-17,172.90175156612395
2009-03-18,175.02659422321318
2009-03-19,174.63489460754394
2009-03-20,172.07011734867095
2009-03-23,182.36740201663972
2009-03-24,178.89594855117798
2009-03-25,179.74812884216308
2009-03-26,185.3366734313965
2009-03-27,181.82875688552858
2009-03-30,177.47484917449952
2009-03-31,178.92869698562623
2009-04-01,181.61085860996246
2009-04-02,187.45684367752074
2009-04-03,190.94746482810973
2009-04-07,185.50698909702302
2009-04-08,188.60582341194151
2009-04-09,194.4214525794983
2009-04-10,194.40153817844393
2009-04-13,194.14620234317778
2009-04-14,191.7092392578125
2009-04-15,191.18107616996764
2009-04-16,196.12322889175414
2009-04-17,196.56216639518738
2009-04-20,190.26488875694275
2009-04-21,192.70313112983703
2009-04-22,193.41154739227295
2009-04-23,195.21039025497439
2009-04-24,198.58627080917358
2009-04-27,198.88036152267455
2009-04-28,197.39472594413758
2009-04-29,200.03944144268036
2009-04-30,201.8568481750488
2009-05-04,206.5211608640671
2009-05-05,206.22943979930878
2009-05-06,206.26105980224608
2009-05-07,201.5479707183838
2009-05-08,201.62147926330567
2009-05-11,202.41743221092224
2009-05-12,199.8838127708435
2009-05-13,194.55144612121583
2009-05-14,196.81219809112548
2009-05-15,196.62794838428496
2009-05-18,201.87263645267487
2009-05-19,202.75655260372162
2009-05-20,202.0581721069336
2009-05-21,198.33606801414487
2009-05-22,197.6354868335724
2009-05-25,197.6354868335724
2009-05-26,205.2986560573578
2009-05-27,203.721292086792
2009-06-01,214.5455122177124
2009-06-02,214.96941866493225
2009-06-03,214.27334314346314
2009-06-04,216.82164964199066
2009-06-05,217.05131299705508
2009-06-08,216.53527400436403
2009-06-09,218.13113577575683
2009-06-10,217.2906589794159
2009-06-11,217.37969949531555
2009-06-12,216.35699663085938
2009-06-15,211.95725160484315
2009-06-16,209.8203321033478
2009-06-17,211.90762823867797
2009-06-18,211.4325106033325
2009-06-19,213.75191807556152
2009-06-22,207.30706354522704
2009-06-23,206.85243685569762
2009-06-24,210.21929776439669
2009-06-25,214.4702578033447
2009-06-26,214.89892391204833
2009-06-29,215.38411810569764
2009-06-30,214.86983929328917
2009-07-01,215.07944947242737
2009-07-02,210.29378731536866
2009-07-03,210.31841476440428
2009-07-06,209.2633009819031
2009-07-07,204.01498925590516
2009-07-08,205.0694995300293
2009-07-09,205.4058794084549
2009-07-10,206.31623624324797
2009-07-13,210.27777151756288
2009-07-14,211.05828078460695
2009-07-15,218.1008052186966
2009-07-16,220.6839781150818
2009-07-17,221.86200038490296
2009-07-20,223.9687220275879
2009-07-21,225.4946604537964
2009-07-22,227.40121319961548
2009-07-23,232.43192115020753
2009-07-24,230.67674309806821
2009-07-27,232.44553196716308
2009-07-28,230.8370758972168
2009-07-29,232.3932599838257
2009-07-30,233.77586179122923
2009-07-31,233.06019411621094
2009-08-03,236.50753835754395
2009-08-04,236.48676414031982
2009-08-05,234.67312507209778
2009-08-06,232.6227589538574
2009-08-07,235.59002349243164
2009-08-10,234.02165070991518
2009-08-11,232.03948916130068
2009-08-12,235.64482173500062
2009-08-13,236.90001892700195
2009-08-14,234.19900507354737
2009-08-17,227.45940399856568
2009-08-18,230.63956475372316
2009-08-19,232.24536044311523
2009-08-20,234.8846685569763
2009-08-21,238.0016852027893
2009-08-24,237.74810673675537
2009-08-25,238.49180407409668
2009-08-26,238.046900491333
2009-08-27,238.6619553817749
2009-08-28,238.84245079040528
2009-08-31,236.41736471977234
2009-09-01,231.9744155845642
2009-09-02,231.82443728218078
2009-09-03,233.34288493652343
2009-09-04,238.345602419281
2009-09-07,238.345602419281
2009-09-08,240.50859196853636
2009-09-09,242.63161124267577
2009-09-10,244.95238518524172
2009-09-11,245.14904319763184
2009-09-14,246.1009152015686
2009-09-15,246.89379137763976
2009-09-16,250.34207793502807
2009-09-17,250.33809420776367
2009-09-18,250.78677610015868
2009-09-21,251.61768282089236
2009-09-22,252.0204950958252
2009-09-23,250.78718254470826
2009-09-24,248.57503350143432
2009-09-25,246.42494290161133
2009-09-28,250.59135585594177
2009-09-29,249.4977539920807
2009-09-30,249.63501727294923
2009-10-09,250.94250997314452
2009-10-12,251.4739791931152
2009-10-13,251.59194263916015
2009-10-14,255.00789309539795
2009-10-15,254.4505747795105
2009-10-16,252.78117724304198
2009-10-19,255.32206388778687
2009-10-20,255.33620812225342
2009-10-21,254.93080032958986
2009-10-22,255.99161542396547
2009-10-23,254.90149447631836
2009-10-26,254.06680747528077
2009-10-27,250.27659162597658
2009-10-28,244.5822283668518
2009-10-29,248.7150371700287
2009-10-30,242.01994676818848
2009-11-02,243.03873113250734
2009-11-03,243.8426103805542
2009-11-04,244.2096366634369
2009-11-05,250.25146989135743
2009-11-06,251.71764596252441
2009-11-09,257.07589850387575
2009-11-10,257.70306079673765
2009-11-11,259.35730928993223
2009-11-12,257.92560835456845
2009-11-13,260.0263230743408
2009-11-16,262.6964624855041
2009-11-17,263.5121284637451
2009-11-18,262.0695561077118
2009-11-19,258.04521414871215
2009-11-20,256.7224472236633
2009-11-23,260.94719718933106
2009-11-24,260.03000137939455
2009-11-25,261.0765408447266
2009-11-26,261.0765408447266
2009-11-27,257.11732530517577
2009-11-30,257.3864764137268
2009-12-01,260.0644165878296
2009-12-02,260.38076762390136
2009-12-03,259.35152050094604
2009-12-04,260.68005243110656
2009-12-07,259.5418366943359
2009-12-08,257.8966599750519
2009-12-09,260.497185716629
2009-12-10,261.7550352111816
2009-12-11,260.76964188690187
2009-12-14,263.29766645355227
2009-12-15,261.77804192352295
2009-12-16,262.1671993858337
2009-12-17,259.0024180686951
2009-12-18,263.20035461425783
2009-12-21,266.176004095459
2009-12-22,267.7783261089325
2009-12-23,269.7202555938721
2009-12-24,272.1627956954956
2009-12-25,272.1627956954956
2009-12-28,273.69574179039
2009-12-29,272.5306652812958
2009-12-30,273.17944805145265
2009-12-31,270.7538084129333
2010-01-04,274.7753592815399
2010-01-05,274.71498943710327
2010-01-06,273.11399161376954
2010-01-07,273.32355537414554
2010-01-08,275.548893674469
2010-01-11,274.38000158462523
2010-01-12,270.9631199306488
2010-01-13,274.4493286857605
2010-01-14,274.56558824157713
2010-01-15,271.38536930007933
2010-01-18,271.38536930007933
2010-01-19,275.7613494003296
2010-01-20,271.7558859855652
2010-01-21,269.2505972396851
2010-01-22,261.3862519607544
2010-01-25,262.2662941635132
2010-01-26,262.4838436977386
2010-01-27,264.5748027923584
2010-01-28,257.7642273582458
2010-01-29,253.26952990722657
2010-02-01,256.02147983551026
2010-02-02,258.3673285179138
2010-02-03,259.74996985626217
2010-02-04,252.3076806793213
2010-02-05,254.42024607658385
2010-02-08,252.54828724479677
2010-02-09,255.15996985054016
2010-02-10,254.67572122192385
2010-02-11,258.70529481811525
2010-02-12,259.23102401809695
2010-02-22,264.7958539245605
2010-02-23,261.3747658210754
2010-02-24,264.0458736553192
2010-02-25,263.97894520339963
2010-02-26,264.8909503295898
2010-03-01,268.7574650508881
2010-03-02,269.5938867073059
2010-03-03,269.8621160194397
2010-03-04,270.749841847229
2010-03-05,274.8413865661621
2010-03-08,275.3781551891327
2010-03-09,276.92494301109315
2010-03-10,279.1575780658722
2010-03-11,280.25163814086915
2010-03-12,280.2614782913208
2010-03-15,279.5719065296173
2010-03-16,281.3390625572205
2010-03-17,282.1166467529297
2010-03-18,283.0719956539154
2010-03-19,281.37612508964537
2010-03-22,283.92800848846434
2010-03-23,285.87066041908264
2010-03-24,284.52045061950685
2010-03-25,284.12236206817624
2010-03-26,284.4145385761261
2010-03-29,285.7564413696289
2010-03-30,286.6791734786987
2010-03-31,285.3166641838074
2010-04-01,285.33756405372617
2010-04-02,285.3041242618561
2010-04-06,288.77804803848267
2010-04-07,288.08416717147827
2010-04-08,288.67654061889647
2010-04-09,290.34736638107296
2010-04-12,290.6821447128296
2010-04-13,292.1758923950195
2010-04-14,295.6841759536743
2010-04-15,296.99628008270264
2010-04-16,293.41132679100036
2010-04-19,293.2724767478943
2010-04-20,294.7148157863617
2010-04-21,296.4688418769836
2010-04-22,298.0757340045929
2010-04-23,299.3506837272644
2010-04-26,298.68130191192625
2010-04-27,292.2987222290039
2010-04-28,292.4292939186096
2010-04-29,297.5842584308624
2010-04-30,291.6679034900665
2010-05-04,286.9245554122925
2010-05-05,285.455995192337
2010-05-06,275.9251644229889
2010-05-07,269.0088530265808
2010-05-10,283.02675067634584
2010-05-11,282.82166185760497
2010-05-12,288.0923215293884
2010-05-13,283.5630576675415
2010-05-14,278.0501429889679
2010-05-17,278.9835594680786
2010-05-18,275.12789198417664
2010-05-19,272.91938006362915
2010-05-20,262.81790098571776
2010-05-21,265.66327047500613
2010-05-24,264.6899137458801
2010-05-25,265.02015021514893
2010-05-26,261.9865605102539
2010-05-27,271.9010270843506
2010-05-28,270.33619408416746
2010-05-31,270.33619408416746
2010-06-01,267.72871940612794
2010-06-02,274.1536612640381
2010-06-03,276.7090795978546
2010-06-04,267.1679003128052
2010-06-07,262.51677648925784
2010-06-08,261.93496453781125
2010-06-09,259.70764364624023
2010-06-10,267.194248506546
2010-06-11,269.80265002441405
2010-06-17,278.8711961936951
2010-06-18,279.0087581741333
2010-06-21,275.42269951171875
2010-06-22,273.9341907600403
2010-06-23,272.79654247283935
2010-06-24,268.16483221435544
2010-06-25,267.8632020137787
2010-06-28,267.1091602172852
2010-06-29,256.87020473327635
2010-06-30,252.35846756172182
2010-07-01,251.6196757019043
2010-07-02,250.5480957763672
2010-07-05,250.5480957763672
2010-07-06,251.65653594284058
2010-07-07,259.57181411361694
2010-07-08,260.96197080574035
2010-07-09,263.2745715637207
2010-07-12,263.9986679824829
2010-07-13,267.463801071167
2010-07-14,268.797230305481
2010-07-15,269.2714764732361
2010-07-16,261.7383901596069
2010-07-19,264.0983845977783
2010-07-20,267.29138346595767
2010-07-21,263.58313379249574
2010-07-22,270.35914836883546
2010-07-23,272.10433531951907
2010-07-26,274.2883431427002
2010-07-27,274.14195895385745
2010-07-28,271.9527706298828
2010-07-29,269.86524243164064
2010-07-30,270.35586107444766
2010-08-02,275.4515374145508
2010-08-03,274.22269998779296
2010-08-04,276.96339208984375
2010-08-05,276.25323430442813
2010-08-06,275.7385294189453
2010-08-09,277.5844340362549
2010-08-10,275.37021130371096
2010-08-11,267.9756866340637
2010-08-12,266.23535342521666
2010-08-13,264.78804842300417
2010-08-16,265.57784486083983
2010-08-17,268.4904721984863
2010-08-18,269.51994192466736
2010-08-19,265.38246326065064
2010-08-20,265.749250869751
2010-08-23,263.5142406921387
2010-08-24,258.486823526001
2010-08-25,261.0852475547791
2010-08-26,257.95675149765015
2010-08-27,261.0161316719055
2010-08-30,258.48936134376527
2010-08-31,257.7516929943085
2010-09-01,265.59034406967163
2010-09-02,268.4310422172546
2010-09-03,272.6547911628723
2010-09-06,272.6547911628723
2010-09-07,270.38762401046756
2010-09-08,273.77875702667234
2010-09-09,274.3587854309082
2010-09-10,274.835565776825
2010-09-13,278.27790166282654
2010-09-14,278.7738068389893
2010-09-15,280.32829238891605
2010-09-16,280.9005850791931
2010-09-17,281.7682381439209
2010-09-20,286.2950849456787
2010-09-21,285.9124816509247
2010-09-27,288.612240750885
2010-09-28,288.46515704956056
2010-09-29,287.8471894515991
2010-09-30,286.7166017799378
2010-10-08,289.84268922805785
2010-10-11,289.9591385688782
2010-10-12,292.04062727737426
2010-10-13,293.99329331817626
2010-10-14,292.84335014533997
2010-10-15,298.5722973369599
2010-10-18,297.66320838928226
2010-10-19,294.89579067077636
2010-10-20,297.3736538528442
2010-10-21,297.88291109924313
2010-10-22,300.2809126392364
2010-10-25,301.7165204017639
2010-10-26,302.7397210597992
2010-10-27,304.4910350837708
2010-10-28,305.4160122001648
2010-10-29,303.98611261405944
2010-11-01,305.0628256988525
2010-11-02,307.7949384117127
2010-11-03,309.11584144592285
2010-11-04,312.2070477985382
2010-11-05,311.93050535202025
2010-11-08,313.46840781936646
2010-11-09,310.0637626190186
2010-11-10,311.2123286895752
2010-11-11,309.24270471954344
2010-11-12,304.35400612792967
2010-11-15,303.4231171936035
2010-11-16,298.2552203178406
2010-11-17,299.2913344326019
2010-11-18,303.7163212738037
2010-11-19,304.2595697151184
2010-11-22,306.8849763633728
2010-11-23,302.0992676914215
2010-11-24,308.6364273220062
2010-11-25,308.6364273220062
2010-11-26,307.2757246112824
2010-11-29,306.6975679779053
2010-11-30,303.29348931503296
2010-12-01,309.5123934173584
2010-12-02,312.55614640502927
2010-12-03,313.4598266830444
2010-12-06,312.6616281738281
2010-12-07,312.704055229187
2010-12-08,314.62528116760257
2010-12-09,314.5992630123138
2010-12-10,316.6963966369629
2010-12-13,316.0758235870361
2010-12-14,316.2351394630432
2010-12-15,314.73590430145265
2010-12-16,317.624655752182
2010-12-17,317.47507032012936
2010-12-20,318.66294521141054
2010-12-21,319.7978279037476
2010-12-22,319.1151338195801
2010-12-23,318.3011375427246
2010-12-24,318.3011375427246
2010-12-27,317.7854114936829
2010-12-28,316.9229702610016
2010-12-29,317.3933473968506
2010-12-30,315.6837020874023
2010-12-31,314.52845535278317
2011-01-04,319.5209894180298
2011-01-05,321.1894137954712
2011-01-06,324.2328042068482
2011-01-07,324.0212362426758
2011-01-10,325.6710061935425
2011-01-11,325.2558087768555
2011-01-12,326.84007319107053
2011-01-13,326.99025733032227
2011-01-14,328.5795185455322
2011-01-17,328.5795185455322
2011-01-18,329.2618655715942
2011-01-19,325.49295724868773
2011-01-20,323.3311747055054
2011-01-21,320.75109064102173
2011-01-24,325.07811891441344
2011-01-25,325.6129053955078
2011-01-26,327.2912364578247
2011-01-27,329.3069508865357
2011-01-28,320.98058569374086
2011-01-31,323.5059399547577
2011-02-01,329.1722818725586
2011-02-09,334.1332188980103
2011-02-10,334.3985157989502
2011-02-11,337.09010447425845
2011-02-14,338.14364991378784
2011-02-15,337.267299520874
2011-02-16,339.4581717315674
2011-02-17,339.16761629104616
2011-02-18,337.8070257358551
2011-02-21,337.8070257358551
2011-02-22,328.3482829475403
2011-02-23,325.37506627578733
2011-02-24,326.99641033935546
2011-02-25,331.68587724533086
2011-02-28,332.1942504985809
2011-03-01,326.78176094055175
2011-03-02,328.6215937610626
2011-03-03,335.0897405780792
2011-03-04,333.126195854187
2011-03-07,327.99326789855957
2011-03-08,330.035865888977
2011-03-09,327.27533088684083
2011-03-10,322.90970579910277
2011-03-11,324.97720342712404
2011-03-14,323.60004005126956
2011-03-15,319.16615874481204
2011-03-16,311.3782319080353
2011-03-17,314.396792345047
2011-03-18,313.4306291717529
2011-03-21,319.21190559196475
2011-03-22,318.0299783630371
2011-03-23,320.2050764591217
2011-03-24,325.8407183532715
2011-03-25,326.5853626831055
2011-03-28,325.17579600906373
2011-03-29,328.12447143554687
2011-03-30,329.46551226959224
2011-03-31,329.5476988567352
2011-04-01,329.68957339553833
2011-04-06,328.3563037109375
2011-04-07,328.0266568908691
2011-04-08,326.12954095840456
2011-04-11,325.19557756080627
2011-04-12,323.06498281555173
2011-04-13,325.47215635452267
2011-04-14,324.7853065795898
2011-04-15,324.24763689575195
2011-04-18,321.80553349227904
2011-04-19,323.89208352165224
2011-04-20,330.9683706428528
2011-04-21,331.89114225769043
2011-04-22,332.64265177574157
2011-04-25,334.5743321308136
2011-04-26,336.42593673706057
2011-04-27,337.8938338439941
2011-04-28,336.8517860069275
2011-04-29,335.9973792266846
2011-05-03,334.0623032855988
2011-05-04,333.39598252296446
2011-05-05,331.6059340927124
2011-05-06,332.6564669990539
2011-05-09,333.96972963523865
2011-05-10,336.70080027770996
2011-05-11,334.25479959106445
2011-05-12,336.61359253463746
2011-05-13,332.58111498298643
2011-05-16,327.31308917770383
2011-05-17,328.1448436172485
2011-05-18,330.73891194496156
2011-05-19,331.77394622192384
2011-05-20,328.63332321510313
2011-05-23,324.4612925720215
2011-05-24,322.16876596069335
2011-05-25,323.12307597732547
2011-05-26,325.02944253082273
2011-05-27,326.71436265563966
2011-05-30,326.71436265563966
2011-05-31,331.3196284111023
2011-06-01,324.07962868499754
2011-06-02,324.98141358947754
2011-06-03,319.9578844024658
2011-06-07,316.84671600723266
2011-06-08,314.3031511543274
2011-06-09,314.88521079330445
2011-06-10,310.2724602005005
2011-06-13,310.4113145599365
2011-06-14,314.21342910461425
2011-06-15,308.37531940460207
2011-06-16,306.8319075141907
2011-06-17,305.6535471343994
2011-06-20,307.33951477050783
2011-06-21,313.59356225967406
2011-06-22,311.21647126159667
2011-06-23,314.34454489746093
2011-06-24,309.18274045944213
2011-06-27,314.5078744010925
2011-06-28,318.6042952190399
2011-06-29,319.5849673210144
2011-06-30,323.8522098197937
2011-07-01,328.78509044837955
2011-07-04,328.78509044837955
2011-07-05,330.50829356384276
2011-07-06,331.63858208084105
2011-07-07,336.10426130867
2011-07-08,335.143921875
2011-07-11,329.20127872810366
2011-07-12,326.94974093627934
2011-07-13,328.0855399131775
2011-07-14,323.8537632751465
2011-07-15,328.2666097831726
2011-07-18,326.9017200439453
2011-07-19,334.04957299613955
2011-07-20,332.37316329460145
2011-07-21,334.34693209266663
2011-07-22,337.4325616149902
2011-07-25,336.68019725799564
2011-07-26,337.32482287254334
2011-07-27,328.6999847167969
2011-07-28,329.2146980331421
2011-07-29,327.8442088928223
2011-08-01,326.20143069763185
2011-08-02,318.1593607830048
2011-08-03,321.0180024795532
2011-08-04,306.27616098861694
2011-08-05,304.4671609966278
2011-08-08,285.87936221160885
2011-08-09,299.4905864196777
2011-08-10,286.6456880706787
2011-08-11,298.1651542797089
2011-08-12,300.60183787841794
2011-08-15,305.082492212677
2011-08-16,302.10328747558594
2011-08-17,300.4086140407562
2011-08-18,285.81503328437805
2011-08-19,280.8167523651123
2011-08-22,282.2416136077881
2011-08-23,293.74426892280576
2011-08-24,295.60841372680665
2011-08-25,290.87450923919675
2011-08-26,297.9835240097046
2011-08-29,306.03973929977417
2011-08-30,308.0234165138245
2011-08-31,308.411653943634
2011-09-01,305.77380139465333
2011-09-02,298.64232370681765
2011-09-05,298.64232370681765
2011-09-06,299.07290973854066
2011-09-07,306.8364361419678
2011-09-08,304.9213316913605
2011-09-09,298.357546295166
2011-09-13,306.64325411224365
2011-09-14,310.73380195617676
2011-09-15,315.3067249145508
2011-09-16,317.84336002044677
2011-09-19,318.1101983734131
2011-09-20,316.5714341640473
2011-09-21,310.9401679046631
2011-09-22,301.1542831249237
2011-09-23,304.34862165374756
2011-09-26,308.36182331085206
2011-09-27,311.57040833473206
2011-09-28,306.7530430892944
2011-09-29,303.2434896911621
2011-09-30,294.57066373443604
2011-10-10,313.7594633140564
2011-10-11,315.89087839126586
2011-10-12,316.6396004257202
2011-10-13,320.7548540802002
2011-10-14,326.50243858337404
2011-10-17,321.0232956733704
2011-10-18,325.5587027709961
2011-10-19,319.0958734500885
2011-10-20,317.80352565765384
2011-10-21,321.7808490020752
2011-10-24,328.05691640624997
2011-10-25,320.9055972328186
2011-10-26,320.1559412818909
2011-10-27,329.27871530151367
2011-10-28,329.6785343856812
2011-10-31,324.023788022995
2011-11-01,315.58063103332523
2011-11-02,318.2795994949341
2011-11-03,324.6886493247986
2011-11-04,322.43743324279785
2011-11-07,325.13942213134766
2011-11-08,328.7833642753601
2011-11-09,316.91960078010555
2011-11-10,317.0170253929138
2011-11-11,322.99115713882446
2011-11-14,321.3960018859863
2011-11-15,324.60565964660645
2011-11-16,319.14925598716735
2011-11-17,311.9635643539429
2011-11-18,309.85325977134704
2011-11-21,304.10635659713745
2011-11-22,305.12328633117676
2011-11-23,298.1036159637451
2011-11-24,298.1036159637451
2011-11-25,296.8616686164856
2011-11-28,307.36925775299073
2011-11-29,305.1246573070526
2011-11-30,316.38280419731143
2011-12-01,318.02122405815123
2011-12-02,316.83124290771485
2011-12-05,320.4668138214111
2011-12-06,319.6513944225311
2011-12-07,319.63632718734743
2011-12-08,314.14188066558836
2011-12-09,319.2952366744995
2011-12-12,315.5279714828491
2011-12-13,312.27401975097655
2011-12-14,307.7011890792847
2011-12-15,306.97111869659426
2011-12-16,307.3218398830414
2011-12-19,303.8030428100586
2011-12-20,313.217166645813
2011-12-21,308.3818945724487
2011-12-22,311.04043248291015
2011-12-23,313.5869963485718
2011-12-26,313.5869963485718
2011-12-27,313.99183625793455
2011-12-28,310.367664157486
2011-12-29,312.4822328891754
2011-12-30,310.36633512535093
2012-01-04,317.6589368778229
2012-01-05,320.63820255355836
2012-01-06,322.1343399169922
2012-01-09,321.35536582756043
2012-01-10,323.6876117156982
2012-01-11,324.3978275314331
2012-01-12,325.8251397720337
2012-01-13,324.07784770202636
2012-01-16,324.07784770202636
2012-01-17,327.39813157958986
2012-01-18,331.60608449935916
2012-01-19,333.94869114532474
2012-01-20,334.333522567749
2012-01-30,338.03041662979126
2012-01-31,337.2481491699219
2012-02-01,339.9566708114624
2012-02-02,340.69613728790284
2012-02-03,345.42649594802856
2012-02-06,345.6573893737793
2012-02-07,345.9760602149963
2012-02-08,347.2177703178406
2012-02-09,349.76941513252257
2012-02-10,347.5658855278015
2012-02-13,350.68695160522464
2012-02-14,351.70532593536376
2012-02-15,349.27390456848144
2012-02-16,354.1490451568604
2012-02-17,352.873496137619
2012-02-20,352.873496137619
2012-02-21,353.73442807006836
2012-02-22,352.1217841796875
2012-02-23,354.5698994064331
2012-02-24,355.7711337890625
2012-02-27,356.4753956130981
2012-02-28,359.9615763038635
2012-02-29,358.04095637512205
2012-03-01,361.2543199962616
2012-03-02,360.8672261764526
2012-03-05,357.6163659919739
2012-03-06,354.1969450782776
2012-03-07,357.01205620841984
2012-03-08,361.2121187988281
2012-03-09,362.4310166873932
2012-03-12,363.4543283226013
2012-03-13,370.26190951538086
2012-03-14,371.83495935058596
2012-03-15,372.7032284637451
2012-03-16,372.08668702697753
2012-03-19,374.5320474636078
2012-03-20,375.2741534381866
2012-03-21,375.46681858596804
2012-03-22,373.28509705352786
2012-03-23,373.24561321792606
2012-03-26,380.48051686820986
2012-03-27,380.56824203758237
2012-03-28,378.95962824249267
2012-03-29,377.5871749191284
2012-03-30,376.37207756996156
2012-04-05,378.20593906860347
2012-04-06,377.78053752441406
2012-04-09,375.2208532714844
2012-04-10,369.22082072067263
2012-04-11,370.83685115356445
2012-04-12,375.03651339111326
2012-04-13,369.0696304588318
2012-04-16,365.6845693588257
2012-04-17,372.3181121520996
2012-04-18,371.4350362663269
2012-04-19,367.2702984527588
2012-04-20,366.5630814819336
2012-04-23,363.23737071075436
2012-04-24,361.2209024806976
2012-04-25,370.6193205001831
2012-04-26,372.8831438850403
2012-04-27,375.34669376449585
2012-05-02,374.2055091209412
2012-05-03,370.13792625122073
2012-05-04,360.97332463684086
2012-05-07,361.3939725234986
2012-05-08,360.06606784973144
2012-05-09,359.0638826019287
2012-05-10,358.58803479766846
2012-05-11,358.2878410396576
2012-05-14,355.57409339904785
2012-05-15,354.2089117828369
2012-05-16,352.0894952877045
2012-05-17,344.75842131156924
2012-05-18,340.27097848701476
2012-05-21,349.96061949424745
2012-05-22,349.2703196853638
2012-05-23,350.60583918800353
2012-05-24,348.8908616176605
2012-05-25,348.38686613578795
2012-05-28,348.38686613578795
2012-05-29,353.0379443611145
2012-05-30,350.59078192749024
2012-05-31,349.67599175720215
2012-06-01,340.42179094696047
2012-06-04,342.73930662307737
2012-06-05,344.3039335670471
2012-06-06,351.99134088897705
2012-06-07,350.5838357688904
2012-06-08,354.3289415359497
2012-06-11,348.30024136734005
2012-06-12,352.59845245399475
2012-06-13,350.07594260215757
2012-06-14,351.46567117996216
2012-06-15,355.53642231750484
2012-06-18,358.24631675224305
2012-06-19,361.98222628097534
2012-06-20,362.5775732963562
2012-06-21,353.8151813873291
2012-06-25,350.5830610031128
2012-06-26,352.7560544281006
2012-06-27,354.5374068111419
2012-06-28,350.6416187667847
2012-06-29,361.4630744171142
2012-07-02,362.2881935058594
2012-07-03,365.5123927768707
2012-07-04,365.5123927768707
2012-07-05,365.95663531913755
2012-07-06,361.86321017456055
2012-07-09,361.577665756607
2012-07-10,357.7092116523743
2012-07-11,355.89010154037476
2012-07-12,352.8349672988891
2012-07-13,358.52448016433715
2012-07-16,357.47824359741213
2012-07-17,359.0123328781128
2012-07-18,363.67256282043456
2012-07-19,367.8788678619385
2012-07-20,363.07600027999877
2012-07-23,359.3541074645996
2012-07-24,356.5283314785004
2012-07-25,354.27195343551637
2012-07-26,358.74883530769347
2012-07-27,367.05649519729616
2012-07-30,366.68748537597656
2012-07-31,365.5284599342346
2012-08-01,364.8578277587891
2012-08-02,363.5074796836853
2012-08-03,370.6868735862732
2012-08-06,373.6118225898743
2012-08-07,376.2833004943847
2012-08-08,375.7948854522705
2012-08-09,376.73931156806947
2012-08-10,377.08345034675597
2012-08-13,378.05716091079717
2012-08-14,378.07776576919554
2012-08-15,379.2331298389435
2012-08-16,383.9876620159149
2012-08-17,385.2024801635742
2012-08-20,385.83916681213384
2012-08-21,384.1171522659302
2012-08-22,385.42830826187134
2012-08-23,382.3945919265747
2012-08-24,384.80325859680175
2012-08-27,385.52039998626714
2012-08-28,385.32023363113404
2012-08-29,385.2474458656311
2012-08-30,381.2468532913208
2012-08-31,383.7202694274902
2012-09-03,383.7202694274902
2012-09-04,383.21136076927183
2012-09-05,382.9622311649323
2012-09-06,391.08761064605716
2012-09-07,390.52517783813477
2012-09-10,385.1971345424652
2012-09-11,384.42096985092167
2012-09-12,385.00903200187685
2012-09-13,390.4296271659851
2012-09-14,392.98233324432374
2012-09-17,393.3059037895203
2012-09-18,393.74804633979795
2012-09-19,393.87730746383664
2012-09-20,393.1425402511597
2012-09-21,393.34810254592895
2012-09-24,391.29106602859497
2012-09-25,385.5908464817047
2012-09-26,382.19584032440184
2012-09-27,387.5005131855011
2012-09-28,383.2509130859375
2012-10-08,381.97260343933107
2012-10-09,376.10250862998964
2012-10-10,373.9275714553833
2012-10-11,372.3626571521759
2012-10-12,371.6318759765625
2012-10-15,374.5419458770752
2012-10-16,379.4575141399384
2012-10-17,378.64748812103267
2012-10-18,374.0202902973175
2012-10-19,365.2582338516236
2012-10-22,367.20769782028196
2012-10-23,363.325786289978
2012-10-24,362.0477166984558
2012-10-25,361.68843889770505
2012-10-26,363.1150672912598
2012-10-29,362.5571440124512
2012-10-30,362.6268844223023
2012-10-31,360.2685370239258
2012-11-01,365.49475427360534
2012-11-02,361.7148896892548
2012-11-05,364.3407760086059
2012-11-06,365.0189766036987
2012-11-07,356.3015383453369
2012-11-08,350.64866114158633
2012-11-09,352.2773282623291
2012-11-12,352.2218211746216
2012-11-13,348.71392699432374
2012-11-14,344.5613631248474
2012-11-15,343.8344865955353
2012-11-16,345.46971291046145
2012-11-19,353.61426000366214
2012-11-20,353.6173758422852
2012-11-21,354.2013236618042
2012-11-22,354.2013236618042
2012-11-23,359.4314950752258
2012-11-26,360.8546449390411
2012-11-27,359.451764207077
2012-11-28,362.8533950790405
2012-11-29,365.0601394702912
2012-11-30,364.357277469635
2012-12-03,363.70757232742307
2012-12-04,363.3517034294128
2012-12-05,359.2929747077942
2012-12-06,361.7980871635437
2012-12-07,359.73615783348083
2012-12-10,360.77136779785155
2012-12-11,366.44272991180424
2012-12-12,365.9109139823914
2012-12-13,361.9402300140381
2012-12-14,359.0450080718994
2012-12-17,363.52682356262204
2012-12-18,368.8476066101074
2012-12-19,367.0693632652283
2012-12-20,367.09293376998903
2012-12-21,363.15634392547605
2012-12-24,362.7292587528229
2012-12-25,362.7292587528229
2012-12-26,359.6440663005829
2012-12-27,359.12671653213505
2012-12-28,355.4240609149933
2012-12-31,362.8656322105408
2013-01-04,371.2346776332855
2013-01-07,371.29242927856444
2013-01-08,370.2171040534973
2013-01-09,371.75782684326174
2013-01-10,373.804830657959
2013-01-11,373.86050126495365
2013-01-14,372.3963836860657
2013-01-15,370.22768502426146
2013-01-16,371.88349172973636
2013-01-17,373.65033152770997
2013-01-18,372.78048558654785
2013-01-21,372.78048558654785
2013-01-22,373.65616458435056
2013-01-23,375.8278508331299
2013-01-24,370.66256657600405
2013-01-25,372.69689706306457
2013-01-28,373.7536170043945
2013-01-29,373.92331131362914
2013-01-30,372.81424861450193
2013-01-31,371.8722040893555
2013-02-01,376.74341499137876
2013-02-04,370.5356591339111
2013-02-05,375.79272454833983
2013-02-06,374.7054264240265
2013-02-07,375.08805981521607
2013-02-08,378.93353517494205
2013-02-18,377.5960384807587
2013-02-19,381.0286905281067
2013-02-20,374.76330937690733
2013-02-21,370.93773014831544
2013-02-22,374.3342845916748
2013-02-25,369.6533877319336
2013-02-26,370.7851669494629
2013-02-27,374.44085065956114
2013-02-28,373.31319511375426
2013-03-01,374.9493923629761
2013-03-04,376.7397216392517
2013-03-05,382.0729579101562
2013-03-06,380.91281817741395
2013-03-07,382.07944007873533
2013-03-08,382.18608416175846
2013-03-11,383.5074788928986
2013-03-12,382.000331451416
2013-03-13,381.35903462867736
2013-03-14,382.6862425518036
2013-03-15,381.5488683769226
2013-03-18,380.8542130859375
2013-03-19,380.1176692108154
2013-03-20,382.56400736274725
2013-03-21,378.3672054725647
2013-03-22,381.91427848815914
2013-03-25,380.4304859867096
2013-03-26,382.508578477478
2013-03-27,383.1944864463806
2013-03-28,384.1724570644378
2013-03-29,383.9560845687866
2013-04-01,381.1554483833313
2013-04-02,383.627691293335
2013-04-03,379.9432529319763
2013-04-08,379.3099436450958
2013-04-09,381.8121014419556
2013-04-10,388.73447869262696
2013-04-11,388.71224273681645
2013-04-12,388.1399439399719
2013-04-15,380.1863043251038
2013-04-16,384.97125864257816
2013-04-17,376.79965351867673
2013-04-18,372.14721349601746
2013-04-19,377.00633766174315
2013-04-22,381.19651350975033
2013-04-23,384.6485013275147
2013-04-24,384.4326878540039
2013-04-25,386.0125657814026
2013-04-26,384.42145379219056
2013-05-02,393.31449179077146
2013-05-03,397.9172518234253
2013-05-06,400.1758906860352
2013-05-07,399.13759135665896
2013-05-08,400.2276527481079
2013-05-09,399.0001795608521
2013-05-10,402.1318523979187
2013-05-13,402.9550523910522
2013-05-14,404.79163192596434
2013-05-15,405.8023219116211
2013-05-16,405.57936424407956
2013-05-17,408.9792992706299
2013-05-20,408.2143241409302
2013-05-21,408.43487659378053
2013-05-22,404.5699858184814
2013-05-23,403.8200892753601
2013-05-24,403.4292520820618
2013-05-27,403.4292520820618
2013-05-28,405.41801611557
2013-05-29,403.8337674560547
2013-05-30,406.26051387863157
2013-05-31,402.7403513641358
2013-06-03,403.2708016601562
2013-06-04,401.0057582168579
2013-06-05,395.7290679473877
2013-06-06,398.1900993530274
2013-06-07,403.46390832366944
2013-06-13,400.0528120376587
2013-06-14,397.18675264587404
2013-06-17,400.65393779296875
2013-06-18,404.1787124839783
2013-06-19,399.5506345947266
2013-06-20,390.1331396648407
2013-06-21,388.3846672729492
2013-06-24,385.2327543373108
2013-06-25,388.09466720581054
2013-06-26,391.70303855896
2013-06-27,393.489189074707
2013-06-28,393.3116678833008
2013-07-01,395.4237141609192
2013-07-02,395.60200852966307
2013-07-03,397.0327595809936
2013-07-04,397.0327595809936
2013-07-05,400.2145666229248
2013-07-08,400.6854312667847
2013-07-09,402.8229812095642
2013-07-10,405.4219190795899
2013-07-11,413.56851676940914
2013-07-12,415.5449182342529
2013-07-15,416.48298790740967
2013-07-16,415.74122233963016
2013-07-17,416.8300362960816
2013-07-18,416.16817966308594
2013-07-19,411.6531957801819
2013-07-22,413.0491808532715
2013-07-23,409.77877159805297
2013-07-24,411.02941121520996
2013-07-25,413.54155223693846
2013-07-26,415.54468642883296
2013-07-29,414.82016148605345
2013-07-30,416.97133082962034
2013-07-31,417.5321299621582
2013-08-01,421.8990700149536
2013-08-02,424.2071171630859
2013-08-05,424.1502214508057
2013-08-06,421.41029582977296
2013-08-07,420.46799627685544
2013-08-08,422.6759609153748
2013-08-09,421.0388423110962
2013-08-12,422.0364398895264
2013-08-13,424.39664183959957
2013-08-14,422.6206984222412
2013-08-15,415.00629290161135
2013-08-16,414.99071194458
2013-08-19,414.8313764350891
2013-08-20,416.74329493179323
2013-08-21,415.2305045570373
2013-08-22,419.14711391143794
2013-08-23,421.91234802246095
2013-08-26,422.1462954849243
2013-08-27,413.57412943725586
2013-08-28,415.1024062423706
2013-08-29,418.02594090271
2013-08-30,415.2614908676147
2013-09-02,415.2614908676147
2013-09-03,417.70245100708007
2013-09-04,422.1256027153015
2013-09-05,422.80650452270504
2013-09-06,423.3570558761596
2013-09-09,428.3589084617615
2013-09-10,430.3519046134949
2013-09-11,429.4421382484436
2013-09-12,429.13212696075436
2013-09-13,429.4631951828003
2013-09-16,428.3920697479248
2013-09-17,431.35914512786866
2013-09-18,436.5117047195435
2013-09-23,435.1086103561401
2013-09-24,435.15837686767577
2013-09-25,433.5402440948486
2013-09-26,436.9352537979126
2013-09-27,436.276349155426
2013-09-30,435.37735656738283
2013-10-08,426.25683858489987
2013-10-09,424.95274753417965
2013-10-10,433.5752397186279
2013-10-11,437.33776931152346
2013-10-14,440.4289280609131
2013-10-15,437.4417727661133
2013-10-16,442.17772128295894
2013-10-17,444.59157078552244
2013-10-18,451.69242033691404
2013-10-21,452.3703681152343
2013-10-22,453.03704870224
2013-10-23,449.60967066955567
2013-10-24,451.45106217193603
2013-10-25,454.85924862213136
2013-10-28,455.0812437416077
2013-10-29,456.1791240760803
2013-10-30,456.0315194458008
2013-10-31,455.0397027893066
2013-11-01,455.5229016975403
2013-11-04,456.08594161987304
2013-11-05,456.4760875350952
2013-11-06,456.0590350532532
2013-11-07,447.34795301513674
2013-11-08,453.36794089279175
2013-11-11,452.6537692085266
2013-11-12,453.47215827407837
2013-11-13,459.0337997909546
2013-11-14,460.4171967163086
2013-11-15,461.29633322143553
2013-11-18,456.7759655548096
2013-11-19,455.5022331939697
2013-11-20,454.41064083099366
2013-11-21,458.94338838043217
2013-11-22,461.5746287689209
2013-11-25,462.5293804565429
2013-11-26,465.01552879333497
2013-11-27,468.234364491272
2013-11-28,468.234364491272
2013-11-29,471.03635259552004
2013-12-02,469.7013278617859
2013-12-03,469.2166307739258
2013-12-04,469.6483758728028
2013-12-05,468.96717898635865
2013-12-06,471.6900335998535
2013-12-09,472.27013217468266
2013-12-10,472.4245096435547
2013-12-11,466.4012546813965
2013-12-12,465.1812966613769
2013-12-13,464.57902300262447
2013-12-16,467.1754459098816
2013-12-17,466.1985617004395
2013-12-18,471.66536939926146
2013-12-19,470.33576701583866
2013-12-20,475.12573485260015
2013-12-23,480.01318885650636
2013-12-24,480.351693170166
2013-12-25,480.351693170166
2013-12-26,482.1985535705566
2013-12-27,480.51420164794916
2013-12-30,479.27086888961793
2013-12-31,481.7603388084412
2014-01-02,477.7206063354492
2014-01-03,474.27976502990725
2014-01-06,472.67649999389647
2014-01-07,476.92309663009644
2014-01-08,477.9869894256592
2014-01-09,476.6354125213623
2014-01-10,478.00318427352903
2014-01-13,470.2631953491211
2014-01-14,478.99188766021723
2014-01-15,483.3823252258301
2014-01-16,484.20470442581177
2014-01-17,481.02803535461425
2014-01-20,481.02803535461425
2014-01-21,484.71944845428465
2014-01-22,486.01844274597164
2014-01-23,484.43224284744264
2014-01-24,474.678181388855
2014-01-27,470.0189662963867
2014-01-28,469.96283174743655
2014-01-29,465.29552785339354
2014-01-30,474.25704620361324
2014-02-07,478.8720081184387
2014-02-10,481.3131457511902
2014-02-11,486.8752545715332
2014-02-12,487.9119472000122
2014-02-13,491.669107624054
2014-02-14,492.9410109237671
2014-02-17,492.9410109237671
2014-02-18,495.39686927108767
2014-02-19,492.7314132614136
2014-02-20,495.610749609375
2014-02-21,495.60113408203125
2014-02-24,498.819053565979
2014-02-25,500.39996012420653
2014-02-26,499.9568230606079
2014-02-27,503.4959637237549
2014-02-28,504.32651834106446
2014-03-03,500.6841488342285
2014-03-04,506.8016711959839
2014-03-05,506.95585546875003
2014-03-06,505.7088725730896
2014-03-07,503.8243829696655
2014-03-10,505.29867236709595
2014-03-11,503.2387080123902
2014-03-12,505.5544750854492
2014-03-13,497.6870659332276
2014-03-14,495.42258911132814
2014-03-17,502.0479352684021
2014-03-18,509.2526387527466
2014-03-19,506.6273211883545
2014-03-20,510.81500659255977
2014-03-21,504.4652538574219
2014-03-24,497.69856246643064
2014-03-25,499.76998104858393
2014-03-26,493.92153177490235
2014-03-27,491.4600333808899
2014-03-28,492.37409324646
2014-03-31,496.2560770751953
2014-04-01,504.160903125
2014-04-02,505.3796270111084
2014-04-03,501.7551823516846
2014-04-04,488.5358051101685
2014-04-08,487.1710831390381
2014-04-09,495.8177049232483
2014-04-10,481.3910663330078
2014-04-11,475.6989331893921
2014-04-14,480.0102857589722
2014-04-15,481.8206005630493
2014-04-16,488.135914352417
2014-04-17,488.12365719909667
2014-04-18,488.5318135986328
2014-04-21,492.3882028839111
2014-04-22,497.1293987663269
2014-04-23,492.76411751708986
2014-04-24,498.35561697692873
2014-04-25,490.7824540496826
2014-04-28,492.26667828369136
2014-04-29,496.655201184082
2014-04-30,498.0690094741821
2014-05-05,500.15546420440677
2014-05-06,492.1073177452088
2014-05-07,491.43115332183834
2014-05-08,490.370715625
2014-05-09,492.16916345977785
2014-05-12,501.0326386413574
2014-05-13,500.7223043838501
2014-05-14,498.1055599273682
2014-05-15,494.26367763442994
2014-05-16,497.78432028961186
2014-05-19,501.57619682617184
2014-05-20,499.8308814170838
2014-05-21,504.26233818054203
2014-05-22,506.5817335296631
2014-05-23,510.39456545410155
2014-05-26,510.39456545410155
2014-05-27,517.6495325675965
2014-05-28,516.585417274475
2014-05-29,518.5580021858215
2014-05-30,519.4127731109619
2014-06-03,519.213021887207
2014-06-04,520.7989879837036
2014-06-05,525.634786795044
2014-06-06,528.2306432281493
2014-06-09,526.9792543052673
2014-06-10,526.560125
2014-06-11,526.759783378601
2014-06-12,521.1414083862305
2014-06-13,521.9554788894653
2014-06-16,523.7539712905883
2014-06-17,524.1467044235229
2014-06-18,527.4843904350281
2014-06-19,526.95775234375
2014-06-20,527.1795239257813
2014-06-23,527.3780656814575
2014-06-24,527.3573194213867
2014-06-25,531.011658430481
2014-06-26,530.3761264228821
2014-06-27,532.2351257019043
2014-06-30,531.908577835083
2014-07-01,537.387182510376
2014-07-02,539.2132342346191
2014-07-03,542.7375844573975
2014-07-04,542.7375844573975
2014-07-07,540.4046397613525
2014-07-08,533.667175666809
2014-07-09,537.4917921920776
2014-07-10,536.0443960617066
2014-07-11,539.5942810409546
2014-07-14,543.0415334365845
2014-07-15,541.3110304641723
2014-07-16,543.1147874183655
2014-07-17,535.9042663993835
2014-07-18,544.7685556793213
2014-07-21,544.2022294921875
2014-07-22,547.1043952560425
2014-07-23,550.233959791565
2014-07-24,549.2743083068848
2014-07-25,546.8515133720398
2014-07-28,546.6410298309327
2014-07-29,545.0634864807129
2014-07-30,546.428327709961
2014-07-31,535.6017287246705
2014-08-01,534.1130134330749
2014-08-04,537.6670432281494
2014-08-05,532.9016610908508
2014-08-06,531.8169044494629
2014-08-07,530.0686663589478
2014-08-08,533.3658658332826
2014-08-11,536.260138635254
2014-08-12,536.4451281738282
2014-08-13,541.7357357383728
2014-08-14,544.9341931343079
2014-08-15,546.6427695236206
2014-08-18,550.4487833976746
2014-08-19,553.5332489204407
2014-08-20,553.262903011322
2014-08-21,555.4223665313721
2014-08-22,556.2647783432006
2014-08-25,558.5026847991943
2014-08-26,558.9009347656249
2014-08-27,558.1773547821044
2014-08-28,557.4969988273621
2014-08-29,559.6357267532348
2014-09-01,559.6357267532348
2014-09-02,561.7191365051269
2014-09-03,557.7533677001953
2014-09-04,557.0217831253052
2014-09-05,559.9789428710938
2014-09-09,556.0470117416381
2014-09-10,559.9283598175049
2014-09-11,559.5811872406006
2014-09-12,557.172071850586
2014-09-15,552.4337163925171
2014-09-16,557.6554612335206
2014-09-17,557.8245729064942
2014-09-18,562.1653622436523
2014-09-19,561.844477015686
2014-09-22,556.5909625244141
2014-09-23,554.7847082702636
2014-09-24,560.5367189331055
2014-09-25,548.8271969375611
2014-09-26,553.8625983718872
2014-09-29,555.2010616455078
2014-09-30,554.9489653930664
2014-10-08,553.0845074310303
2014-10-09,543.3895481300355
2014-10-10,529.8909394317627
2014-10-13,521.5868655029296
2014-10-14,521.1494512557983
2014-10-15,517.7776963272095
2014-10-16,514.366895942688
2014-10-17,521.2155436965943
2014-10-20,528.9624515075684
2014-10-21,542.6121262016296
2014-10-22,539.5909644470215
2014-10-23,547.7991893844604
2014-10-24,552.0807740234375
2014-10-27,552.4003377685547
2014-10-28,560.4654930343628
2014-10-29,558.1850691833496
2014-10-30,559.6618049926758
2014-10-31,567.2351222412109
2014-11-03,569.4158032836914
2014-11-04,567.2524661254884
2014-11-05,567.1694306678772
2014-11-06,568.792276449585
2014-11-07,569.2930523490905
2014-11-10,570.9835291366577
2014-11-11,572.7755980224609
2014-11-12,574.4119158576965
2014-11-13,576.7468131484985
2014-11-14,578.9843326950073
2014-11-17,576.7934645233155
2014-11-18,580.7864573608398
2014-11-19,577.9836479568481
2014-11-20,580.9391984939575
2014-11-21,582.1929251220703
2014-11-24,588.3427215637207
2014-11-25,588.6949805259705
2014-11-26,592.8127023742676
2014-11-27,592.8127023742676
2014-11-28,595.982684513855
2014-12-01,590.0613021125794
2014-12-02,592.1850295410156
2014-12-03,593.3410119644165
2014-12-04,593.464796420288
2014-12-05,593.0966480232239
2014-12-08,591.0587872695924
2014-12-09,594.171941772461
2014-12-10,583.9613616912842
2014-12-11,587.8521261840821
2014-12-12,581.2926401428223
2014-12-15,575.6261743164063
2014-12-16,566.300582748413
2014-12-17,577.2333626823425
2014-12-18,592.862106085968
2014-12-19,596.0168769104004
2014-12-22,597.665622492981
2014-12-23,595.9627446166992
2014-12-24,595.4429125671387
2014-12-25,595.4429125671387
2014-12-26,599.6674137634278
2014-12-29,600.2671771987915
2014-12-30,594.2823754196168
2014-12-31,588.4810697296143
2015-01-05,579.5520468994141
2015-01-06,571.0825647354126
2015-01-07,578.463078817749
2015-01-08,589.6863967529297
2015-01-09,585.2579378013611
2015-01-12,578.614585836029
2015-01-13,577.9119976730346
2015-01-14,574.6036219436646
2015-01-15,566.3513772354127
2015-01-16,574.8070764846802
2015-01-19,574.8070764846802
2015-01-20,580.0402100799561
2015-01-21,582.7736874023437
2015-01-22,593.2991654777527
2015-01-23,596.4691019500732
2015-01-26,598.2314934310913
2015-01-27,581.7428895263672
2015-01-28,579.1781214523315
2015-01-29,584.6324161216736
2015-01-30,580.3968991127015
2015-02-02,586.3761048995972
2015-02-03,591.8124378746032
2015-02-04,590.340620123291
2015-02-05,595.8675966766357
2015-02-06,591.3117867652893
2015-02-09,589.891753199768
2015-02-10,598.4784333381652
2015-02-11,600.8203223571778
2015-02-12,607.9913975830078
2015-02-13,612.8082431625365
2015-02-16,612.8082431625365
2015-02-17,614.8262447113037
2015-02-25,622.8581921173096
2015-02-26,625.9504406677246
2015-02-27,624.2963491744995
2015-03-02,630.1916318359375
2015-03-03,627.4633244888305
2015-03-04,624.6439786834717
2015-03-05,625.3093149581908
2015-03-06,617.8547116394043
2015-03-09,619.7863038711547
2015-03-10,608.0846514663696
2015-03-11,604.5567661354065
2015-03-12,608.5353061294555
2015-03-13,605.6087622795104
2015-03-16,613.7705472564697
2015-03-17,613.4723281402588
2015-03-18,617.5071472618104
2015-03-19,615.1062961540222
2015-03-20,619.9072499473572
2015-03-23,619.6852226791382
2015-03-24,616.5696752792359
2015-03-25,603.1392893005371
2015-03-26,600.9544585281373
2015-03-27,603.7640029563904
2015-03-30,609.9013697242736
2015-03-31,602.7147443084716
2015-04-01,599.4401542541505
2015-04-02,599.7621803100585
2015-04-03,599.3943943099976
2015-04-07,603.5153528633118
2015-04-08,608.9450582885742
2015-04-09,613.0673215866088
2015-04-10,615.8985123504639
2015-04-13,615.0480303771973
2015-04-14,612.8892418869018
2015-04-15,615.966325289154
2015-04-16,614.2172278793334
2015-04-17,604.9180454711915
2015-04-20,614.3676336242676
2015-04-21,616.9542244491577
2015-04-22,619.492578504181
2015-04-23,622.3120859909058
2015-04-24,630.2992937850952
2015-04-27,631.2913769187927
2015-04-28,628.5121138954163
2015-04-29,624.107855053711
2015-04-30,614.5784978256225
2015-05-04,624.3885115356445
2015-05-05,613.9463770568848
2015-05-06,609.1583113037109
2015-05-07,613.4242296295166
2015-05-08,621.2916379852295
2015-05-11,618.910623135376
2015-05-12,616.1097142715454
2015-05-13,616.939797239685
2015-05-14,625.6626371818543
2015-05-15,626.0460274421691
2015-05-18,628.6871191314698
2015-05-19,628.2343546875001
2015-05-20,628.3506752624512
2015-05-21,630.8123928207398
2015-05-22,630.3273717163086
2015-05-25,630.3273717163086
2015-05-26,623.7443043823242
2015-05-27,633.5216670921326
2015-05-28,632.0026130859375
2015-05-29,628.0117636413574
2015-06-01,630.1740549850464
2015-06-02,628.1258671417237
2015-06-03,629.9686016845703
2015-06-04,625.4779559082031
2015-06-05,624.1747989257813
2015-06-08,618.1248023895264
2015-06-09,617.0367566513062
2015-06-10,625.5721788711547
2015-06-11,626.5872574539185
2015-06-12,621.6046265693665
2015-06-15,618.50799609375
2015-06-16,621.9304908256531
2015-06-17,623.655319456482
2015-06-18,632.6323954391479
2015-06-19,629.6059497871399
2015-06-23,634.5682162902832
2015-06-24,631.2525391456604
2015-06-25,630.2261599151611
2015-06-26,626.0034721679688
2015-06-29,611.2715679588317
2015-06-30,612.6092132568359
2015-07-01,617.5522202636719
2015-07-02,618.0825817199707
2015-07-03,618.0825817199707
2015-07-06,617.0983512672424
2015-07-07,618.7251710884094
2015-07-08,607.85367114563
2015-07-09,607.5002269760131
2015-07-10,616.8415648223877
2015-07-13,627.5602762138367
2015-07-14,631.7562949584961
2015-07-15,632.3828861755371
2015-07-16,641.4442562850952
2015-07-17,650.804762008667
2015-07-20,653.1444894752502
2015-07-21,652.743320301056
2015-07-22,645.3304191009521
2015-07-23,642.9030100364686
2015-07-24,636.6410775299073
2015-07-27,631.3285942863465
2015-07-28,636.700142944336
2015-07-29,639.1581079818725
2015-07-30,642.2671258544922
2015-07-31,641.5325248123169
2015-08-03,639.4239102203369
2015-08-04,638.2102782958984
2015-08-05,643.2413080200196
2015-08-06,632.9265272094726
2015-08-07,632.0327946823121
2015-08-10,639.3239872238158
2015-08-11,642.6965568359375
2015-08-12,651.16595495224
2015-08-13,651.500454182434
2015-08-14,651.7496517822265
2015-08-17,657.4735972587586
2015-08-18,654.0185274353028
2015-08-19,649.9961795654297
2015-08-20,631.1946194648743
2015-08-21,603.7211830696106
2015-08-24,581.7822506835937
2015-08-25,580.4378994918824
2015-08-26,609.2990245101928
2015-08-27,624.4415901535035
2015-08-28,622.7346191940308
2015-08-31,613.7596110229492
2015-09-01,593.3653817596436
2015-09-02,609.2759499816895
2015-09-07,599.1196979141235
2015-09-08,617.0563942382813
2015-09-09,611.1882958740234
2015-09-10,617.8575523147583
2015-09-11,620.9296501579284
2015-09-14,618.3581172973633
2015-09-15,625.8495765266418
2015-09-16,629.4647797912597
2015-09-17,629.2153049583435
2015-09-18,620.1005693237305
2015-09-21,622.5121355010987
2015-09-22,613.9179182052612
2015-09-23,615.2183298309327
2015-09-24,612.8015457199097
2015-09-25,606.8351570449829
2015-09-28,589.0783787765503
2015-09-29,585.4259560295105
2015-09-30,598.2916929840088
2015-10-08,623.2494824813842
2015-10-09,625.2918787765502
2015-10-12,626.818053817749
2015-10-13,622.4440577430726
2015-10-14,621.8876554275512
2015-10-15,632.0730299125672
2015-10-16,635.3547468582153
2015-10-19,639.682222467041
2015-10-20,635.2770976867675
2015-10-21,631.4709519767762
2015-10-22,645.2462577857972
2015-10-23,662.373609375
2015-10-26,663.0873478050232
2015-10-27,664.439032131958
2015-10-28,670.6372747062684
2015-10-29,669.2731754882813
2015-10-30,662.3749032440185
2015-11-02,669.8557889099121
2015-11-03,672.1939000854492
2015-11-04,674.1356011619567
2015-11-05,670.4403890075683
2015-11-06,670.9080016021728
2015-11-09,668.3897895957947
2015-11-10,666.5153984939575
2015-11-11,665.6916340530395
2015-11-12,660.1212033462524
2015-11-13,647.6163959884643
2015-11-16,656.571206817627
2015-11-17,657.7158937316894
2015-11-18,671.0027170166015
2015-11-19,671.3804982948303
2015-11-20,676.032822467804
2015-11-23,674.6646443862916
2015-11-24,674.0000108970643
2015-11-25,674.5273671852111
2015-11-26,674.5273671852111
2015-11-27,676.1918841133117
2015-11-30,673.8226989204406
2015-12-01,680.5596767326355
2015-12-02,676.3637969207764
2015-12-03,664.899149583435
2015-12-04,680.441582472229
2015-12-07,679.4679466506958
2015-12-08,680.3862876113891
2015-12-09,671.1862241287231
2015-12-10,675.1940037193299
2015-12-11,661.4474862838746
2015-12-14,666.9788682159424
2015-12-15,671.1661633300781
2015-12-16,682.443376939392
2015-12-17,673.5327852661133
2015-12-18,660.3886395263672
2015-12-21,667.6522393981934
2015-12-22,671.8854796432495
2015-12-23,676.7176152404785
2015-12-24,676.5452130981445
2015-12-25,676.5452130981445
2015-12-28,676.3935286911011
2015-12-29,687.0326845703125
2015-12-30,682.0818544921875
2015-12-31,672.366500970459
2016-01-04,663.8709083953858
2016-01-05,661.5119402732848
2016-01-06,658.5230690994263
2016-01-07,641.5221175888062
2016-01-08,636.3192531860352
2016-01-11,635.7890364837647
2016-01-12,643.4073701477051
2016-01-13,621.2168783569336
2016-01-14,636.290282068634
2016-01-15,616.0645765991211
2016-01-18,616.0645765991211
2016-01-19,616.8740699241638
2016-01-20,614.9632682167053
2016-01-21,615.6952443634033
2016-01-22,633.4643261077881
2016-01-25,624.0823880081176
2016-01-26,629.9282327819825
2016-01-27,613.8510408470154
2016-01-28,622.242994177246
2016-01-29,635.3139515502929
2016-02-01,637.2743087081909
2016-02-02,623.6412446365357
2016-02-03,620.366776260376
2016-02-04,619.1079801055907
2016-02-05,598.2638018188476
2016-02-15,597.6539368972778
2016-02-16,605.9578993240356
2016-02-17,620.7849658660889
2016-02-18,612.6928305335998
2016-02-19,614.8744297531127
2016-02-22,624.8092756019593
2016-02-23,615.1468448356628
2016-02-24,621.2780453643799
2016-02-25,627.6852221984864
2016-02-26,627.5690406417847
2016-02-29,623.2102786636352
2016-03-01,642.9684627532959
2016-03-02,643.2017091362
2016-03-03,640.1532220458985
2016-03-04,637.9639073913575
2016-03-07,634.9265571479798
2016-03-08,628.5941444641114
2016-03-09,633.2309633636474
2016-03-10,631.9245606536865
2016-03-11,641.6893659057617
2016-03-14,643.2094227661133
2016-03-15,644.2148479919433
2016-03-16,650.7429556983948
2016-03-17,645.950469997406
2016-03-18,646.3330788467408
2016-03-21,650.1654507385255
2016-03-22,652.7999505584717
2016-03-23,649.0131981124878
2016-03-24,650.0832182556153
2016-03-25,650.1530939163208
2016-03-28,648.4463856658936
2016-03-29,658.9807411399842
2016-03-30,657.9662753967285
2016-03-31,655.2963002929688
2016-04-01,665.2973883728027
2016-04-05,656.2132400817871
2016-04-06,667.2074597320557
2016-04-07,655.784285181427
2016-04-08,655.597591217041
2016-04-11,652.7064120025635
2016-04-12,658.7769553398132
2016-04-13,668.5306095703124
2016-04-14,669.0243558883667
2016-04-15,666.5118296279907
2016-04-18,669.9314022163392
2016-04-19,664.3335745986938
2016-04-20,665.9455056571961
2016-04-21,667.3958978347778
2016-04-22,659.2905921203613
2016-04-25,658.2357920837403
2016-04-26,655.0851766090393
2016-04-27,650.1803382873535
2016-04-28,640.2958348731994
2016-04-29,636.9515968460083
2016-05-03,638.605859375
2016-05-04,634.9386533660889
2016-05-05,635.6078198486327
2016-05-06,638.3877490844726
2016-05-09,641.8767439117432
2016-05-10,650.7671917343139
2016-05-11,642.5101532897949
2016-05-12,641.9376238098145
2016-05-13,640.9969213066101
2016-05-16,648.0129663574219
2016-05-17,639.746332763672
2016-05-18,644.0216770477294
2016-05-19,641.3614774169921
2016-05-20,648.8721056098938
2016-05-23,648.4938129501343
2016-05-24,661.6763026367188
2016-05-25,666.2923830093383
2016-05-26,668.2646351470947
2016-05-27,672.5100473823547
2016-05-30,672.5100473823547
2016-05-31,675.6716460815429
2016-06-01,675.219499822998
2016-06-02,677.316248703003
2016-06-03,672.3183177932739
2016-06-06,674.4840533988952
2016-06-07,673.7895940246582
2016-06-08,673.8215869140624
2016-06-13,661.7776684661866
2016-06-14,662.8534354553223
2016-06-15,659.4976865882874
2016-06-16,662.6029516899109
2016-06-17,654.3396722503662
2016-06-20,657.6465821166993
2016-06-21,660.9868939933776
2016-06-22,657.9573886871339
2016-06-23,667.2430944366455
2016-06-24,643.7506012344361
2016-06-27,634.1305036102295
2016-06-28,647.7242546081543
2016-06-29,658.2036732101441
2016-06-30,666.912809790802
2016-07-01,671.1491796310424
2016-07-04,671.1491796310424
2016-07-05,669.2860625839234
2016-07-06,676.0828088378906
2016-07-07,676.965558265686
2016-07-08,688.341631314087
2016-07-11,692.6769753486633
2016-07-12,695.5805339813232
2016-07-13,693.6056877319336
2016-07-14,698.0212686607362
2016-07-15,697.5670005226135
2016-07-18,703.7383447082519
2016-07-19,700.3166518005371
2016-07-20,706.6881042785644
2016-07-21,704.8044281387329
2016-07-22,707.996390838623
2016-07-25,708.3023159454345
2016-07-26,708.1252595672607
2016-07-27,712.934560760498
2016-07-28,713.8998129684448
2016-07-29,713.656263746643
2016-08-01,717.9747670959473
2016-08-02,710.568067829132
2016-08-03,713.7887332763671
2016-08-04,716.564838494873
2016-08-05,724.9886864776611
2016-08-08,724.9110277404785
2016-08-09,725.8576188735962
2016-08-10,721.9821817817688
2016-08-11,724.3017260559081
2016-08-12,725.3432530151367
2016-08-15,728.9429880599976
2016-08-16,723.4974448242187
2016-08-17,725.7582818298339
2016-08-18,725.6047624603272
2016-08-19,727.8044282341004
2016-08-22,727.9249852752686
2016-08-23,728.1634492721558
2016-08-24,725.4615597885132
2016-08-25,724.2596562499999
2016-08-26,726.7322335968017
2016-08-29,728.6554921722412
2016-08-30,726.3201853820801
2016-08-31,725.5508498413086
2016-09-01,726.7339264762878
2016-09-02,729.9410369567871
2016-09-05,729.9410369567871
2016-09-06,733.7427075271606
2016-09-07,732.8362239074708
2016-09-08,728.9856836547851
2016-09-09,712.1129967361451
2016-09-12,724.995480078125
2016-09-13,718.4495826858521
2016-09-14,721.0662710388184
2016-09-19,728.1160110092163
2016-09-20,730.0348382568359
2016-09-21,737.1552497673035
2016-09-22,742.2959803161622
2016-09-23,738.2229177474975
2016-09-26,731.969805847931
2016-09-27,739.2945039657593
2016-09-28,740.9755263137818
2016-09-29,734.725126953125
2016-09-30,740.6004902458191
2016-10-10,743.7194304008484
2016-10-11,738.6663203811646
2016-10-12,737.9280060577393
2016-10-13,736.0327256835938
2016-10-14,737.231284676361
2016-10-17,736.0152306747436
2016-10-18,743.1300155250549
2016-10-19,742.7250038375854
2016-10-20,742.6024245666504
2016-10-21,747.7547232589721
2016-10-24,757.5695515136719
2016-10-25,755.7416736602783
2016-10-26,749.786250718689
2016-10-27,747.6117537109375
2016-10-28,742.2706005859375
2016-10-31,741.2997115478516
2016-11-01,734.5831988220215
2016-11-02,728.4407751724243
2016-11-03,721.3582734832763
2016-11-04,717.999072845459
2016-11-07,737.2987766418457
2016-11-08,743.210408203125
2016-11-09,745.8558771697999
2016-11-10,736.171215675354
2016-11-11,736.489126688385
2016-11-14,733.980912273407
2016-11-15,745.3465938171387
2016-11-16,752.1123245620728
2016-11-17,756.5228688171387
2016-11-18,755.8802291732787
2016-11-21,764.2396374130249
2016-11-22,766.1378640747071
2016-11-23,766.5344939804078
2016-11-24,766.5344939804078
2016-11-25,768.7831102783204
2016-11-28,765.6942546424866
2016-11-29,766.9853343276977
2016-11-30,756.644264667511
2016-12-01,743.4964380950928
2016-12-02,744.9774131774902
2016-12-05,750.1722640800476
2016-12-06,752.137816291809
2016-12-07,761.5512168121338
2016-12-08,762.8024102561951
2016-12-09,771.8149407852173
2016-12-12,768.3607231407165
2016-12-13,777.3618184509277
2016-12-14,776.2093804931641
2016-12-15,781.772595413208
2016-12-16,780.7823891601563
2016-12-19,783.147421975708
2016-12-20,785.7398753051758
2016-12-21,784.2493566513061
2016-12-22,782.9711305259705
2016-12-23,783.0300910217285
2016-12-26,783.0300910217285
2016-12-27,787.7378922683715
2016-12-28,782.3738636680603
2016-12-29,780.9951017150879
2016-12-30,771.8032927703857
2017-01-03,780.3345938682555
2017-01-04,781.724654876709
2017-01-05,781.0213825531006
2017-01-06,791.3714978027344
2017-01-09,795.9646355819701
2017-01-10,795.7659727020264
2017-01-11,800.0415958480835
2017-01-12,793.3351628723145
2017-01-13,797.1476959533692
2017-01-16,797.1476959533692
2017-01-17,789.395546081543
2017-01-18,789.1559406433106
2017-01-19,792.4634086914062
2017-01-20,794.2030973205567
2017-01-23,792.926397088623
2017-01-24,798.7396545829773
2017-01-25,809.804187814331
2017-01-26,810.1250987060547
2017-02-03,809.5080077362061
2017-02-06,809.883784942627
2017-02-07,815.4631121673584
2017-02-08,815.3829153442383
2017-02-09,817.8714956970215
2017-02-10,821.9515528678894
2017-02-13,826.6095257324218
2017-02-14,827.8528784934997
2017-02-15,833.1843902435303
2017-02-16,830.8893786849976
2017-02-17,835.9871993408203
2017-02-20,835.9871993408203
2017-02-21,842.1898923110962
2017-02-22,841.9616672096253
2017-02-23,837.0560479980468
2017-02-24,838.946623008728
2017-02-27,840.3444521522522
2017-02-28,837.6447394294739
2017-03-01,848.3842963394166
2017-03-02,845.0321439605713
2017-03-03,847.6401608352662
2017-03-06,845.77606665802
2017-03-07,844.9038734436035
2017-03-08,847.7789446083068
2017-03-09,848.0957976257324
2017-03-10,851.2172044372559
2017-03-13,852.6425407409669
2017-03-14,851.5547871246338
2017-03-15,856.8335757110596
2017-03-16,856.2246696777344
2017-03-17,854.3163047790528
2017-03-20,855.714157333374
2017-03-21,840.0450172195434
2017-03-22,845.1870809783935
2017-03-23,843.7640568374634
2017-03-24,845.0202289947509
2017-03-27,844.9514493789673
2017-03-28,851.2565652778626
2017-03-29,856.4445612556458
2017-03-30,857.7569553070068
2017-03-31,856.7016558837892
2017-04-05,855.1401276855469
2017-04-06,856.028093536377
2017-04-07,855.8597755004884
2017-04-10,856.3081287322998
2017-04-11,851.4366829421998
2017-04-12,847.9669847717286
2017-04-13,844.2922976074218
2017-04-14,843.9244943847656
2017-04-17,850.4815258789063
2017-04-18,848.9161515151977
2017-04-19,851.2878441772461
2017-04-20,857.661455078125
2017-04-21,858.0283997573853
2017-04-24,868.3216529846192
2017-04-25,874.3962339355468
2017-04-26,874.3597930145263
2017-04-27,880.1185110122681
2017-04-28,880.9331159973144
2017-05-02,890.8943888122558
2017-05-03,888.2869189208984
2017-05-04,888.4951939712524
2017-05-05,892.5385486541747
2017-05-08,894.7316840820313
2017-05-09,898.1078284606933
2017-05-10,897.9893156234741
2017-05-11,897.5616180221557
2017-05-12,898.7786406066895
2017-05-15,900.6909815979003
2017-05-16,903.6601884155274
2017-05-17,879.826423325348
2017-05-18,888.9022016601563
2017-05-19,892.0101653442383
2017-05-22,899.4907788635253
2017-05-23,901.0770695800782
2017-05-24,905.2611091369629
2017-05-25,910.1713069335938
2017-05-26,909.8336400985718
2017-05-31,904.6121445129395
2017-06-01,907.2134683288574
2017-06-02,918.3306171340943
2017-06-05,917.3966329650879
2017-06-06,912.6092972869874
2017-06-07,916.0514788513184
2017-06-08,917.752437210083
2017-06-09,894.5403136138916
2017-06-12,889.7998439300536
2017-06-13,897.1141460662842
2017-06-14,891.9931692871094
2017-06-15,890.2986546844483
2017-06-16,886.9050288299561
2017-06-19,902.83413772583
2017-06-20,897.1434715652466
2017-06-21,905.8945276641846
2017-06-22,905.636996231079
2017-06-23,910.0443977127076
2017-06-26,906.2827064208984
2017-06-27,886.1736950683593
2017-06-28,897.41867578125
2017-06-29,879.976287109375
2017-06-30,879.6863788482666
2017-07-03,872.8710533935547
2017-07-04,872.8710533935547
2017-07-05,881.602133216858
2017-07-06,873.5892306060791
2017-07-07,883.6482069580078
2017-07-10,889.2510350219726
2017-07-11,891.5426499938965
2017-07-12,900.1985316619873
2017-07-13,901.6501461410522
2017-07-14,907.6221075836181
2017-07-17,907.3855035247803
2017-07-18,910.2229208496094
2017-07-19,916.3784869888306
2017-07-20,918.3901882781983
2017-07-21,919.2710708129883
2017-07-24,921.0927747070313
2017-07-25,918.833979385376
2017-07-26,922.302701248169
2017-07-27,914.8809166259765
2017-07-28,913.4671003875733
2017-07-31,907.9460209960938
2017-08-01,909.0902346496581
2017-08-02,911.96724609375
2017-08-03,907.7434872436523
2017-08-04,911.0414480712891
2017-08-07,915.9270348709106
2017-08-08,912.1933784606935
2017-08-09,906.5225712890625
2017-08-10,883.6290831604003
2017-08-11,892.3697680847168
2017-08-14,904.9883384857178
2017-08-15,907.6535310134888
2017-08-16,909.9774014282227
2017-08-17,889.1064837799072
2017-08-18,888.0780944824219
2017-08-21,886.0154140777588
2017-08-22,899.1157516479492
2017-08-23,895.4962724884034
2017-08-24,893.2766665649415
2017-08-25,889.5856893997192
2017-08-28,887.227916418457
2017-08-29,888.8431278686523
2017-08-30,898.9195093322754
2017-08-31,908.1383375488281
2017-09-01,902.2712272949219
2017-09-04,902.2712272949219
2017-09-05,891.3516260528565
2017-09-06,892.3658116104126
2017-09-07,889.0940479888916
2017-09-08,880.6180717803954
2017-09-11,897.3693518005372
2017-09-12,900.6254415893555
2017-09-13,902.7685830688476
2017-09-14,899.1129364013672
2017-09-15,901.925984954834
2017-09-18,903.8380931854248
2017-09-19,906.423614807129
2017-09-20,902.252899017334
2017-09-21,898.9259716201782
2017-09-22,898.5726240097046
2017-09-25,893.0214708984375
2017-09-26,897.7968994888306
2017-09-27,906.2826940917969
2017-09-28,908.57493616333
2017-09-29,914.3208389297484
2017-10-09,927.1449081848144
2017-10-10,916.3867080322266
2017-10-11,921.3285828094482
2017-10-12,919.4389396057129
2017-10-13,922.0043393325806
2017-10-16,926.5808996505737
2017-10-17,932.4807858276367
2017-10-18,931.776388168335
2017-10-19,926.5960236145019
2017-10-20,929.9241946029663
2017-10-23,926.5802651672363
2017-10-24,927.5191977767944
2017-10-25,924.2182631683349
2017-10-26,921.8551892578124
2017-10-27,950.2176186767578
2017-10-30,952.3538222808838
2017-10-31,953.4914154174804
2017-11-01,948.7227619903564
2017-11-02,947.6311192932128
2017-11-03,960.9735223388672
2017-11-06,963.5214139465332
2017-11-07,965.088991027832
2017-11-08,967.0647635375977
2017-11-09,963.867993914795
2017-11-10,963.8052986297608
2017-11-13,965.0987807998657
2017-11-14,961.079284286499
2017-11-15,954.4032666015626
2017-11-16,967.6656884124756
2017-11-17,963.5641325836182
2017-11-20,962.8128922882081
2017-11-21,973.5594022369385
2017-11-22,972.1156214477539
2017-11-23,972.1156214477539
2017-11-24,974.3757368499756
2017-11-27,973.481811378479
2017-11-28,977.1135024841309
2017-11-29,960.7622127105712
2017-11-30,968.8026970367432
2017-12-01,965.3675861923217
2017-12-04,954.9377739410401
2017-12-05,955.3459336547852
2017-12-06,959.1667669677735
2017-12-07,962.9547748153686
2017-12-08,967.5860227142334
2017-12-11,974.7379790878296
2017-12-12,973.9396437377931
2017-12-13,975.2415582092285
2017-12-14,973.3758357681274
2017-12-15,984.3836642578125
2017-12-18,992.6366977172851
2017-12-19,986.7548697509765
2017-12-20,980.9633854125976
2017-12-21,982.0126669189453
2017-12-22,979.6541320800782
2017-12-25,979.6541320800782
2017-12-26,969.6056452590943
2017-12-27,971.6713063964844
2017-12-28,969.3189350738525
2017-12-29,959.500251298523
2018-01-02,974.0216160888672
2018-01-03,985.0009949798584
2018-01-04,985.2827345962525
2018-01-05,994.5643581390381
2018-01-08,999.8962903900147
2018-01-09,1004.467238571167
2018-01-10,998.9254015502929
2018-01-11,1004.2318916748046
2018-01-12,1006.1768349349976
2018-01-15,1006.1768349349976
2018-01-16,1000.0090722656249
2018-01-17,1009.7802632293701
2018-01-18,1007.5296779632569
2018-01-19,1007.7756159210205
2018-01-22,1019.2758618164063
2018-01-23,1027.14169921875
2018-01-24,1014.8957341766358
2018-01-25,1007.1861475891113
2018-01-26,1022.7832769134521
2018-01-29,1019.8941738769531
2018-01-30,1009.4396049942015
2018-01-31,1007.8865628479003
2018-02-01,1001.3542992614746
2018-02-02,981.6160578857422
2018-02-05,940.9081159973144
2018-02-06,965.5335249481202
2018-02-07,950.2959297546387
2018-02-08,918.5233583496093
2018-02-09,930.602334487915
2018-02-12,951.38776512146
2018-02-13,958.2638018493652
2018-02-14,977.0994003387451
2018-02-22,990.347690158081
2018-02-23,1008.3382607940674
2018-02-26,1018.2568421249389
2018-02-27,1006.5084124877931
2018-02-28,1001.8063278808594
2018-03-01,989.8881155853271
2018-03-02,996.8230507812501
2018-03-05,1008.873791960144
2018-03-06,1006.7909321365357
2018-03-07,1011.232049331665
2018-03-08,1019.4362595703125
2018-03-09,1037.536697593689
2018-03-12,1042.801898071289
2018-03-13,1027.141696746826
2018-03-14,1026.3118160705567
2018-03-15,1026.4219472320556
2018-03-16,1024.9570655822754
2018-03-19,1002.9460233398438
2018-03-20,1006.8354795410156
2018-03-21,1000.4247741699219
2018-03-22,977.4302378845216
2018-03-23,948.6669661712647
2018-03-26,977.2923978424072
2018-03-27,947.1155109786988
2018-03-28,938.6806882324219
2018-03-29,954.8096113708497
2018-03-30,952.531771786499
2018-04-02,925.9195265655518
2018-04-03,937.7710574676514
2018-04-04,955.0439202804565
2018-04-09,942.8771568069458
2018-04-10,960.0567170623779
2018-04-11,952.3446231307984
2018-04-12,967.2118294555664
2018-04-13,959.8923440551757
2018-04-16,967.6253838867187
2018-04-17,989.2727268371582
2018-04-18,990.0033550872803
2018-04-19,981.5752229156495
2018-04-20,968.8107217559815
2018-04-23,969.633252822876
2018-04-24,947.2411109466552
2018-04-25,951.4008461975097
2018-04-26,973.0282758789062
2018-04-27,973.3979919052124
2018-05-02,976.1503672027587
2018-05-03,974.6486662597657
2018-05-04,994.2205547622681
2018-05-07,1003.2860177612305
2018-05-08,1003.0471393432617
2018-05-09,1012.30830292511
2018-05-10,1020.4678681640626
2018-05-11,1017.7859334869386
2018-05-14,1019.9621953125001
2018-05-15,1015.0337878417969
2018-05-16,1020.8799013122558
2018-05-17,1015.9796361465453
2018-05-18,1012.6819807250977
2018-05-21,1019.116961616516
2018-05-22,1015.3129864196777
2018-05-23,1027.3436443328858
2018-05-24,1025.1437986358642
2018-05-25,1028.521495729065
2018-05-28,1028.521495729065
2018-05-29,1028.1261469421386
2018-05-30,1035.6987779617311
2018-05-31,1033.7552439941408
2018-06-01,1051.3607684326173
2018-06-04,1058.7066446685792
2018-06-05,1061.8536109924316
2018-06-06,1064.846644744873
2018-06-07,1056.8491630859376
2018-06-08,1059.242900506592
2018-06-11,1061.58212890625
2018-06-12,1067.0329128051758
2018-06-13,1066.171653894043
2018-06-14,1077.5719425659179
2018-06-15,1080.5066597106934
2018-06-19,1083.898684564209
2018-06-20,1090.0977723220826
2018-06-21,1083.7494889831544
2018-06-22,1083.4599975830079
2018-06-25,1064.4726110839842
2018-06-26,1075.3454801818848
2018-06-27,1064.480081225586
2018-06-28,1077.589965560913
2018-06-29,1079.4419010498048
2018-07-02,1094.244437902832
2018-07-03,1077.29393125
2018-07-04,1077.29393125
2018-07-05,1090.2220552520753
2018-07-06,1108.0994551574706
2018-07-09,1113.4724348007203
2018-07-10,1117.2044394165039
2018-07-11,1119.3807332641602
2018-07-12,1136.383922241211
2018-07-13,1141.9426574707031
2018-07-16,1138.6295420166016
2018-07-17,1148.160708255005
2018-07-18,1148.4399826171875
2018-07-19,1151.8833011993408
2018-07-20,1150.9119452407838
2018-07-23,1159.150063468933
2018-07-24,1163.670192565918
2018-07-25,1175.5214102539062
2018-07-26,1161.2525166702271
2018-07-27,1149.496395904541
2018-07-30,1133.3353902496337
2018-07-31,1140.934637133789
2018-08-01,1147.219863308716
2018-08-02,1166.685440765381
2018-08-03,1169.0448080062865
2018-08-06,1179.214183807373
2018-08-07,1179.7092211303711
2018-08-08,1182.2444125
2018-08-09,1179.0228884124756
2018-08-10,1174.4573879730224
2018-08-13,1180.3880130615235
2018-08-14,1186.5602618133544
2018-08-15,1180.9177910614014
2018-08-16,1175.61094140625
2018-08-17,1174.983363433838
2018-08-20,1170.6249188812255
2018-08-21,1173.1760706176758
2018-08-22,1176.9724182128905
2018-08-23,1181.261754711914
2018-08-24,1179.7864204864502
2018-08-27,1193.8265526809691
2018-08-28,1193.346936392212
2018-08-29,1210.1682504730225
2018-08-30,1212.0157370910645
2018-08-31,1211.5360733032226
2018-09-03,1211.5360733032226
2018-09-04,1208.5865625228882
2018-09-05,1190.2420727844237
2018-09-06,1180.4998255004884
2018-09-07,1177.6247670181274
2018-09-10,1183.7663765563964
2018-09-11,1195.6536069335937
2018-09-12,1189.8721157409668
2018-09-13,1199.6516467437743
2018-09-14,1200.792295614624
2018-09-17,1181.204843597412
2018-09-18,1191.8618784500122
2018-09-19,1188.7787434387205
2018-09-20,1201.7295305175783
2018-09-21,1196.9746942749023
2018-09-25,1203.2150129638671
2018-09-26,1206.3629797302247
2018-09-27,1218.6456525878907
2018-09-28,1214.845723083496
2018-10-08,1170.7743447265625
2018-10-09,1183.7501141235352
2018-10-10,1131.8045835693358
2018-10-11,1112.211884765625
2018-10-12,1148.1766097076415
2018-10-15,1133.4432303482056
2018-10-16,1165.927860269165
2018-10-17,1169.1063006011964
2018-10-18,1143.7183668167115
2018-10-19,1141.4098903793335
2018-10-22,1149.8475672607422
2018-10-23,1144.4118808044434
2018-10-24,1092.775836730957
2018-10-25,1131.509105090332
2018-10-26,1101.5790684509277
2018-10-29,1081.7055217514037
2018-10-30,1100.4474985839845
2018-10-31,1127.5102123580932
2018-11-01,1133.667679801941
2018-11-02,1110.9946980499267
2018-11-05,1113.950407447815
2018-11-06,1121.141688531494
2018-11-07,1156.3423747558593
2018-11-08,1151.3581663238526
2018-11-09,1135.7925515167237
2018-11-12,1101.424968309021
2018-11-13,1102.2410654479982
2018-11-14,1093.1086112976075
2018-11-15,1110.3108926086425
2018-11-16,1106.2063537231445
2018-11-19,1070.7577911346436
2018-11-20,1052.3547548461913
2018-11-21,1057.301659375
2018-11-22,1057.301659375
2018-11-23,1053.124851763916
2018-11-26,1076.2261607910157
2018-11-27,1081.4317648132323
2018-11-28,1116.8138009674074
2018-11-29,1111.3311818527222
2018-11-30,1121.6361232727052
2018-12-03,1128.7692562988282
2018-12-04,1078.2945718963622
2018-12-05,1078.2945718963622
2018-12-06,1093.4231950683593
2018-12-07,1056.0475785964966
2018-12-10,1072.4470919937135
2018-12-11,1074.3010951538085
2018-12-12,1080.770666253662
2018-12-13,1081.4124738098144
2018-12-14,1058.9457468414307
2018-12-17,1033.631427279663
2018-12-18,1039.7846487991333
2018-12-19,1013.944191860962
2018-12-20,998.0281950408936
2018-12-21,970.1025907104492
2018-12-24,946.0458907470703
2018-12-25,946.0458907470703
2018-12-26,1002.1902817016601
2018-12-27,1003.175517274475
2018-12-28,1004.1988989944458
2019-01-02,1014.4009557159424
2019-01-03,982.8478316711426
2019-01-04,1024.2273091140746
2019-01-07,1033.97626986084
2019-01-08,1043.603148963928
2019-01-09,1045.9353085281373
2019-01-10,1045.2004302978514
2019-01-11,1037.0963952209472
2019-01-14,1027.9316995056151
2019-01-15,1047.9881932373046
2019-01-16,1046.817822821045
2019-01-17,1058.2428934555055
2019-01-18,1069.1928528900148
2019-01-21,1069.1928528900148
2019-01-22,1052.5240372802734
2019-01-23,1051.1793316772462
2019-01-24,1057.019924835205
2019-01-25,1063.5474935668944
2019-01-28,1050.238767274475
2019-01-29,1038.2713137573244
2019-01-30,1061.6930206604004
2019-01-31,1075.0641452392579
2019-02-01,1078.0073324584962
2019-02-11,1091.8572308685302
2019-02-12,1105.0484433044433
2019-02-13,1103.7344626983643
2019-02-14,1106.9369194198607
2019-02-15,1111.0832358398436
2019-02-18,1111.0832358398436
2019-02-19,1111.3063322753906
2019-02-20,1111.1130415649413
2019-02-21,1101.0678348388672
2019-02-22,1107.8455848510741
2019-02-25,1107.4426822082519
2019-02-26,1110.8466817321778
2019-02-27,1107.5245865203858
2019-02-28,1106.4611242675783
2019-03-01,1116.3918620727538
2019-03-04,1116.5339320526123
2019-03-05,1117.6161520080568
2019-03-06,1111.92317028656
2019-03-07,1098.8173463134765
2019-03-08,1098.2790189758302
2019-03-11,1121.354011024475
2019-03-12,1125.083182510376
2019-03-13,1133.4349147338867
2019-03-14,1133.960306378174
2019-03-15,1143.121975415039
2019-03-18,1145.7079273239137
2019-03-19,1149.3031923797607
2019-03-20,1150.5934394592286
2019-03-21,1169.2082466918946
2019-03-22,1147.1143753234862
2019-03-25,1143.5151685302735
2019-03-26,1149.9711330184937
2019-03-27,1144.5757859802247
2019-03-28,1149.2435337432862
2019-03-29,1153.3218090576172
2019-04-01,1168.4259641326905
2019-04-02,1174.9696415908813
2019-04-03,1179.523990008545
2019-04-04,1180.2872290374758
2019-04-08,1189.2507846679687
2019-04-09,1184.2459736236572
2019-04-10,1191.346334892273
2019-04-11,1189.1394321533203
2019-04-12,1191.6321369018556
2019-04-15,1192.41122734375
2019-04-16,1197.2310352416991
2019-04-17,1197.0712602081298
2019-04-18,1202.3886433013915
2019-04-19,1201.5103462646484
2019-04-22,1206.3463923828124
2019-04-23,1224.1828960433959
2019-04-24,1219.561340814209
2019-04-25,1228.3556308105467
2019-04-26,1226.9718036895752
2019-04-29,1230.2665791687011
2019-04-30,1221.0065770111084
2019-05-06,1228.2166052490236
2019-05-07,1207.0164105377198
2019-05-08,1205.0899310302734
2019-05-09,1206.3442917480468
2019-05-10,1207.1554828033447
2019-05-13,1174.6247885665894
2019-05-14,1187.0334291671754
2019-05-15,1203.8871758148193
2019-05-16,1217.5776461425783
2019-05-17,1211.2615870422362
2019-05-20,1189.591647583008
2019-05-21,1200.2109022277832
2019-05-22,1195.6782919281006
2019-05-23,1177.9443135131835
2019-05-24,1175.816014013672
2019-05-27,1175.816014013672
2019-05-28,1172.7689623168944
2019-05-29,1164.1325962280273
2019-05-30,1166.8791738861082
2019-05-31,1148.5299267562866
2019-06-03,1123.2581721313477
2019-06-04,1155.6213766845704
2019-06-05,1164.4127385314941
2019-06-06,1173.629982763672
2019-06-10,1214.021739324951
2019-06-11,1212.3281275985719
2019-06-12,1206.2635146865846
2019-06-13,1214.3027633972167
2019-06-14,1209.7501406692504
2019-06-17,1217.1068247161863
2019-06-18,1230.3533768371583
2019-06-19,1234.866164227295
2019-06-20,1237.570385406494
2019-06-21,1238.909785733032
2019-06-24,1240.2482344299317
2019-06-25,1219.5428995132447
2019-06-26,1225.0360405334472
2019-06-27,1229.3779150115968
2019-06-28,1228.9549405670166
2019-07-01,1242.582163458252
2019-07-02,1251.69563142395
2019-07-03,1262.7488443115235
2019-07-04,1262.7488443115235
2019-07-05,1262.3558640289307
2019-07-08,1251.3741049804687
2019-07-09,1258.7007949157714
2019-07-10,1268.272431312561
2019-07-11,1266.925719781494
2019-07-12,1276.3492951904298
2019-07-15,1279.9356249435425
2019-07-16,1273.0467291259765
2019-07-17,1266.3801063949586
2019-07-18,1268.8810228637694
2019-07-19,1260.0222061340332
2019-07-22,1269.8835833068847
2019-07-23,1277.8967481536865
2019-07-24,1285.55523694458
2019-07-25,1273.3130097625733
2019-07-26,1287.7506904067993
2019-07-29,1285.9821327804564
2019-07-30,1278.6855680419922
2019-07-31,1261.0010032608031
2019-08-01,1257.2660200927735
2019-08-02,1246.2060202697753
2019-08-05,1221.125590370178
2019-08-06,1233.1425368896485
2019-08-07,1246.8693310546873
2019-08-08,1271.2629334716796
2019-08-09,1262.4039053222657
2019-08-12,1247.2991174102783
2019-08-13,1271.8340501342773
2019-08-14,1230.3391385742189
2019-08-15,1230.7275435928345
2019-08-16,1252.0104199996947
2019-08-19,1273.4770427459716
2019-08-20,1265.3660165237427
2019-08-21,1277.0708726348876
2019-08-22,1276.6539255447387
2019-08-23,1237.9815934814453
2019-08-26,1266.8676260162354
2019-08-27,1265.9624763229372
2019-08-28,1270.9363188171387
2019-08-29,1286.8739834320068
2019-08-30,1285.7512640274049
2019-09-02,1285.7512640274049
2019-09-03,1277.5934147888183
2019-09-04,1289.790030029297
2019-09-05,1313.9325714782715
2019-09-06,1306.440705293274
2019-09-09,1305.1615366363526
2019-09-10,1299.780226423645
2019-09-11,1312.5744910354615
2019-09-12,1311.2520541534425
2019-09-16,1298.3815509521485
2019-09-17,1309.1555104751585
2019-09-18,1307.5780997894287
2019-09-19,1311.7847835021973
2019-09-20,1296.9936236068727
2019-09-23,1302.3052257812499
2019-09-24,1284.4676020843506
2019-09-25,1302.0814073638917
2019-09-26,1297.0498767089844
2019-09-27,1279.4815320922853
2019-09-30,1296.3562829193115
2019-10-08,1272.1006247802734
2019-10-09,1282.6117743530274
2019-10-10,1289.5911252975466
2019-10-11,1300.9681555236816
2019-10-14,1300.831796044922
2019-10-15,1316.370085964966
2019-10-16,1315.070373779297
2019-10-17,1315.6815670227052
2019-10-18,1303.7561603012084
2019-10-21,1314.2596095825195
2019-10-22,1304.033798703003
2019-10-23,1304.018881640625
2019-10-24,1317.8232377075194
2019-10-25,1327.6522026489258
2019-10-28,1341.186142593384
2019-10-29,1330.517440689087
2019-10-30,1334.8078100738526
2019-10-31,1332.3507382583618
2019-11-01,1344.2420428710939
2019-11-04,1351.2488977050782
2019-11-05,1347.7993238464355
2019-11-06,1342.5825310058594
2019-11-07,1343.196592489624
2019-11-08,1352.191414425659
2019-11-11,1350.3774522125245
2019-11-12,1356.4431632019043
2019-11-13,1359.819812376404
2019-11-14,1358.1988091964722
2019-11-15,1365.8391216278076
2019-11-18,1370.2516867858888
2019-11-19,1372.6080111099243
2019-11-20,1365.9467173461915
2019-11-21,1361.7629735488892
2019-11-22,1364.6569636367797
2019-11-25,1380.0321337005616
2019-11-26,1382.0779055343628
2019-11-27,1390.9651251220703
2019-11-28,1390.9651251220703
2019-11-29,1385.1710193603517
2019-12-02,1372.3923878173828
2019-12-03,1366.0735167678833
2019-12-04,1370.6582608154297
2019-12-05,1372.509615287781
2019-12-06,1385.2834643188476
2019-12-09,1379.8023702346802
2019-12-10,1377.4583774780274
2019-12-11,1385.8568359375001
2019-12-12,1387.09610912323
2019-12-13,1391.663384437561
2019-12-16,1405.5542123840332
2019-12-17,1407.2852729904175
2019-12-18,1409.6083511947631
2019-12-19,1419.7980707046509
2019-12-20,1424.8300373428347
2019-12-23,1429.837412261963
2019-12-24,1429.3560611328126
2019-12-25,1429.3560611328126
2019-12-26,1439.6016735244752
2019-12-27,1438.4925293518068
2019-12-30,1427.2262373413084
2019-12-31,1424.8813662872315
2020-01-02,1449.1727013977052
2020-01-03,1436.042692036438
2020-01-06,1447.3705071105958
2020-01-07,1440.8199703033447
2020-01-08,1451.7332873382568
2020-01-09,1461.1254325927734
2020-01-10,1454.634336013794
2020-01-13,1466.0135641357422
2020-01-14,1458.3980172943116
2020-01-15,1460.3081863449097
2020-01-16,1471.5215510147095
2020-01-17,1474.933100317383
2020-01-20,1474.933100317383
2020-01-21,1484.1599788589476
2020-01-22,1487.8876389160157
2020-01-23,1499.678130078125
2020-02-03,1502.988987109375
2020-02-04,1532.3759799392699
2020-02-05,1531.7381658325196
2020-02-06,1544.3842015075684
2020-02-07,1544.5599670043946
2020-02-10,1559.1402819519044
2020-02-11,1555.612280960083
2020-02-12,1572.0733534606932
2020-02-13,1571.2090703613283
2020-02-14,1577.967237979126
2020-02-17,1577.967237979126
2020-02-18,1580.605968362427
2020-02-19,1596.3498526382446
2020-02-20,1587.180689277649
2020-02-21,1557.3569370193482
2020-02-24,1497.9606154388428
2020-02-25,1453.9521730957033
2020-02-26,1463.2381823944093
2020-02-27,1386.4443514648437
2020-02-28,1384.9477708007812
2020-03-02,1449.9363638687134
2020-03-03,1403.1181423690796
2020-03-04,1454.6221772766114
2020-03-05,1412.9123663909913
2020-03-06,1387.711694744873
2020-03-09,1294.1102198608398
2020-03-10,1366.5599554595947
2020-03-11,1307.9039875106812
2020-03-12,1199.707498526001
2020-03-13,1297.570599407959
2020-03-16,1139.4319096466065
2020-03-17,1227.8999034881592
2020-03-18,1197.8450371536255
2020-03-19,1215.2794852386476
2020-03-20,1165.8949472808838
2020-03-23,1165.9146691894532
2020-03-24,1251.0623256835938
2020-03-25,1250.3974654754638
2020-03-26,1309.0243148284912
2020-03-27,1268.168137689209
2020-03-30,1315.1108597991945
2020-03-31,1300.6105839599609
2020-04-01,1248.531711012268
2020-04-02,1271.5019216949463
2020-04-03,1254.3584734313965
2020-04-07,1334.7753622314453
2020-04-08,1367.0048959014891
2020-04-09,1364.698753527832
2020-04-10,1363.012935507202
2020-04-13,1380.8726085708618
2020-04-14,1440.4784426971437
2020-04-15,1427.6938990112303
2020-04-16,1456.0805561981201
2020-04-17,1468.618139755249
2020-04-20,1451.4286351211547
2020-04-21,1401.6860417633056
2020-04-22,1441.5911266540527
2020-04-23,1434.9216551666261
2020-04-24,1460.830827670288
2020-04-27,1473.3088945312502
2020-04-28,1444.0904534179688
2020-04-29,1494.855706237793
2020-04-30,1491.4328449707032
2020-05-06,1500.6868160522463
2020-05-07,1515.6026939392088
2020-05-08,1534.356198083496
2020-05-11,1553.3244934936524
2020-05-12,1517.4595028320311
2020-05-13,1500.4777770950318
2020-05-14,1518.0249110183715
2020-05-15,1529.5592966033935
2020-05-18,1559.6595541381837
2020-05-19,1553.431026763916
2020-05-20,1583.2893492431642
2020-05-21,1570.6828826843262
2020-05-22,1579.0069109207154
2020-05-25,1579.0069109207154
2020-05-26,1576.31301260376
2020-05-27,1592.4918101226806
2020-05-28,1585.22529760437
2020-05-29,1606.2244628417968
2020-06-01,1609.1235637283323
2020-06-02,1613.7566151855467
2020-06-03,1623.8246921539308
2020-06-04,1611.5295366668702
2020-06-05,1637.3072914794923
2020-06-08,1647.4968475341798
2020-06-09,1660.9580800933838
2020-06-10,1676.949026385498
2020-06-11,1594.7833681640625
2020-06-12,1611.66861038208
2020-06-15,1632.7059956817627
2020-06-16,1659.9709630187988
2020-06-17,1664.9053826904296
2020-06-18,1670.0990962280273
2020-06-19,1666.0086569458008
2020-06-22,1685.2970447540283
2020-06-23,1697.1637705993653
2020-06-24,1666.7681591033936
2020-06-29,1661.3812255187988
2020-06-30,1690.5249374252319
2020-07-01,1711.5157719848632
2020-07-02,1722.0829402770996
2020-07-03,1722.0829402770996
2020-07-06,1751.9098186203003
2020-07-07,1739.047195918274
2020-07-08,1759.7935911346435
2020-07-09,1771.6267470443727
2020-07-10,1785.4313795928954
2020-07-13,1747.9298209091187
2020-07-14,1762.8431647033692
2020-07-15,1762.0196031875612
2020-07-16,1749.8979305770874
2020-07-17,1752.700966040039
2020-07-20,1800.2867909942627
2020-07-21,1780.7873043823242
2020-07-22,1791.8730669433594
2020-07-23,1746.2166165588378
2020-07-24,1732.9443508911133
2020-07-27,1758.3849891662599
2020-07-28,1737.2012340118408
2020-07-29,1757.6262810150147
2020-07-30,1768.4937583007813
2020-07-31,1791.4225719726562
2020-08-03,1817.051286099243
2020-08-04,1821.7324504394533
2020-08-05,1816.633345526123
2020-08-06,1845.126526611328
2020-08-07,1827.7650650634764
2020-08-10,1818.4133899871827
2020-08-11,1779.8702964447023
2020-08-12,1822.324642300415
2020-08-13,1828.5083291015626
2020-08-14,1827.9658062927247
2020-08-17,1844.3208071777344
2020-08-18,1859.3056806030274
2020-08-19,1846.1837397216798
2020-08-20,1870.4683874755858
2020-08-21,1884.411428140259
2020-08-24,1896.20526361084
2020-08-25,1909.3459521728516
2020-08-26,1942.7255017700197
2020-08-27,1938.6388856506348
2020-08-28,1940.637785168457
2020-08-31,1951.2983622070315
2020-09-01,1978.7945812500002
2020-09-02,2000.546123123169
2020-09-03,1901.8674396606445
2020-09-04,1874.7414633911135
2020-09-07,1874.7414633911135
2020-09-08,1785.312472946167
2020-09-09,1834.34684263916
2020-09-10,1798.4869847869873
2020-09-11,1785.8746566467285
2020-09-14,1810.3290173339844
2020-09-15,1828.9491583099366
2020-09-16,1792.088138369751
2020-09-17,1766.6778950927735
2020-09-18,1745.3425457763672
2020-09-21,1759.0415393737792
2020-09-22,1784.7705362640381
2020-09-23,1738.1872044097902
2020-09-24,1750.9997228607178
2020-09-25,1790.3178127441406
2020-09-28,1824.4472553588867
2020-09-29,1817.3935774230958
2020-09-30,1823.020446533203
2020-10-09,1848.0700110992432
2020-10-12,1905.1209566345215
2020-10-13,1919.8274366455078
2020-10-14,1894.8732380859374
2020-10-15,1884.8765804992677
2020-10-16,1866.9897799987793
2020-10-19,1832.1499481658934
2020-10-20,1834.7412682739257
2020-10-21,1826.4287477661132
2020-10-22,1835.0967948455811
2020-10-23,1839.8138186920164
2020-10-26,1819.2171937408448
2020-10-27,1831.3731101440428
2020-10-28,1766.1427372558594
2020-10-29,1793.3137437744142
2020-10-30,1742.0773222320558
2020-11-02,1745.4359052368163
2020-11-03,1771.911151940918
2020-11-04,1843.9368513427735
2020-11-05,1878.439940222168
2020-11-06,1881.3521289062498
2020-11-09,1848.4872647705079
2020-11-10,1811.7017570983887
2020-11-11,1852.2286975158693
2020-11-12,1842.6434646423338
2020-11-13,1856.699544470215
2020-11-16,1865.2643618774414
2020-11-17,1851.6090938598634
2020-11-18,1838.8218693847655
2020-11-19,1859.8508809936523
2020-11-20,1841.0950677001954
2020-11-23,1847.94958694458
2020-11-24,1875.3360571289063
2020-11-25,1882.5678932189942
2020-11-26,1882.5678932189942
2020-11-27,1899.9149536132813
2020-11-30,1904.0797163085936
2020-12-01,1926.870508605957
2020-12-02,1926.9094844421386
2020-12-03,1923.6383701721193
2020-12-04,1928.0223877075196
2020-12-07,1938.761744567871
2020-12-08,1945.6814381103518
2020-12-09,1904.628293640137
2020-12-10,1912.5404763641357
2020-12-11,1909.0632846221924
2020-12-14,1923.9424002685546
2020-12-15,1941.775760961914
2020-12-16,1950.514119973755
2020-12-17,1963.205631033325
2020-12-18,1959.4892899932863
2020-12-21,1958.754762487793
2020-12-22,1962.0707923828127
2020-12-23,1951.413814086914
2020-12-24,1960.0251068115235
2020-12-25,1960.0251068115235
2020-12-28,1978.145345489502
2020-12-29,1978.5226434326173
2020-12-30,1975.7990170166017
2020-12-31,1981.9354957580567
2021-01-04,1934.5156645935058
2021-01-05,1948.9246142578124
2021-01-06,1923.9220733367922
2021-01-07,1974.826239013672
2021-01-08,1999.9095062255858
2021-01-11,1972.3803252716064
2021-01-12,1963.6218830566406
2021-01-13,1978.9328353363037
2021-01-14,1970.1465567382813
2021-01-15,1956.472734375
2021-01-18,1956.472734375
2021-01-19,1984.3129632843015
2021-01-20,2030.4695410400388
2021-01-21,2040.9622919921876
2021-01-22,2041.8577604064942
2021-01-25,2057.9097857421875
2021-01-26,2056.180226211548
2021-01-27,2004.6440885253905
2021-01-28,2006.2079842254636
2021-01-29,1957.6364321777344
2021-02-01,2018.632335760498
2021-02-02,2048.42374029541
2021-02-03,2041.6878347717286
2021-02-04,2069.0632480316162
2021-02-05,2074.4441297119142
2021-02-08,2082.2385025787353
2021-02-09,2077.571699560547
2021-02-10,2080.3108738281253
2021-02-18,2087.9911298767092
2021-02-19,2068.822658782959
2021-02-22,2017.3837230682375
2021-02-23,2011.8446445312502
2021-02-24,2025.7922213745117
2021-02-25,1954.7142367126467
2021-02-26,1968.64675680542
2021-03-01,2025.2996385498047
2021-03-02,1994.4806155151368
2021-03-03,1935.7929356384277
2021-03-04,1904.6693055297853
2021-03-05,1941.30406640625
2021-03-08,1894.7588035583497
2021-03-09,1963.4538903808593
2021-03-10,1957.8489657592772
2021-03-11,1999.3077611206054
2021-03-12,1987.6394406677246
2021-03-15,2006.2496693115233
2021-03-16,2018.9992384643556
2021-03-17,2026.6267681884765
2021-03-18,1965.275026776123
2021-03-19,1972.6881575317382
2021-03-22,2009.6824224243162
2021-03-23,2003.682527709961
2021-03-24,1972.006533843994
2021-03-25,1975.291743676758
2021-03-26,2003.695441369629
2021-03-29,2011.822112890625
2021-03-30,2002.3060343261718
2021-03-31,2026.8219637817383
2021-04-01,2065.367832458496
2021-04-02,2065.3992951416017
2021-04-06,2096.3198239746093
2021-04-07,2102.8357245025636
2021-04-08,2127.6990742492676
2021-04-09,2141.145304284668
2021-04-12,2136.8166277313235
2021-04-13,2160.307459719849
2021-04-14,2129.8316951293946
2021-04-15,2159.7254289550783
2021-04-16,2161.6909697418214
2021-04-19,2138.032120193481
2021-04-20,2119.0566260894775
2021-04-21,2134.632296969605
2021-04-22,2109.1277136840818
2021-04-23,2136.8326068267825
2021-04-26,2147.4000489868163
2021-04-27,2137.6357043151856
2021-04-28,2128.4699789276124
2021-04-29,2134.1185403137206
2021-04-30,2121.4082718933105
2021-05-06,2077.0731822509765
2021-05-07,2083.3976955261232
2021-05-10,2025.9201180541993
2021-05-11,2027.1896510620115
2021-05-12,1983.351542376709
2021-05-13,1996.8284282958984
2021-05-14,2036.5142859924317
2021-05-17,2024.8200546752928
2021-05-18,2006.8405540466308
2021-05-19,2012.0215440307616
2021-05-20,2050.8458761444094
2021-05-21,2039.4948570739748
2021-05-24,2068.5754382080077
2021-05-25,2068.951912841797
2021-05-26,2069.843711456299
2021-05-27,2059.4866143066406
2021-05-28,2061.1274577270506
2021-05-31,2061.1274577270506
2021-06-01,2058.2126093017578
2021-06-02,2062.5227171325682
2021-06-03,2048.4504337158205
2021-06-04,2080.250981048584
2021-06-07,2087.037264880371
2021-06-08,2089.2371093750003
2021-06-09,2085.3255619506836
2021-06-10,2109.1669192871095
2021-06-11,2115.938874914551
2021-06-15,2125.084018078613
2021-06-16,2114.578770172119
2021-06-17,2158.4346729522704
2021-06-18,2143.0913047790527
2021-06-21,2160.888665011597
2021-06-22,2186.1592083496093
2021-06-23,2184.3934349945066
2021-06-24,2197.016165615845
2021-06-25,2189.025513839722
2021-06-28,2215.9908404388425
2021-06-29,2226.7660906677247
2021-06-30,2220.8798625183103
2021-07-01,2225.645682867432
2021-07-02,2252.6552111480714
2021-07-05,2252.6552111480714
2021-07-06,2264.662958984375
2021-07-07,2267.0590182678225
2021-07-08,2259.6343607055665
2021-07-09,2269.888744738769
2021-07-12,2277.4526109771728
2021-07-13,2275.13122795105
2021-07-14,2279.317648486328
2021-07-15,2260.2299572753905
2021-07-16,2248.3437728118897
2021-07-19,2233.6399135528563
2021-07-20,2257.91465473938
2021-07-21,2268.995980078125
2021-07-22,2285.266670227051
2021-07-23,2315.8114703857423
2021-07-26,2318.2427351379392
2021-07-27,2302.5690181152345
2021-07-28,2304.348947113037
2021-07-29,2296.243640057373
2021-07-30,2285.9394915802
2021-08-02,2286.517014404297
2021-08-03,2303.2240399169923
2021-08-04,2304.948184951782
2021-08-05,2317.881600292969
2021-08-06,2315.475288467407
2021-08-09,2320.8986799041745
2021-08-10,2308.8236251831054
2021-08-11,2302.4059690460203
2021-08-12,2310.6698317199707
2021-08-13,2318.27951953125
2021-08-16,2318.353959790039
2021-08-17,2301.908891638184
2021-08-18,2279.2968950134277
2021-08-19,2293.87657543335
2021-08-20,2320.1355900878907
2021-08-23,2347.3386346893312
2021-08-24,2351.0571959838867
2021-08-25,2355.4311236083986
2021-08-26,2342.389068374634
2021-08-27,2361.5818131347655
2021-08-30,2386.127639978027
2021-08-31,2382.191271826172
2021-09-01,2385.476262487793
2021-09-02,2383.387613525391
2021-09-03,2389.5335953125
2021-09-06,2389.5335953125
2021-09-07,2397.884933770752
2021-09-08,2387.6910296875
2021-09-09,2377.0823441589355
2021-09-10,2355.13096875
2021-09-13,2356.0977213317874
2021-09-14,2344.7019421081545
2021-09-15,2359.858951171875
2021-09-16,2370.5134591003416
2021-09-17,2345.670298522949
2021-09-22,2319.931028842163
2021-09-23,2340.576379852295
2021-09-24,2345.3120090942384
2021-09-27,2322.992647705078
2021-09-28,2258.4811445617675
2021-09-29,2258.5136653320315
2021-09-30,2240.895279345703
2021-10-08,2260.9631522674563
2021-10-11,2243.621666015625
2021-10-12,2237.5318908691406
2021-10-13,2247.6501315307614
2021-10-14,2293.247900024414
2021-10-15,2306.2630588378906
2021-10-18,2327.6433076171875
2021-10-19,2328.1855805419923
2021-10-20,2329.3005943359376
2021-10-21,2343.1222211456297
2021-10-22,2320.3087992492674
2021-10-25,2344.6879459960937
2021-10-26,2350.7450775756834
2021-10-27,2359.70852394104
2021-10-28,2385.9877867340088
2021-10-29,2402.714913482666
2021-11-01,2407.9927217651366
2021-11-02,2418.9307328338623
2021-11-03,2447.1300045013427
2021-11-04,2474.978177093506
2021-11-05,2476.991420803833
2021-11-08,2471.3536861328125
2021-11-09,2454.8807657714847
2021-11-10,2417.514552355957
2021-11-11,2424.217990374756
2021-11-12,2446.083895843506
2021-11-15,2446.9443392089843
2021-11-16,2468.037275744629
2021-11-17,2463.778423309326
2021-11-18,2492.2730040435795
2021-11-19,2506.6395109191894
2021-11-22,2476.72475032959
2021-11-23,2468.061705352783
2021-11-24,2476.2808873718263
2021-11-25,2476.2808873718263
2021-11-26,2429.6000915771488
2021-11-29,2480.425820541382
2021-11-30,2435.005107543945
2021-12-01,2393.6161240447996
2021-12-02,2415.489471624756
2021-12-03,2373.301267675781
2021-12-06,2392.2429113891603
2021-12-07,2460.4563069305423
2021-12-08,2462.846064880371
2021-12-09,2439.498527636719
2021-12-10,2462.652383453369
2021-12-13,2426.0837717681884
2021-12-14,2401.424980432129
2021-12-15,2456.2500988098145
2021-12-16,2393.125341540527
2021-12-17,2383.953420458984
2021-12-20,2361.12450435791
2021-12-21,2412.4526889282224
2021-12-22,2441.0282627716065
2021-12-23,2459.469575390625
2021-12-24,2459.469575390625
2021-12-27,2500.4712139434814
2021-12-28,2488.061660229492
2021-12-29,2487.533814453125
2021-12-30,2481.8914112731936
2021-12-31,2466.393204510498
2022-01-04,2457.6453470428464
2022-01-05,2379.115600341797
2022-01-06,2384.243102911377
2022-01-07,2356.456627645874
2022-01-10,2357.526944421387
2022-01-11,2392.153610183716
2022-01-12,2395.7990989990235
2022-01-13,2336.4166040802
2022-01-14,2348.330565270996
2022-01-17,2348.330565270996
2022-01-18,2289.907007675171
2022-01-19,2261.9744238189696
2022-01-20,2231.152417932129
2022-01-21,2168.566469619751
2022-01-24,2175.71026015625
2022-01-25,2123.6964432891846
2022-01-26,2118.664039819336
2022-01-27,2112.9568834075926
2022-01-28,2176.7739779052736
2022-02-07,2197.5517605285645
2022-02-08,2223.988560241699
2022-02-09,2269.653838497925
2022-02-10,2215.0429387390136
2022-02-11,2145.2508286743164
2022-02-14,2148.82144420166
2022-02-15,2195.944580459595
2022-02-16,2194.7317268737793
2022-02-17,2129.955758358765
2022-02-18,2101.3438393676756
2022-02-21,2101.3438393676756
2022-02-22,2080.534680053711
2022-02-23,2023.2038629028318
2022-02-24,2096.1277066345215
2022-02-25,2124.797693942261
2022-02-28,2128.25967923584
2022-03-01,2096.7359403564456
2022-03-02,2135.0932904663086
2022-03-03,2104.0936091766357
2022-03-04,2073.372062426758
2022-03-07,1997.0933606018066
2022-03-08,1987.3078721801758
2022-03-09,2058.71627076416
2022-03-10,2037.0792333007812
2022-03-11,2000.4195306976317
2022-03-14,1969.9255971221924
2022-03-15,2033.3443461914062
2022-03-16,2102.596350128174
2022-03-17,2126.3422559051514
2022-03-18,2174.9927787323
2022-03-21,2167.0027599609375
2022-03-22,2213.345209716797
2022-03-23,2183.592110229492
2022-03-24,2230.374789489746
2022-03-25,2228.0939144348145
2022-03-28,2264.5580726989747
2022-03-29,2300.675186065674
2022-03-30,2269.36299319458
2022-03-31,2238.516173638916
2022-04-01,2242.432135772705
2022-04-06,2187.9943493652345
2022-04-07,2193.542028808594
2022-04-08,2164.3405655273436
2022-04-11,2114.7646907348635
2022-04-12,2104.4755618103027
2022-04-13,2148.16434876709
2022-04-14,2102.2396843719484
2022-04-15,2099.9322476348875
2022-04-18,2099.0713274230957
2022-04-19,2156.105388519287
2022-04-20,2133.233762805176
2022-04-21,2099.2494232177737
2022-04-22,2060.4428274536135
2022-04-25,2105.3691677398683
2022-04-26,2024.882835498047
2022-04-27,2023.7831095275878
2022-04-28,2116.361962573242
2022-04-29,2016.1554902343748
2022-05-05,2028.4175881347658
2022-05-06,2007.6097658477784
2022-05-09,1947.6975720672606
2022-05-10,1972.765382321167
2022-05-11,1909.7938304870606
2022-05-12,1924.391805908203
2022-05-13,1996.2980173339845
2022-05-16,1972.3436284301756
2022-05-17,2008.7875355804445
2022-05-18,1915.2520288085936
2022-05-19,1892.8326103271484
2022-05-20,1881.6637978637696
2022-05-23,1900.6304885559082
2022-05-24,1861.3385676574705
2022-05-25,1898.339203491211
2022-05-26,1964.4646402587891
2022-05-27,2016.5407449951174
2022-05-30,2016.5407449951174
2022-05-31,2003.23453666687
2022-06-01,1992.680776702881
2022-06-02,2039.2287426391601
2022-06-06,1990.9302545837404
2022-06-07,2012.3588539123537
2022-06-08,2002.3715210723876
2022-06-09,1951.3635574493408
2022-06-10,1887.2076978424072
2022-06-13,1811.5042029418946
2022-06-14,1811.1655542755125
2022-06-15,1849.0389982177733
2022-06-16,1771.8464483337402
2022-06-17,1796.8694072265625
2022-06-20,1796.8694072265625
2022-06-21,1834.5230126953124
2022-06-22,1834.6684174346924
2022-06-23,1861.908069519043
2022-06-24,1922.7716856506347
2022-06-27,1909.2739408203124
2022-06-28,1855.8361925354004
2022-06-29,1855.5157324554443
2022-06-30,1832.0642384124756
2022-07-01,1844.6800354003906
2022-07-04,1844.6800354003906
2022-07-05,1881.6370333740233
2022-07-06,1890.2638081054688
2022-07-07,1928.842434310913
2022-07-08,1929.5323140563964
2022-07-11,1894.796049118042
2022-07-12,1878.0886784606932
2022-07-13,1872.573440628052
2022-07-14,1889.5272315124512
2022-07-15,1924.4568971557617
2022-07-18,1904.0753190307616
2022-07-19,1962.9229411010742
2022-07-20,1997.3013389892576
2022-07-21,2029.4224737243653
2022-07-22,1989.2679290771484
2022-07-25,1977.908769418335
2022-07-26,1942.405789453125
2022-07-27,2023.1142195739744
2022-07-28,2039.7217555541993
2022-07-29,2075.934412460327
2022-08-01,2082.099200665283
2022-08-02,2070.5231733947753
2022-08-03,2128.988449447632
2022-08-04,2136.412236419678
2022-08-05,2122.7908890563963
2022-08-08,2112.736542648315
2022-08-09,2089.4420989990235
2022-08-10,2138.3772731323243
2022-08-11,2133.039511657715
2022-08-12,2173.926199951172
2022-08-15,2200.920385055542
2022-08-16,2200.953758239746
2022-08-17,2173.6058976135255
2022-08-18,2180.4401205291747
2022-08-19,2147.6637919067384
2022-08-22,2100.6929274780273
2022-08-23,2098.955114929199
2022-08-24,2108.264661645508
2022-08-25,2142.2887764801026
2022-08-26,2061.62090675354
2022-08-29,2051.7592976104734
2022-08-30,2029.8797695922851
2022-08-31,2011.9458209838867
2022-09-01,2017.9621172790528
2022-09-02,1987.1185249786379
2022-09-05,1987.1185249786379
2022-09-06,1988.4895806640625
2022-09-07,2032.1029415893554
2022-09-08,2040.0572224731445
2022-09-09,2075.0075126953125
2022-09-13,1984.674586593628
2022-09-14,2011.0215948486327
2022-09-15,1986.678148602295
2022-09-16,1970.7185730560302
2022-09-19,1993.2066078186035
2022-09-20,1980.876078515625
2022-09-21,1953.8055113433838
2022-09-22,1937.7809013671877
2022-09-23,1919.5369217895507
2022-09-26,1914.7588163330079
2022-09-27,1925.6165734863282
2022-09-28,1970.2167748718261
2022-09-29,1892.3159375610353
2022-09-30,1858.6343749542236
2022-10-10,1851.8898731872557
2022-10-11,1840.2167557556152
2022-10-12,1841.6657670898437
2022-10-13,1884.3314904785157
2022-10-14,1832.6646107254028
2022-10-17,1894.5251588012695
2022-10-18,1910.9667019683839
2022-10-19,1911.3763081054688
2022-10-20,1897.6512997558596
2022-10-21,1949.4170913116454
2022-10-24,1977.1239352630616
2022-10-25,2019.661634375
2022-10-26,1948.461454650879
2022-10-27,1927.0996621459963
2022-10-28,1993.2184938903808
2022-10-31,1984.9601352294922
2022-11-01,1956.125154144287
2022-11-02,1893.2303300476074
2022-11-03,1859.04765625
2022-11-04,1888.8470177124022
2022-11-07,1890.5169777770998
2022-11-08,1910.06491456604
2022-11-09,1863.8248556304932
2022-11-10,1985.8465395507812
2022-11-11,2022.4376279296876
2022-11-14,1973.2058374328612
2022-11-15,1992.8730970458982
2022-11-16,1980.2938629272462
2022-11-17,1992.2675899627686
2022-11-18,1982.3411096435548
2022-11-21,1974.2941582031249
2022-11-22,1995.6852209838867
2022-11-23,2021.136270263672
2022-11-24,2021.136270263672
2022-11-25,2009.5793075012207
2022-11-28,1992.033155957031
2022-11-29,1963.0747705078124
2022-11-30,2032.8020627838137
2022-12-01,2022.231564526367
2022-12-02,2007.4839092712402
2022-12-05,1957.4810823669434
2022-12-06,1925.8713446960448
2022-12-07,1911.6188291564943
2022-12-08,1932.7712278015138
2022-12-09,1917.9650305480957
2022-12-12,1948.013484133911
2022-12-13,1959.2748506469725
2022-12-14,1946.6542929748534
2022-12-15,1887.1936953002928
2022-12-16,1868.9853341308592
2022-12-19,1844.411151586914
2022-12-20,1838.43234375
2022-12-21,1870.728617614746
2022-12-22,1825.4572387939452
2022-12-23,1830.8997176513674
2022-12-26,1830.8997176513674
2022-12-27,1797.7812963867189
2022-12-28,1778.4808736755372
2022-12-29,1817.9410892486574
2022-12-30,1799.8090587280274
2023-01-03,1791.868096206665
2023-01-04,1793.6333839416504
2023-01-05,1763.632822265625
2023-01-06,1800.9846880187988
2023-01-09,1794.8799282836912
2023-01-10,1811.9443274230957
2023-01-11,1841.3873159790037
2023-01-12,1842.1778287353516
2023-01-13,1845.077855255127
2023-01-16,1845.077855255127
2023-01-17,1868.492822555542
2023-01-18,1839.0562594360351
2023-01-19,1826.489391705322
2023-01-20,1878.8841427612304
2023-01-30,1920.1164965911864
2023-01-31,1950.017155517578
2023-02-01,1987.764020275879
2023-02-02,2054.8280881713868
2023-02-03,2032.3211409484863
2023-02-06,2020.6334587890626
2023-02-07,2062.2555986328125
2023-02-08,2024.9899694824219
2023-02-09,2003.9003210998535
2023-02-10,2000.263950201416
2023-02-13,2035.0453445251464
2023-02-14,2051.7959580078123
2023-02-15,2075.239153076172
2023-02-16,2038.6765735473632
2023-02-17,2026.3877262542726
2023-02-20,2026.3877262542726
2023-02-21,1979.5367861938478
2023-02-22,1987.0154255615232
2023-02-23,2009.2285485076904
2023-02-24,1989.0275367889406
2023-02-27,2000.5349299621582
2023-02-28,1994.3523389434815
2023-03-01,1959.2289052246092
2023-03-02,1988.8511789245606
2023-03-03,2027.7950811767578
2023-03-06,2037.357588623047
2023-03-07,2021.3707913665771
2023-03-08,2028.2840677490235
2023-03-09,1996.9853400878906
2023-03-10,1951.8326986694335
2023-03-13,1950.0710754241945
2023-03-14,2001.4401650390625
2023-03-15,2021.4607054443359
2023-03-16,2073.5450709381103
2023-03-17,2060.9025932922364
2023-03-20,2065.2127550964356
2023-03-21,2096.5370558166505
2023-03-22,2067.1870391418456
2023-03-23,2073.033188879395
2023-03-24,2095.523481903076
2023-03-27,2085.984246722412
2023-03-28,2071.6189418792724
2023-03-29,2113.5972869750976
2023-03-30,2128.584002380371
2023-03-31,2163.227771923828
2023-04-03,2161.113062426758
2023-04-04,2153.9476693725587
2023-04-06,2146.125202178955
2023-04-07,2146.125202178955
2023-04-10,2146.6893675048827
2023-04-11,2134.7409188232423
2023-04-12,2111.7049193115236
2023-04-13,2151.3960988677977
2023-04-14,2147.758202392578
2023-04-17,2152.5825933288575
2023-04-18,2151.74718901062
2023-04-19,2153.738199786377
2023-04-20,2133.406005477905
2023-04-21,2141.6915239257814
2023-04-24,2138.4057201965334
2023-04-25,2109.0813085937502
2023-04-26,2120.066147470093
2023-04-27,2176.4231489257813
2023-04-28,2187.9551519470215
2023-05-04,2144.1147265563964
2023-05-05,2189.9084959198
2023-05-08,2196.096482467651
2023-05-09,2184.5878016418455
2023-05-10,2212.189276876831
2023-05-11,2224.4916368408203
2023-05-12,2219.543567199707
2023-05-15,2229.797990234375
2023-05-16,2239.740200720215
2023-05-17,2274.325050997925
2023-05-18,2328.9478152008055
2023-05-19,2313.9564240722657
2023-05-22,2331.369835739136
2023-05-23,2306.3649086303712
2023-05-24,2297.6264054718017
2023-05-25,2359.8697801208496
2023-05-26,2415.2073777770997
2023-05-29,2415.2073777770997
2023-05-30,2431.7248596435547
2023-05-31,2428.417158508301
2023-06-01,2450.735930151367
2023-06-02,2465.390863293457
2023-06-05,2474.8966969299317
2023-06-06,2479.3538219604493
2023-06-07,2440.6120846679687
2023-06-08,2464.737806826782
2023-06-09,2479.866471670532
2023-06-12,2527.5713418334963
2023-06-13,2552.2702420806886
2023-06-14,2567.047532104492
2023-06-15,2591.095048522949
2023-06-16,2572.9838790893555
2023-06-19,2572.9838790893555
2023-06-20,2589.530344354248
2023-06-21,2553.1026684295657
2023-06-26,2543.8969264038087
2023-06-27,2581.5223617492675
2023-06-28,2595.266620812988
2023-06-29,2592.894122711182
2023-06-30,2632.8043408447265
2023-07-03,2634.892917480469
2023-07-04,2634.892917480469
2023-07-05,2637.186183517456
2023-07-06,2618.365997314453
2023-07-07,2599.0540991363528
2023-07-10,2603.866119873047
2023-07-11,2608.5896740722656
2023-07-12,2625.6332435302734
2023-07-13,2664.4001068115235
2023-07-14,2660.2239257904052
2023-07-17,2696.648517385864
2023-07-18,2721.5529876831056
2023-07-19,2738.884002380371
2023-07-20,2657.2694469177245
2023-07-21,2652.9913195587155
2023-07-24,2657.007254440308
2023-07-25,2655.842898742676
2023-07-26,2653.056974331665
2023-07-27,2655.134502593994
2023-07-28,2694.3761314453122
2023-07-31,2693.443333190918
2023-08-01,2700.3254109191894
2023-08-02,2646.404692626953
2023-08-03,2632.281455099487
2023-08-04,2622.0784944854736
2023-08-07,2651.137559463501
2023-08-08,2638.2852568359376
2023-08-09,2606.566365737915
2023-08-10,2614.2819545288085
2023-08-11,2604.885367941284
2023-08-14,2642.053241821289
2023-08-15,2622.3722119659424
2023-08-16,2600.5899913635253
2023-08-17,2569.540376159668
2023-08-18,2562.4442504882813
2023-08-21,2606.053593338013
2023-08-22,2604.6512828063965
2023-08-23,2639.9547938323976
2023-08-24,2584.056488543701
2023-08-25,2607.8076941833497
2023-08-28,2627.797387390137
2023-08-29,2681.357173864746
2023-08-30,2697.902944378662
2023-08-31,2696.4445577819824
2023-09-01,2694.4824890991213
2023-09-04,2694.4824890991213
2023-09-05,2713.21656161499
2023-09-06,2694.548797607422
2023-09-07,2679.922506692505
2023-09-08,2688.90428024292
2023-09-11,2700.283660455322
2023-09-12,2671.4047038604735
2023-09-13,2673.819828491211
2023-09-14,2698.2793100891113
2023-09-15,2651.1291951416015
2023-09-18,2660.1320348968507
2023-09-19,2656.246092199707
2023-09-20,2614.595525390625
2023-09-21,2573.587966711426
2023-09-22,2570.9178275146483
2023-09-25,2587.7305472717285
2023-09-26,2548.5241522216797
2023-09-27,2554.6708235473634
2023-09-28,2572.693662750244
2023-10-09,2632.3305820312503
2023-10-10,2646.4727626464846
2023-10-11,2666.9641340820313
2023-10-12,2658.6791034973144
2023-10-13,2626.338267630005
2023-10-16,2658.069511077881
2023-10-17,2649.3628590698245
2023-10-18,2616.6118278625486
2023-10-19,2590.8884578125
2023-10-20,2553.249701843262
2023-10-23,2561.059350640869
2023-10-24,2583.5697865905763
2023-10-25,2522.921133087158
2023-10-26,2474.3087956237796
2023-10-27,2486.902042102051
2023-10-30,2513.6114291412355
2023-10-31,2526.7720014282227
2023-11-01,2570.945385131836
2023-11-02,2617.079975463867
2023-11-03,2642.217332244873
2023-11-06,2641.7304875946043
2023-11-07,2670.1136489135743
2023-11-08,2672.27365234375
2023-11-09,2652.9837565307616
2023-11-10,2712.6285265197753
2023-11-13,2706.210973724365
2023-11-14,2750.8126927490234
2023-11-15,2750.4540182983396
2023-11-16,2750.908324902344
2023-11-17,2740.3031517333984
2023-11-20,2756.74371875
2023-11-21,2728.1875311035155
2023-11-22,2746.95512008667
2023-11-23,2746.95512008667
2023-11-24,2740.7052335937497
2023-11-27,2739.845026904297
2023-11-28,2741.3416243286133
2023-11-29,2735.6026629638673
2023-11-30,2731.021330078125
2023-12-01,2739.8157245788575
2023-12-04,2715.82610625
2023-12-05,2723.407430029297
2023-12-06,2712.8103500976563
2023-12-07,2748.215949661255
2023-12-08,2765.4819136199953
2023-12-11,2793.7765399017335
2023-12-12,2815.6344042663577
2023-12-13,2850.249673614502
2023-12-14,2822.4873413085934
2023-12-15,2839.7618848205566
2023-12-18,2862.3852543762205
2023-12-19,2876.6077537872316
2023-12-20,2836.5650716552736
2023-12-21,2870.615843823242
2023-12-22,2872.251670043945
2023-12-25,2872.251670043945
2023-12-26,2894.575796459961
2023-12-27,2899.371827346802
2023-12-28,2884.163959701538
2023-12-29,2869.0148153808595
2024-01-02,2837.4277125549315
2024-01-03,2810.1940797454836
2024-01-04,2799.3289282562255
2024-01-05,2797.207318725586
2024-01-08,2858.6161829223634
2024-01-09,2869.6683451080326
2024-01-10,2890.5689098724365
2024-01-11,2894.927762878418
2024-01-12,2896.2103648376465
2024-01-15,2896.2103648376465
2024-01-16,2904.372890332031
2024-01-17,2891.446263671875
2024-01-18,2932.528459643555
2024-01-19,2989.4365987518313
2024-01-22,2992.8824970703126
2024-01-23,2996.9445631103513
2024-01-24,3007.692731872559
2024-01-25,3015.9937931213376
2024-01-26,3001.07793883667
2024-01-29,3033.2891163635254
2024-01-30,3011.293130081177
2024-01-31,2948.9401769348146
2024-02-01,2988.9101149200437
2024-02-02,3044.5466838378907
2024-02-05,3043.193698828125
2024-02-06,3033.962841015625
2024-02-07,3066.6748820434573
2024-02-08,3073.2933484802247
2024-02-19,3055.957267895508
2024-02-20,3031.9203628082278
2024-02-21,3019.19975395813
2024-02-22,3109.8799564941405
2024-02-23,3101.842427307129
2024-02-26,3100.2953741943356
2024-02-27,3107.9685293884277
2024-02-28,3091.3766682128908
2024-02-29,3117.9114947265625
2024-03-01,3164.1100560302734
2024-03-04,3154.0031538604735
2024-03-05,3096.443466430664
2024-03-06,3116.419808303833
2024-03-07,3161.4354109954834
2024-03-08,3112.768116928101
2024-03-11,3099.7008330688477
2024-03-12,3143.4346267211913
2024-03-13,3122.3580932617188
2024-03-14,3116.9559400512694
2024-03-15,3080.804012207031
2024-03-18,3111.397396829224
2024-03-19,3119.5828305450436
2024-03-20,3156.614558105469
2024-03-21,3171.596600817871
2024-03-22,3188.2791219085693
2024-03-25,3168.4905725280764
2024-03-26,3161.4733369628907
2024-03-27,3176.373246459961
2024-03-28,3170.1671071289065
2024-03-29,3167.578750048828
2024-04-01,3178.900250622559
2024-04-02,3151.9891152343753
2024-04-03,3159.5001298828124
2024-04-08,3147.69164163208
2024-04-09,3159.8176943115236
2024-04-10,3133.3196766571045
2024-04-11,3184.761629086304
2024-04-12,3134.0338416931154
2024-04-15,3082.8164870910646
2024-04-16,3083.145579333496
2024-04-17,3045.779325253296
2024-04-18,3028.1060947021483
2024-04-19,2966.317192050171
2024-04-22,2996.1485184356693
2024-04-23,3042.6241167907715
2024-04-24,3053.563643310547
2024-04-25,3038.8155743408206
2024-04-26,3085.8792630859375
2024-04-29,3092.166325982666
2024-04-30,3037.3423679229736
2024-05-06,3135.01261958313
2024-05-07,3140.47089956665
2024-05-08,3138.6167090606687
2024-05-09,3146.0293923156737
2024-05-10,3156.1566142578126
2024-05-13,3166.2848947906496
2024-05-14,3187.0916230926514
2024-05-15,3230.4181226501464
2024-05-16,3223.4543752197264
2024-05-17,3224.206190197754
2024-05-20,3251.677127075195
2024-05-21,3259.479709057617
2024-05-22,3260.141849899292
2024-05-23,3246.193529003906
2024-05-24,3277.0718920135496
2024-05-27,3277.0718920135496
2024-05-28,3290.632529632568
2024-05-29,3269.378074768066
2024-05-30,3234.3072292602537
2024-05-31,3224.594656768799
2024-06-03,3242.3564236450197
2024-06-04,3250.017103747559
2024-06-05,3319.291743621826
2024-06-06,3317.0474726226807
2024-06-07,3314.7986948547364
2024-06-11,3354.634870703125
2024-06-12,3398.5732713867187
2024-06-13,3415.8164155792238
2024-06-14,3435.313773989868
2024-06-17,3477.587786755371
2024-06-18,3477.800371957397
2024-06-19,3477.800371957397
2024-06-20,3453.895339880371
2024-06-21,3444.8782541931155
2024-06-24,3404.5808945007325
2024-06-25,3445.55429246521
2024-06-26,3454.428720300293
2024-06-27,3464.394418310547
2024-06-28,3445.6521287109376
2024-07-01,3466.385977618408
2024-07-02,3504.1796282226564
2024-07-03,3532.762512496948
2024-07-04,3532.762512496948
2024-07-05,3568.664965209961
2024-07-08,3577.300084786987
2024-07-09,3582.4617306518553
2024-07-10,3621.456620947266
2024-07-11,3533.031617486572
2024-07-12,3549.968292480469
2024-07-15,3564.272295263672
2024-07-16,3570.205216430664
2024-07-17,3461.6834160736084
2024-07-18,3444.9688146972653
2024-07-19,3418.902110534668
2024-07-22,3471.7930744140626
2024-07-23,3460.1269240966794
2024-07-24,3330.2330910583496
2024-07-25,3279.3586853637694
2024-07-26,3321.7883874694826
2024-07-29,3332.8224141448973
2024-07-30,3283.164113449097
2024-07-31,3365.500932168579
2024-08-01,3295.26455473938
2024-08-02,3179.7033837890626
2024-08-05,3071.971423034668
2024-08-06,3112.764244909668
2024-08-07,3087.529405517578
2024-08-08,3181.403599749756
2024-08-09,3194.14018536377
2024-08-12,3204.7710689453124
2024-08-13,3275.7755639343263
2024-08-14,3268.7786643127442
2024-08-15,3367.8845923950194
2024-08-16,3367.983827807617
2024-08-19,3400.2707175476075
2024-08-20,3389.6658271484375
2024-08-21,3406.621351123047
2024-08-22,3357.121438964844
2024-08-23,3384.220451660156
2024-08-26,3349.86024732666
2024-08-27,3361.377061450195
2024-08-28,3323.2807289276125
2024-08-29,3305.700235986328
2024-08-30,3341.708616943359
2024-09-02,3341.708616943359
2024-09-03,3254.372995068359
2024-09-04,3241.8144600097658
2024-09-05,3235.806985864258
2024-09-06,3147.130595654297
2024-09-09,3199.1595684906006
2024-09-10,3231.9936027374265
2024-09-11,3301.5748420166015
2024-09-12,3333.0934059051515
2024-09-13,3336.5947781677246
2024-09-18,3303.7138922607423
2024-09-19,3380.6922962951658
2024-09-20,3366.141679779053
2024-09-23,3375.2077177490232
2024-09-24,3382.349019189453
2024-09-25,3385.3406526184085
2024-09-26,3400.636714117432
2024-09-27,3381.9804323089597
2024-09-30,3394.29627421875
2024-10-08,3423.1672339477536
2024-10-09,3461.000447332764
2024-10-10,3455.8989419860836
2024-10-11,3455.0916027008057
2024-10-14,3484.084740762329
2024-10-15,3463.0519333007815
2024-10-16,3463.4753744873046
2024-10-17,3467.042119140625
2024-10-18,3479.9181288909913
2024-10-21,3495.1467890472413
2024-10-22,3500.97167276001
2024-10-23,3448.38805390625
2024-10-24,3473.3255130615235
2024-10-25,3494.932024026489
2024-10-28,3498.1967337341307
2024-10-29,3534.138466305542
2024-10-30,3503.8870644561766
2024-10-31,3412.994005938721
2024-11-01,3439.9852285766606
2024-11-04,3419.416283569336
2024-11-05,3465.5737041564944
2024-11-06,3596.5362541870118
2024-11-07,3634.3303283203127
2024-11-08,3657.5820118103024
2024-11-11,3655.448046707153
2024-11-12,3676.0255117187503
2024-11-13,3667.488278305054
2024-11-14,3643.361471972656
2024-11-15,3557.3419397460934
2024-11-18,3585.8234701171873
2024-11-19,3611.8900134033206
2024-11-20,3613.1505217163085
2024-11-21,3621.5937062011717
2024-11-22,3631.763978668213
2024-11-25,3634.4958858642576
2024-11-26,3660.319302124023
2024-11-27,3628.3953802978517
2024-11-28,3628.3953802978517
2024-11-29,3658.509685684204
2024-12-02,3713.2029429748536
2024-12-03,3731.964724914551
2024-12-04,3766.3832520507813
2024-12-05,3752.119260571289
2024-12-06,3793.1087445068356
2024-12-09,3758.5997131347654
2024-12-10,3740.426513671875
2024-12-11,3812.903157165528
2024-12-12,3792.4694161376956
2024-12-13,3825.231516870117
2024-12-16,3884.584295703125
2024-12-17,3868.007888891602
2024-12-18,3729.383338183594
2024-12-19,3717.9221337280273
2024-12-20,3749.771732446289
2024-12-23,3787.550396209717
2024-12-24,3837.2783825683596
2024-12-25,3837.2783825683596
2024-12-26,3836.511925817871
2024-12-27,3785.461107788086
2024-12-30,3735.779646084595
2024-12-31,3704.0452443328854
2025-01-02,3696.8504974670414
2025-01-03,3767.9028880065916
2025-01-06,3812.456230255127
2025-01-07,3746.5228198730465
2025-01-08,3749.8366303100584
2025-01-09,3750.0923614349363
2025-01-10,3691.538707159424
2025-01-13,3679.3234231903075
2025-01-14,3675.429131552124
2025-01-15,3759.627667919922
2025-01-16,3733.89943951416
2025-01-17,3793.4518843444826
2025-01-20,3793.4518843444826
2025-01-21,3787.7271375
2025-01-22,3836.999928564453
2025-01-23,3853.193712890625
2025-01-24,3808.287613037109
2025-01-27,3700.8306986480716
2025-02-05,3802.9408681640625
2025-02-06,3831.3601990844722
2025-02-07,3786.1472851623535
2025-02-10,3837.3382012023926
2025-02-11,3829.6177103515624
2025-02-12,3832.7045640624997
2025-02-13,3877.2034000488284
2025-02-14,3874.3579058227538
2025-02-17,3874.3579058227538
2025-02-18,3896.846668322754
2025-02-19,3900.447200170898
2025-02-20,3869.0671151733395
2025-02-21,3785.946994628906
2025-02-24,3739.9664119384765
2025-02-25,3694.6795853515623
2025-02-26,3707.844124420166
2025-02-27,3617.6837073303222
2025-02-28,3673.5516239501953
2025-03-03,3593.9050727508543
2025-03-04,3573.6150689208985
2025-03-05,3612.975882928467
2025-03-06,3511.7433720703125
2025-03-07,3531.3187802734374
2025-03-10,3406.2356447937013
2025-03-11,3383.4415264160157
2025-03-12,3426.059073449707
2025-03-13,3367.53763538208
2025-03-14,3445.980557098389
2025-03-17,3465.9273655242923
2025-03-18,3404.298489505005
2025-03-19,3451.141917114258
2025-03-20,3447.8639090057372
2025-03-21,3459.6602440795896
2025-03-24,3537.775225689697
2025-03-25,3559.827692349243
2025-03-26,3499.4285554504395
2025-03-27,3478.052740447998
2025-03-28,3385.6907078002932
2025-03-31,3382.702688259888
2025-04-01,3416.079684161377
2025-04-02,3439.9704782867434
2025-04-03,3261.999068197632
2025-04-07,3078.070555627441
2025-04-08,3035.3369072509768
2025-04-09,3404.812464453125
2025-04-10,3244.075059082031
2025-04-11,3293.6778931274416
2025-04-14,3325.2804349456787
2025-04-15,3330.398639984131
2025-04-16,3225.6921338745115
2025-04-17,3222.3300790100097
2025-04-18,3222.594964343262
2025-04-21,3139.315741247559
2025-04-22,3230.742973577881
2025-04-23,3292.3521336059566
2025-04-24,3385.8723121765133
2025-04-25,3422.9129247070314
2025-04-28,3425.489257507324
2025-04-29,3436.200579711914
2025-04-30,3436.52293203125
2025-05-06,3453.5171442993164
2025-05-07,3471.207019805908
2025-05-08,3511.415787414551
2025-05-09,3510.278528173828
2025-05-12,3635.820422259522
2025-05-13,3693.231749523926
2025-05-14,3716.5519697265627
2025-05-15,3719.9649099060057
2025-05-16,3737.348177124023
2025-05-19,3743.734193261719
2025-05-20,3733.841160974121
2025-05-21,3673.027682473755
2025-05-22,3680.820737121582
2025-05-23,3634.634615081787
2025-05-26,3634.634615081787
2025-05-27,3728.015648803711
2025-05-28,3711.029326409912
2025-05-29,3713.8794434509277
2025-05-30,3715.040542346191
2025-06-03,3767.414518359375
2025-06-04,3776.445832324219
2025-06-05,3743.1170089721677
2025-06-06,3786.871467114258
2025-06-09,3788.013903881836
2025-06-10,3816.678633911133
2025-06-11,3806.8877390625003
2025-06-12,3805.109391418457
2025-06-13,3761.7377473144534
2025-06-16,3813.00114642334
2025-06-17,3778.71198059082
2025-06-18,3780.3303439453125
2025-06-19,3780.3303439453125
2025-06-20,3759.500150085449
2025-06-23,3798.4214317016604
2025-06-24,3852.370361071777
2025-06-25,3864.9657677490236
2025-06-26,3896.2663865661625
2025-06-27,3912.114835601807
2025-06-30,3932.787105493164
2025-07-01,3900.2350223571775
2025-07-02,3927.511391583252
2025-07-03,3968.0961715820313
2025-07-04,3968.0961715820313
2025-07-07,3941.5012457031253
2025-07-08,3943.384529382324
2025-07-09,3974.731693115234
2025-07-10,3966.140893579102
2025-07-11,3953.520404370117
2025-07-14,3967.250330932617
2025-07-15,3974.1561024169923
2025-07-16,3981.663643395996
2025-07-17,4016.179117529297
2025-07-18,4009.1907703125
2025-07-21,4029.079164550781
2025-07-22,4007.5549567382814
2025-07-23,4017.4739038940434
2025-07-24,4022.7638788696286
2025-07-25,4040.225071966553
2025-07-28,4058.448772229004
2025-07-29,4051.6544150390623
2025-07-30,4066.4109311279294
2025-07-31,4048.6859955322266
2025-08-01,3975.215354418945
2025-08-04,4029.701774291992
2025-08-05,4005.408936218262
2025-08-06,4055.07564342041
2025-08-07,4067.893171118164
2025-08-08,4107.725870196534
2025-08-11,4098.137376660156
2025-08-12,4143.930644500732
2025-08-13,4143.635061328126
2025-08-14,4143.3655218505855
2025-08-15,4126.409146728516
2025-08-18,4126.487979144287
2025-08-19,4068.91587769165
2025-08-20,4041.2654196899416
2025-08-21,4024.5734312622067
2025-08-22,4078.5787999816894
2025-08-25,4058.8100942993165
2025-08-26,4075.6774658203126
2025-08-27,4082.853889941406
2025-08-28,4095.203592932129
2025-08-29,4047.6861930175783
2025-09-01,4047.6861930175783
2025-09-02,4018.60645513916
2025-09-03,4051.6413664855954
2025-09-04,4088.2575349731446
2025-09-05,4088.9392318359373
2025-09-08,4107.156920599365
2025-09-09,4113.9404675354
2025-09-10,4115.170918591309
2025-09-11,4137.786801855469
2025-09-12,4159.450081616211
2025-09-15,4191.744856689453
2025-09-16,4185.613343334961
2025-09-17,4170.859280340576
2025-09-18,4213.9187904357905
2025-09-19,4243.458337316894
2025-09-22,4268.459485961914
2025-09-23,4238.676371606445
2025-09-24,4235.615660217285
2025-09-25,4218.715271166992
2025-09-26,4235.463518554688
2025-09-29,4247.084935632324
2025-09-30,4258.479432128906
2025-10-09,4336.923224639892
2025-10-10,4190.18738269043
2025-10-13,4279.108965454102
2025-10-14,4253.227681884766
2025-10-15,4275.921816210937
2025-10-16,4258.175396911622
2025-10-17,4288.1833214843755
2025-10-20,4338.013379943848
2025-10-21,4338.279852966309
2025-10-22,4298.837736254883
2025-10-23,4332.785437225341
2025-10-24,4378.437281854248
2025-10-27,4449.593017285156
2025-10-28,4476.620524584961
2025-10-29,4496.271942626953
2025-10-30,4434.828556402588
2025-10-31,4460.734699932861
2025-11-03,4485.416281726074
2025-11-04,4398.875390991211
2025-11-05,4425.329072875977
2025-11-06,4338.935907928467
2025-11-07,4326.702912707519
2025-11-10,4420.813285729981
2025-11-11,4409.03845715332
2025-11-12,4401.045287597656
2025-11-13,4300.8881872558595
2025-11-14,4306.687823144531
2025-11-17,4274.898796539306
2025-11-18,4222.789004907227
2025-11-19,4249.911963537597
2025-11-20,4148.842121032715
2025-11-21,4178.129934399414
2025-11-24,4282.2047371826175
2025-11-25,4297.98246496582
2025-11-26,4330.633176123047
2025-11-27,4330.633176123047
2025-11-28,4365.310790209961
2025-12-01,4348.556835351563
2025-12-02,4381.535408325196
2025-12-03,4388.267104663086
2025-12-04,4389.026002539063
2025-12-05,4405.800695947266
2025-12-08,4398.21853692627
2025-12-09,4398.847692163086
2025-12-10,4417.301922363281
2025-12-11,4399.212676745606
2025-12-12,4313.21145402832
2025-12-15,4286.816897827148
2025-12-16,4292.082049426269
2025-12-17,4213.357465795898
2025-12-18,4272.77080415039
2025-12-19,4328.77574576416
2025-12-22,4346.930873693847
2025-12-23,4361.889336669921
2025-12-24,4366.060798571777
2025-12-25,4366.060798571777
2025-12-26,4360.8632644165045
2025-12-29,4339.320549169922
2025-12-30,4323.385263140869
2025-12-31,4285.811224334717
2026-01-05,4308.34084765625
2026-01-06,4343.335518603515
2026-01-07,4355.671416625976
2026-01-08,4322.844894744873
2026-01-09,4361.96283359375
2026-01-12,4363.016831402588
2026-01-13,4359.296186218262
2026-01-14,4309.94516204834
2026-01-15,4321.116432861329
2026-01-16,4318.804052893066
2026-01-19,4318.804052893066
2026-01-20,4222.067603839111
2026-01-21,4281.479464123535
2026-01-22,4316.504749145508
2026-01-23,4325.847124694824
2026-01-26,4339.327845300293
2026-01-27,4378.853978729248
2026-01-28,4388.111343347168
2026-01-29,4362.9776015625
2026-01-30,4312.435782897949
2026-02-02,4339.110760839843
2026-02-03,4267.155098956299
2026-02-04,4194.9085146179195
2026-02-05,4132.317809106446
2026-02-06,4220.274381640625
2026-02-09,4241.080217285156
2026-02-10,4215.670146142578
2026-02-11,4228.139223480224
2026-02-12,4135.252398925782
2026-02-13,4148.268335449219
2026-02-24,4174.113093444824
2026-02-25,4226.119334277344
2026-02-26,4157.931921789551
2026-02-27,4154.9230078125
2026-03-02,4175.077799176026
2026-03-03,4140.883964379883
2026-03-04,4202.358962182617
2026-03-05,4186.235337207031
2026-03-06,4126.432211547852
2026-03-09,4187.66709276123
2026-03-10,4169.546076672364
2026-03-11,4162.267621124268
2026-03-12,4092.855278765869
2026-03-13,4084.707262408447
2026-03-16,4130.167972229004
2026-03-17,4144.786801745606
2026-03-18,4078.8788716552735
2026-03-19,4082.080698828125
2026-03-20,3998.4491646850583
2026-03-23,4041.410474359131
2026-03-24,4020.2552255249025
2026-03-25,4052.151623419189
2026-03-26,3960.937470001221
2026-03-27,3884.0597618896486
2026-03-30,3854.5397489074708
2026-03-31,3977.0169755859374
2026-04-01,4010.9704755859375
2026-04-02,4023.5165594238283
2026-04-03,4021.6466783691403
2026-04-07,4031.354998724365
2026-04-08,4134.263530187988
2026-04-09,4163.876312292481
2026-04-10,4167.683869128418
2026-04-13,4212.329887951661
2026-04-14,4279.645587963867
2026-04-15,4341.022763916016
2026-04-16,4363.722117480469
2026-04-17,4418.354668945312
2026-04-20,4404.4562764160155
2026-04-21,4390.021580273437
2026-04-22,4467.853659057617
2026-04-23,4441.71161340332
2026-04-24,4533.235596496582
2026-04-27,4526.933630029297
2026-04-28,4490.997039196777
2026-04-29,4518.519140625001
2026-04-30,4553.856604406738
2026-05-06,4733.68740246582
2026-05-07,4721.376291333008
2026-05-08,4831.409912109375
2026-05-11,4841.342278271484
2026-05-12,4798.300927734374
2026-05-13,4848.125122924805
2026-05-14,4878.485657611084
2026-05-15,4821.947198657226
2026-05-18,4794.714697265625
2026-05-19,4775.3286706237795
2026-05-20,4844.45305859375
2026-05-21,4855.118713531494
2026-05-22,4869.973633728027
2026-05-25,4869.973633728027
2026-05-26,4950.240378662109
2026-05-27,4939.367820556641
2026-05-28,4981.599100585938
2026-05-29,4990.069196191406
2026-06-01,5019.120477905273
2026-06-02,5040.144107849121
2026-06-03,5032.176345117187
2026-06-04,5011.014959655762
2026-06-05,4764.84700567627
2026-06-08,4851.913991601562
2026-06-09,4788.3041811035155
2026-06-10,4694.244311798096
2026-06-11,4853.584273535156
2026-06-12,4872.7789647583
2026-06-15,5021.689480895996
2026-06-16,4925.666908190918
2026-06-17,4877.146010699463
2026-06-18,5007.457706469727
2026-06-22,4999.242357696533
2026-06-23,4845.683665771485
2026-06-24,4839.748538745117
2026-06-25,4869.664721191406
2026-06-26,4802.923092773438
2026-06-29,4919.1100041015625
2026-06-30,4996.547805651855
2026-07-01,4926.949897888184
2026-07-02,4837.5561942626955
2026-07-03,4837.5561942626955
2026-07-06,4912.140205773926
2026-07-07,4819.441712243653
2026-07-08,4839.570616607666
2026-07-09,4912.590286987304
2026-07-10,4916.4911321777345
2026-07-13,4825.241263793945
2026-07-14,4872.30131652832
2026-07-15,4857.807801904297
2026-07-16,4781.049260534668
2026-07-17,4711.556195800781
2026-07-20,4710.098791479492
2026-07-21,4796.607233789063
2026-07-22,4776.982709655762
2026-07-23,4684.63854475708
2026-07-24,4633.537004736328
2026-07-27,4615.019250964356
2026-07-28,4573.742723876953
2026-07-29,4477.331220849609
2026-07-30,4617.380167541503
2026-07-31,4644.551625073242
